--
-- TOC entry 3334 (class 0 OID 16556)
-- Dependencies: 210
-- Data for Name: users; Type: TABLE DATA; Schema: public; Owner: -
--

INSERT INTO users (id, sub, last_connected) VALUES (1, 'auth0|662dc5e995203229af749169', '2023-12-02 13:50:57');

--
-- TOC entry 3334 (class 0 OID 16556)
-- Dependencies: 210
-- Data for Name: kanji; Type: TABLE DATA; Schema: public; Owner: -
--

INSERT INTO kanji (id, time_stamp, "value", user_id) VALUES (9, '2020-04-13 10:07:37', '探', 1);
INSERT INTO kanji (id, time_stamp, "value", user_id) VALUES (10, '2020-04-13 10:12:02', '馬', 1);
INSERT INTO kanji (id, time_stamp, "value", user_id) VALUES (11, '2020-04-13 10:12:20', '感', 1);
INSERT INTO kanji (id, time_stamp, "value", user_id) VALUES (12, '2020-04-13 10:12:38', '洗', 1);
INSERT INTO kanji (id, time_stamp, "value", user_id) VALUES (13, '2020-04-13 10:12:57', '貯', 1);
INSERT INTO kanji (id, time_stamp, "value", user_id) VALUES (14, '2021-12-02 13:50:57', '金', 1);
INSERT INTO kanji (id, time_stamp, "value", user_id) VALUES (15, '2020-04-14 00:42:28', '理', 1);
INSERT INTO kanji (id, time_stamp, "value", user_id) VALUES (16, '2020-04-14 00:44:15', '高', 1);
INSERT INTO kanji (id, time_stamp, "value", user_id) VALUES (17, '2020-04-14 00:53:23', '台', 1);
INSERT INTO kanji (id, time_stamp, "value", user_id) VALUES (18, '2020-04-14 01:21:52', '君', 1);
INSERT INTO kanji (id, time_stamp, "value", user_id) VALUES (19, '2020-04-14 01:32:13', '朝', 1);
INSERT INTO kanji (id, time_stamp, "value", user_id) VALUES (20, '2020-04-14 01:35:24', '瞳', 1);
INSERT INTO kanji (id, time_stamp, "value", user_id) VALUES (21, '2020-04-14 01:39:23', '東', 1);
INSERT INTO kanji (id, time_stamp, "value", user_id) VALUES (22, '2020-04-14 01:41:18', '西', 1);
INSERT INTO kanji (id, time_stamp, "value", user_id) VALUES (23, '2020-04-14 11:05:54', '夜', 1);
INSERT INTO kanji (id, time_stamp, "value", user_id) VALUES (24, '2020-04-14 11:06:53', '家', 1);
INSERT INTO kanji (id, time_stamp, "value", user_id) VALUES (25, '2020-04-14 11:46:34', '族', 1);
INSERT INTO kanji (id, time_stamp, "value", user_id) VALUES (26, '2020-04-14 11:50:46', '食', 1);
INSERT INTO kanji (id, time_stamp, "value", user_id) VALUES (27, '2020-04-14 11:52:31', '円', 1);
INSERT INTO kanji (id, time_stamp, "value", user_id) VALUES (30, '2020-04-14 21:49:07', '郵', 1);
INSERT INTO kanji (id, time_stamp, "value", user_id) VALUES (31, '2020-04-14 21:49:08', '便', 1);
INSERT INTO kanji (id, time_stamp, "value", user_id) VALUES (32, '2020-04-14 21:49:08', '局', 1);
INSERT INTO kanji (id, time_stamp, "value", user_id) VALUES (35, '2020-04-14 23:42:29', '京', 1);
INSERT INTO kanji (id, time_stamp, "value", user_id) VALUES (37, '2020-04-14 23:43:41', '冒', 1);
INSERT INTO kanji (id, time_stamp, "value", user_id) VALUES (38, '2020-04-14 23:43:41', '険', 1);
INSERT INTO kanji (id, time_stamp, "value", user_id) VALUES (40, '2020-04-15 00:10:47', '天', 1);
INSERT INTO kanji (id, time_stamp, "value", user_id) VALUES (41, '2020-04-15 00:10:47', '然', 1);
INSERT INTO kanji (id, time_stamp, "value", user_id) VALUES (45, '2020-04-15 11:02:48', '大', 1);
INSERT INTO kanji (id, time_stamp, "value", user_id) VALUES (46, '2020-04-15 11:02:48', '阪', 1);
INSERT INTO kanji (id, time_stamp, "value", user_id) VALUES (48, '2020-04-15 11:04:52', '早', 1);
INSERT INTO kanji (id, time_stamp, "value", user_id) VALUES (49, '2020-04-15 11:04:52', '速', 1);
INSERT INTO kanji (id, time_stamp, "value", user_id) VALUES (51, '2020-04-15 11:22:19', '中', 1);
INSERT INTO kanji (id, time_stamp, "value", user_id) VALUES (52, '2020-04-15 11:22:19', '途', 1);
INSERT INTO kanji (id, time_stamp, "value", user_id) VALUES (53, '2020-04-15 11:22:19', '半', 1);
INSERT INTO kanji (id, time_stamp, "value", user_id) VALUES (54, '2020-04-15 11:22:19', '端', 1);
INSERT INTO kanji (id, time_stamp, "value", user_id) VALUES (56, '2020-04-15 14:21:22', '世', 1);
INSERT INTO kanji (id, time_stamp, "value", user_id) VALUES (57, '2020-04-15 14:21:22', '界', 1);
INSERT INTO kanji (id, time_stamp, "value", user_id) VALUES (59, '2020-04-15 14:31:20', '笑', 1);
INSERT INTO kanji (id, time_stamp, "value", user_id) VALUES (60, '2020-04-15 14:31:20', '顔', 1);
INSERT INTO kanji (id, time_stamp, "value", user_id) VALUES (62, '2020-04-15 14:34:37', '星', 1);
INSERT INTO kanji (id, time_stamp, "value", user_id) VALUES (63, '2020-04-15 14:34:37', '空', 1);
INSERT INTO kanji (id, time_stamp, "value", user_id) VALUES (65, '2020-04-15 15:44:53', '既', 1);
INSERT INTO kanji (id, time_stamp, "value", user_id) VALUES (67, '2020-04-15 20:38:50', '状', 1);
INSERT INTO kanji (id, time_stamp, "value", user_id) VALUES (68, '2020-04-15 20:38:50', '況', 1);
INSERT INTO kanji (id, time_stamp, "value", user_id) VALUES (70, '2020-04-15 22:25:38', '一', 1);
INSERT INTO kanji (id, time_stamp, "value", user_id) VALUES (71, '2020-04-15 22:25:38', '切', 1);
INSERT INTO kanji (id, time_stamp, "value", user_id) VALUES (72, '2020-04-15 22:25:38', '合', 1);
INSERT INTO kanji (id, time_stamp, "value", user_id) VALUES (73, '2020-04-15 22:25:38', '切', 1);
INSERT INTO kanji (id, time_stamp, "value", user_id) VALUES (75, '2020-04-15 22:29:12', '情', 1);
INSERT INTO kanji (id, time_stamp, "value", user_id) VALUES (76, '2020-04-15 22:29:12', '報', 1);
INSERT INTO kanji (id, time_stamp, "value", user_id) VALUES (78, '2020-04-15 22:30:00', '伝', 1);
INSERT INTO kanji (id, time_stamp, "value", user_id) VALUES (79, '2020-04-15 22:30:00', '達', 1);
INSERT INTO kanji (id, time_stamp, "value", user_id) VALUES (81, '2020-04-15 22:44:40', '名', 1);
INSERT INTO kanji (id, time_stamp, "value", user_id) VALUES (82, '2020-04-15 22:44:41', '前', 1);
INSERT INTO kanji (id, time_stamp, "value", user_id) VALUES (84, '2020-04-15 22:45:59', '学', 1);
INSERT INTO kanji (id, time_stamp, "value", user_id) VALUES (86, '2020-04-16 00:38:36', '吾', 1);
INSERT INTO kanji (id, time_stamp, "value", user_id) VALUES (87, '2020-04-16 00:38:36', '輩', 1);
INSERT INTO kanji (id, time_stamp, "value", user_id) VALUES (89, '2020-04-16 00:46:23', '太', 1);
INSERT INTO kanji (id, time_stamp, "value", user_id) VALUES (90, '2020-04-16 00:46:23', '陽', 1);
INSERT INTO kanji (id, time_stamp, "value", user_id) VALUES (92, '2020-04-17 23:23:26', '取', 1);
INSERT INTO kanji (id, time_stamp, "value", user_id) VALUES (93, '2020-04-17 23:23:26', '込', 1);
INSERT INTO kanji (id, time_stamp, "value", user_id) VALUES (95, '2020-04-17 23:24:18', '衣', 1);
INSERT INTO kanji (id, time_stamp, "value", user_id) VALUES (96, '2020-04-17 23:24:18', '装', 1);
INSERT INTO kanji (id, time_stamp, "value", user_id) VALUES (98, '2020-04-17 23:56:52', '強', 1);
INSERT INTO kanji (id, time_stamp, "value", user_id) VALUES (99, '2020-04-17 23:56:52', '奪', 1);
INSERT INTO kanji (id, time_stamp, "value", user_id) VALUES (101, '2020-04-18 00:00:30', '暗', 1);
INSERT INTO kanji (id, time_stamp, "value", user_id) VALUES (102, '2020-04-18 00:00:30', '礁', 1);
INSERT INTO kanji (id, time_stamp, "value", user_id) VALUES (104, '2020-04-18 00:03:49', '発', 1);
INSERT INTO kanji (id, time_stamp, "value", user_id) VALUES (105, '2020-04-18 00:03:49', '案', 1);
INSERT INTO kanji (id, time_stamp, "value", user_id) VALUES (107, '2020-04-18 00:05:13', '明', 1);
INSERT INTO kanji (id, time_stamp, "value", user_id) VALUES (109, '2020-04-18 00:08:12', '予', 1);
INSERT INTO kanji (id, time_stamp, "value", user_id) VALUES (111, '2020-04-18 00:11:01', '穏', 1);
INSERT INTO kanji (id, time_stamp, "value", user_id) VALUES (113, '2020-04-18 00:20:24', '貴', 1);
INSERT INTO kanji (id, time_stamp, "value", user_id) VALUES (114, '2020-04-18 00:20:24', '重', 1);
INSERT INTO kanji (id, time_stamp, "value", user_id) VALUES (115, '2020-04-18 00:20:24', '品', 1);
INSERT INTO kanji (id, time_stamp, "value", user_id) VALUES (117, '2020-04-18 00:27:39', '要', 1);
INSERT INTO kanji (id, time_stamp, "value", user_id) VALUES (118, '2020-04-18 00:27:39', '求', 1);
INSERT INTO kanji (id, time_stamp, "value", user_id) VALUES (120, '2020-04-18 00:30:35', '掃', 1);
INSERT INTO kanji (id, time_stamp, "value", user_id) VALUES (121, '2020-04-18 00:30:35', '除', 1);
INSERT INTO kanji (id, time_stamp, "value", user_id) VALUES (123, '2020-04-18 17:28:25', '温', 1);
INSERT INTO kanji (id, time_stamp, "value", user_id) VALUES (124, '2020-04-18 17:28:25', '泉', 1);
INSERT INTO kanji (id, time_stamp, "value", user_id) VALUES (126, '2020-04-18 22:58:45', '腑', 1);
INSERT INTO kanji (id, time_stamp, "value", user_id) VALUES (127, '2020-04-18 22:58:45', '落', 1);
INSERT INTO kanji (id, time_stamp, "value", user_id) VALUES (129, '2020-04-18 23:49:57', '等', 1);
INSERT INTO kanji (id, time_stamp, "value", user_id) VALUES (130, '2020-04-18 23:49:57', '価', 1);
INSERT INTO kanji (id, time_stamp, "value", user_id) VALUES (132, '2020-04-18 23:59:51', '替', 1);
INSERT INTO kanji (id, time_stamp, "value", user_id) VALUES (134, '2020-04-19 00:02:58', '授', 1);
INSERT INTO kanji (id, time_stamp, "value", user_id) VALUES (136, '2020-04-19 22:55:36', '納', 1);
INSERT INTO kanji (id, time_stamp, "value", user_id) VALUES (137, '2020-04-19 22:55:36', '得', 1);
INSERT INTO kanji (id, time_stamp, "value", user_id) VALUES (139, '2020-04-19 22:56:39', '共', 1);
INSERT INTO kanji (id, time_stamp, "value", user_id) VALUES (140, '2020-04-19 22:56:39', '犯', 1);
INSERT INTO kanji (id, time_stamp, "value", user_id) VALUES (142, '2020-04-19 23:07:13', '期', 1);
INSERT INTO kanji (id, time_stamp, "value", user_id) VALUES (143, '2020-04-19 23:07:13', '待', 1);
INSERT INTO kanji (id, time_stamp, "value", user_id) VALUES (145, '2020-04-19 23:10:40', '度', 1);
INSERT INTO kanji (id, time_stamp, "value", user_id) VALUES (147, '2020-04-19 23:41:28', '掘', 1);
INSERT INTO kanji (id, time_stamp, "value", user_id) VALUES (148, '2020-04-19 23:41:28', '起', 1);
INSERT INTO kanji (id, time_stamp, "value", user_id) VALUES (150, '2020-04-19 23:42:44', '面', 1);
INSERT INTO kanji (id, time_stamp, "value", user_id) VALUES (151, '2020-04-19 23:42:44', '倒', 1);
INSERT INTO kanji (id, time_stamp, "value", user_id) VALUES (153, '2020-04-19 23:56:39', '転', 1);
INSERT INTO kanji (id, time_stamp, "value", user_id) VALUES (156, '2020-04-21 23:57:31', '集', 1);
INSERT INTO kanji (id, time_stamp, "value", user_id) VALUES (158, '2020-04-22 00:09:03', '翌', 1);
INSERT INTO kanji (id, time_stamp, "value", user_id) VALUES (159, '2020-04-22 00:09:03', '日', 1);
INSERT INTO kanji (id, time_stamp, "value", user_id) VALUES (161, '2020-04-22 00:23:02', '痕', 1);
INSERT INTO kanji (id, time_stamp, "value", user_id) VALUES (162, '2020-04-22 00:23:02', '跡', 1);
INSERT INTO kanji (id, time_stamp, "value", user_id) VALUES (164, '2020-04-22 00:34:14', '見', 1);
INSERT INTO kanji (id, time_stamp, "value", user_id) VALUES (165, '2020-04-22 00:34:14', '逃', 1);
INSERT INTO kanji (id, time_stamp, "value", user_id) VALUES (167, '2020-04-25 23:06:38', '有', 1);
INSERT INTO kanji (id, time_stamp, "value", user_id) VALUES (168, '2020-04-25 23:06:38', '利', 1);
INSERT INTO kanji (id, time_stamp, "value", user_id) VALUES (170, '2020-04-25 23:18:31', '首', 1);
INSERT INTO kanji (id, time_stamp, "value", user_id) VALUES (171, '2020-04-25 23:18:31', '尾', 1);
INSERT INTO kanji (id, time_stamp, "value", user_id) VALUES (173, '2020-04-25 23:25:18', '童', 1);
INSERT INTO kanji (id, time_stamp, "value", user_id) VALUES (174, '2020-04-25 23:25:18', '話', 1);
INSERT INTO kanji (id, time_stamp, "value", user_id) VALUES (176, '2020-04-26 00:04:18', '振', 1);
INSERT INTO kanji (id, time_stamp, "value", user_id) VALUES (177, '2020-04-26 00:04:18', '動', 1);
INSERT INTO kanji (id, time_stamp, "value", user_id) VALUES (179, '2020-04-26 00:17:14', '監', 1);
INSERT INTO kanji (id, time_stamp, "value", user_id) VALUES (180, '2020-04-26 00:17:14', '視', 1);
INSERT INTO kanji (id, time_stamp, "value", user_id) VALUES (181, '2020-04-26 00:17:14', '役', 1);
INSERT INTO kanji (id, time_stamp, "value", user_id) VALUES (183, '2020-04-26 21:32:49', '胸', 1);
INSERT INTO kanji (id, time_stamp, "value", user_id) VALUES (185, '2020-04-26 21:57:23', '定', 1);
INSERT INTO kanji (id, time_stamp, "value", user_id) VALUES (186, '2020-04-26 21:57:23', '義', 1);
INSERT INTO kanji (id, time_stamp, "value", user_id) VALUES (188, '2020-04-27 22:56:16', '口', 1);
INSERT INTO kanji (id, time_stamp, "value", user_id) VALUES (189, '2020-04-27 22:56:16', '当', 1);
INSERT INTO kanji (id, time_stamp, "value", user_id) VALUES (191, '2020-04-27 23:04:38', '濃', 1);
INSERT INTO kanji (id, time_stamp, "value", user_id) VALUES (193, '2021-11-17 21:59:39', '業', 1);


--
-- TOC entry 3335 (class 0 OID 16561)
-- Dependencies: 211
-- Data for Name: kanji_kun_yomi; Type: TABLE DATA; Schema: public; Owner: -
--

INSERT INTO kanji_kun_yomi (kanji_id, kun_yomi) VALUES (9, 'さぐ.る');
INSERT INTO kanji_kun_yomi (kanji_id, kun_yomi) VALUES (9, 'さが.す');
INSERT INTO kanji_kun_yomi (kanji_id, kun_yomi) VALUES (10, 'うま');
INSERT INTO kanji_kun_yomi (kanji_id, kun_yomi) VALUES (10, 'うま-');
INSERT INTO kanji_kun_yomi (kanji_id, kun_yomi) VALUES (10, 'ま');
INSERT INTO kanji_kun_yomi (kanji_id, kun_yomi) VALUES (12, 'あら.う');
INSERT INTO kanji_kun_yomi (kanji_id, kun_yomi) VALUES (13, 'た.める');
INSERT INTO kanji_kun_yomi (kanji_id, kun_yomi) VALUES (13, 'たくわ.える');
INSERT INTO kanji_kun_yomi (kanji_id, kun_yomi) VALUES (14, 'かね');
INSERT INTO kanji_kun_yomi (kanji_id, kun_yomi) VALUES (14, 'かな-');
INSERT INTO kanji_kun_yomi (kanji_id, kun_yomi) VALUES (14, '-がね');
INSERT INTO kanji_kun_yomi (kanji_id, kun_yomi) VALUES (15, 'ことわり');
INSERT INTO kanji_kun_yomi (kanji_id, kun_yomi) VALUES (16, 'たか.い');
INSERT INTO kanji_kun_yomi (kanji_id, kun_yomi) VALUES (16, 'たか');
INSERT INTO kanji_kun_yomi (kanji_id, kun_yomi) VALUES (16, '-だか');
INSERT INTO kanji_kun_yomi (kanji_id, kun_yomi) VALUES (16, 'たか.まる');
INSERT INTO kanji_kun_yomi (kanji_id, kun_yomi) VALUES (16, 'たか.める');
INSERT INTO kanji_kun_yomi (kanji_id, kun_yomi) VALUES (17, 'うてな');
INSERT INTO kanji_kun_yomi (kanji_id, kun_yomi) VALUES (17, 'われ');
INSERT INTO kanji_kun_yomi (kanji_id, kun_yomi) VALUES (17, 'つかさ');
INSERT INTO kanji_kun_yomi (kanji_id, kun_yomi) VALUES (18, 'きみ');
INSERT INTO kanji_kun_yomi (kanji_id, kun_yomi) VALUES (18, '-ぎみ');
INSERT INTO kanji_kun_yomi (kanji_id, kun_yomi) VALUES (19, 'あさ');
INSERT INTO kanji_kun_yomi (kanji_id, kun_yomi) VALUES (20, 'ひとみ');
INSERT INTO kanji_kun_yomi (kanji_id, kun_yomi) VALUES (21, 'ひがし');
INSERT INTO kanji_kun_yomi (kanji_id, kun_yomi) VALUES (22, 'にし');
INSERT INTO kanji_kun_yomi (kanji_id, kun_yomi) VALUES (23, 'よ');
INSERT INTO kanji_kun_yomi (kanji_id, kun_yomi) VALUES (23, 'よる');
INSERT INTO kanji_kun_yomi (kanji_id, kun_yomi) VALUES (24, 'いえ');
INSERT INTO kanji_kun_yomi (kanji_id, kun_yomi) VALUES (24, 'や');
INSERT INTO kanji_kun_yomi (kanji_id, kun_yomi) VALUES (24, 'うち');
INSERT INTO kanji_kun_yomi (kanji_id, kun_yomi) VALUES (26, 'く（う）');
INSERT INTO kanji_kun_yomi (kanji_id, kun_yomi) VALUES (26, 'た（べる）');
INSERT INTO kanji_kun_yomi (kanji_id, kun_yomi) VALUES (27, 'まる.い');
INSERT INTO kanji_kun_yomi (kanji_id, kun_yomi) VALUES (27, 'まる');
INSERT INTO kanji_kun_yomi (kanji_id, kun_yomi) VALUES (27, 'まど');
INSERT INTO kanji_kun_yomi (kanji_id, kun_yomi) VALUES (27, 'まど.か');
INSERT INTO kanji_kun_yomi (kanji_id, kun_yomi) VALUES (27, 'まろ.やか');
INSERT INTO kanji_kun_yomi (kanji_id, kun_yomi) VALUES (31, 'たよ.り');
INSERT INTO kanji_kun_yomi (kanji_id, kun_yomi) VALUES (32, 'つぼね');
INSERT INTO kanji_kun_yomi (kanji_id, kun_yomi) VALUES (35, 'みやこ');
INSERT INTO kanji_kun_yomi (kanji_id, kun_yomi) VALUES (37, 'おか.す');
INSERT INTO kanji_kun_yomi (kanji_id, kun_yomi) VALUES (38, 'けわ.しい');
INSERT INTO kanji_kun_yomi (kanji_id, kun_yomi) VALUES (40, 'あまつ');
INSERT INTO kanji_kun_yomi (kanji_id, kun_yomi) VALUES (40, 'あめ');
INSERT INTO kanji_kun_yomi (kanji_id, kun_yomi) VALUES (40, 'あま-');
INSERT INTO kanji_kun_yomi (kanji_id, kun_yomi) VALUES (41, 'しか');
INSERT INTO kanji_kun_yomi (kanji_id, kun_yomi) VALUES (41, 'しか.り');
INSERT INTO kanji_kun_yomi (kanji_id, kun_yomi) VALUES (41, 'しか.し');
INSERT INTO kanji_kun_yomi (kanji_id, kun_yomi) VALUES (41, 'さ');
INSERT INTO kanji_kun_yomi (kanji_id, kun_yomi) VALUES (45, 'おお-');
INSERT INTO kanji_kun_yomi (kanji_id, kun_yomi) VALUES (45, 'おお.きい');
INSERT INTO kanji_kun_yomi (kanji_id, kun_yomi) VALUES (45, '-おお.いに');
INSERT INTO kanji_kun_yomi (kanji_id, kun_yomi) VALUES (46, 'さか');
INSERT INTO kanji_kun_yomi (kanji_id, kun_yomi) VALUES (48, 'はや.い');
INSERT INTO kanji_kun_yomi (kanji_id, kun_yomi) VALUES (48, 'はや');
INSERT INTO kanji_kun_yomi (kanji_id, kun_yomi) VALUES (48, 'はや-');
INSERT INTO kanji_kun_yomi (kanji_id, kun_yomi) VALUES (48, 'はや.まる');
INSERT INTO kanji_kun_yomi (kanji_id, kun_yomi) VALUES (48, 'はや.める');
INSERT INTO kanji_kun_yomi (kanji_id, kun_yomi) VALUES (48, 'さ-');
INSERT INTO kanji_kun_yomi (kanji_id, kun_yomi) VALUES (49, 'はや.い');
INSERT INTO kanji_kun_yomi (kanji_id, kun_yomi) VALUES (49, 'はや-');
INSERT INTO kanji_kun_yomi (kanji_id, kun_yomi) VALUES (49, 'はや.める');
INSERT INTO kanji_kun_yomi (kanji_id, kun_yomi) VALUES (49, 'すみ.やか');
INSERT INTO kanji_kun_yomi (kanji_id, kun_yomi) VALUES (51, 'なか');
INSERT INTO kanji_kun_yomi (kanji_id, kun_yomi) VALUES (51, 'うち');
INSERT INTO kanji_kun_yomi (kanji_id, kun_yomi) VALUES (51, 'あた.る');
INSERT INTO kanji_kun_yomi (kanji_id, kun_yomi) VALUES (52, 'みち');
INSERT INTO kanji_kun_yomi (kanji_id, kun_yomi) VALUES (53, 'なか.ば');
INSERT INTO kanji_kun_yomi (kanji_id, kun_yomi) VALUES (54, 'はし');
INSERT INTO kanji_kun_yomi (kanji_id, kun_yomi) VALUES (54, 'は');
INSERT INTO kanji_kun_yomi (kanji_id, kun_yomi) VALUES (54, 'はた');
INSERT INTO kanji_kun_yomi (kanji_id, kun_yomi) VALUES (54, '-ばた');
INSERT INTO kanji_kun_yomi (kanji_id, kun_yomi) VALUES (54, 'はな');
INSERT INTO kanji_kun_yomi (kanji_id, kun_yomi) VALUES (56, 'よ');
INSERT INTO kanji_kun_yomi (kanji_id, kun_yomi) VALUES (59, 'わら.う');
INSERT INTO kanji_kun_yomi (kanji_id, kun_yomi) VALUES (59, 'え.む');
INSERT INTO kanji_kun_yomi (kanji_id, kun_yomi) VALUES (60, 'かお');
INSERT INTO kanji_kun_yomi (kanji_id, kun_yomi) VALUES (62, 'ほし');
INSERT INTO kanji_kun_yomi (kanji_id, kun_yomi) VALUES (62, '-ぼし');
INSERT INTO kanji_kun_yomi (kanji_id, kun_yomi) VALUES (63, 'そら');
INSERT INTO kanji_kun_yomi (kanji_id, kun_yomi) VALUES (63, 'あ.く');
INSERT INTO kanji_kun_yomi (kanji_id, kun_yomi) VALUES (63, 'あ.き');
INSERT INTO kanji_kun_yomi (kanji_id, kun_yomi) VALUES (63, 'あ.ける');
INSERT INTO kanji_kun_yomi (kanji_id, kun_yomi) VALUES (63, 'から');
INSERT INTO kanji_kun_yomi (kanji_id, kun_yomi) VALUES (63, 'す.く');
INSERT INTO kanji_kun_yomi (kanji_id, kun_yomi) VALUES (63, 'す.かす');
INSERT INTO kanji_kun_yomi (kanji_id, kun_yomi) VALUES (63, 'むな.しい');
INSERT INTO kanji_kun_yomi (kanji_id, kun_yomi) VALUES (65, 'すで.に');
INSERT INTO kanji_kun_yomi (kanji_id, kun_yomi) VALUES (68, 'まし.て');
INSERT INTO kanji_kun_yomi (kanji_id, kun_yomi) VALUES (68, 'いわ.んや');
INSERT INTO kanji_kun_yomi (kanji_id, kun_yomi) VALUES (68, 'おもむき');
INSERT INTO kanji_kun_yomi (kanji_id, kun_yomi) VALUES (70, 'ひと-');
INSERT INTO kanji_kun_yomi (kanji_id, kun_yomi) VALUES (70, 'ひと.つ');
INSERT INTO kanji_kun_yomi (kanji_id, kun_yomi) VALUES (71, 'き.る');
INSERT INTO kanji_kun_yomi (kanji_id, kun_yomi) VALUES (71, '-き.る');
INSERT INTO kanji_kun_yomi (kanji_id, kun_yomi) VALUES (71, 'き.り');
INSERT INTO kanji_kun_yomi (kanji_id, kun_yomi) VALUES (71, '-き.り');
INSERT INTO kanji_kun_yomi (kanji_id, kun_yomi) VALUES (71, '-ぎ.り');
INSERT INTO kanji_kun_yomi (kanji_id, kun_yomi) VALUES (71, 'き.れる');
INSERT INTO kanji_kun_yomi (kanji_id, kun_yomi) VALUES (71, '-き.れる');
INSERT INTO kanji_kun_yomi (kanji_id, kun_yomi) VALUES (71, 'き.れ');
INSERT INTO kanji_kun_yomi (kanji_id, kun_yomi) VALUES (71, '-き.れ');
INSERT INTO kanji_kun_yomi (kanji_id, kun_yomi) VALUES (71, '-ぎ.れ');
INSERT INTO kanji_kun_yomi (kanji_id, kun_yomi) VALUES (72, 'あ.う');
INSERT INTO kanji_kun_yomi (kanji_id, kun_yomi) VALUES (72, '-あ.う');
INSERT INTO kanji_kun_yomi (kanji_id, kun_yomi) VALUES (72, 'あ.い');
INSERT INTO kanji_kun_yomi (kanji_id, kun_yomi) VALUES (72, 'あい-');
INSERT INTO kanji_kun_yomi (kanji_id, kun_yomi) VALUES (72, '-あ.い');
INSERT INTO kanji_kun_yomi (kanji_id, kun_yomi) VALUES (72, '-あい');
INSERT INTO kanji_kun_yomi (kanji_id, kun_yomi) VALUES (72, 'あ.わす');
INSERT INTO kanji_kun_yomi (kanji_id, kun_yomi) VALUES (72, 'あ.わせる');
INSERT INTO kanji_kun_yomi (kanji_id, kun_yomi) VALUES (72, '-あ.わせる');
INSERT INTO kanji_kun_yomi (kanji_id, kun_yomi) VALUES (73, 'き.る');
INSERT INTO kanji_kun_yomi (kanji_id, kun_yomi) VALUES (73, '-き.る');
INSERT INTO kanji_kun_yomi (kanji_id, kun_yomi) VALUES (73, 'き.り');
INSERT INTO kanji_kun_yomi (kanji_id, kun_yomi) VALUES (73, '-き.り');
INSERT INTO kanji_kun_yomi (kanji_id, kun_yomi) VALUES (73, '-ぎ.り');
INSERT INTO kanji_kun_yomi (kanji_id, kun_yomi) VALUES (73, 'き.れる');
INSERT INTO kanji_kun_yomi (kanji_id, kun_yomi) VALUES (73, '-き.れる');
INSERT INTO kanji_kun_yomi (kanji_id, kun_yomi) VALUES (73, 'き.れ');
INSERT INTO kanji_kun_yomi (kanji_id, kun_yomi) VALUES (73, '-き.れ');
INSERT INTO kanji_kun_yomi (kanji_id, kun_yomi) VALUES (73, '-ぎ.れ');
INSERT INTO kanji_kun_yomi (kanji_id, kun_yomi) VALUES (75, 'なさ.け');
INSERT INTO kanji_kun_yomi (kanji_id, kun_yomi) VALUES (76, 'むく.いる');
INSERT INTO kanji_kun_yomi (kanji_id, kun_yomi) VALUES (78, 'つた.わる');
INSERT INTO kanji_kun_yomi (kanji_id, kun_yomi) VALUES (78, 'つた.える');
INSERT INTO kanji_kun_yomi (kanji_id, kun_yomi) VALUES (78, 'つた.う');
INSERT INTO kanji_kun_yomi (kanji_id, kun_yomi) VALUES (78, 'つだ.う');
INSERT INTO kanji_kun_yomi (kanji_id, kun_yomi) VALUES (78, '-づた.い');
INSERT INTO kanji_kun_yomi (kanji_id, kun_yomi) VALUES (78, 'つて');
INSERT INTO kanji_kun_yomi (kanji_id, kun_yomi) VALUES (79, '-たち');
INSERT INTO kanji_kun_yomi (kanji_id, kun_yomi) VALUES (81, 'な');
INSERT INTO kanji_kun_yomi (kanji_id, kun_yomi) VALUES (81, '-な');
INSERT INTO kanji_kun_yomi (kanji_id, kun_yomi) VALUES (82, 'まえ');
INSERT INTO kanji_kun_yomi (kanji_id, kun_yomi) VALUES (82, '-まえ');
INSERT INTO kanji_kun_yomi (kanji_id, kun_yomi) VALUES (84, 'まな.ぶ');
INSERT INTO kanji_kun_yomi (kanji_id, kun_yomi) VALUES (86, 'われ');
INSERT INTO kanji_kun_yomi (kanji_id, kun_yomi) VALUES (86, 'わが-');
INSERT INTO kanji_kun_yomi (kanji_id, kun_yomi) VALUES (86, 'あ-');
INSERT INTO kanji_kun_yomi (kanji_id, kun_yomi) VALUES (87, '-ばら');
INSERT INTO kanji_kun_yomi (kanji_id, kun_yomi) VALUES (87, 'やから');
INSERT INTO kanji_kun_yomi (kanji_id, kun_yomi) VALUES (87, 'やかい');
INSERT INTO kanji_kun_yomi (kanji_id, kun_yomi) VALUES (87, 'ともがら');
INSERT INTO kanji_kun_yomi (kanji_id, kun_yomi) VALUES (89, 'ふと.い');
INSERT INTO kanji_kun_yomi (kanji_id, kun_yomi) VALUES (89, 'ふと.る');
INSERT INTO kanji_kun_yomi (kanji_id, kun_yomi) VALUES (90, 'ひ');
INSERT INTO kanji_kun_yomi (kanji_id, kun_yomi) VALUES (92, 'と.る');
INSERT INTO kanji_kun_yomi (kanji_id, kun_yomi) VALUES (92, 'と.り');
INSERT INTO kanji_kun_yomi (kanji_id, kun_yomi) VALUES (92, 'と.り-');
INSERT INTO kanji_kun_yomi (kanji_id, kun_yomi) VALUES (92, 'とり');
INSERT INTO kanji_kun_yomi (kanji_id, kun_yomi) VALUES (92, '-ど.り');
INSERT INTO kanji_kun_yomi (kanji_id, kun_yomi) VALUES (93, '-こ.む');
INSERT INTO kanji_kun_yomi (kanji_id, kun_yomi) VALUES (93, 'こ.む');
INSERT INTO kanji_kun_yomi (kanji_id, kun_yomi) VALUES (93, 'こ.み');
INSERT INTO kanji_kun_yomi (kanji_id, kun_yomi) VALUES (93, '-こ.み');
INSERT INTO kanji_kun_yomi (kanji_id, kun_yomi) VALUES (93, 'こ.める');
INSERT INTO kanji_kun_yomi (kanji_id, kun_yomi) VALUES (95, 'ころも');
INSERT INTO kanji_kun_yomi (kanji_id, kun_yomi) VALUES (95, 'きぬ');
INSERT INTO kanji_kun_yomi (kanji_id, kun_yomi) VALUES (95, '-ぎ');
INSERT INTO kanji_kun_yomi (kanji_id, kun_yomi) VALUES (96, 'よそお.う');
INSERT INTO kanji_kun_yomi (kanji_id, kun_yomi) VALUES (96, 'よそお.い');
INSERT INTO kanji_kun_yomi (kanji_id, kun_yomi) VALUES (98, 'つよ.い');
INSERT INTO kanji_kun_yomi (kanji_id, kun_yomi) VALUES (98, 'つよ.まる');
INSERT INTO kanji_kun_yomi (kanji_id, kun_yomi) VALUES (98, 'つよ.める');
INSERT INTO kanji_kun_yomi (kanji_id, kun_yomi) VALUES (98, 'し.いる');
INSERT INTO kanji_kun_yomi (kanji_id, kun_yomi) VALUES (98, 'こわ.い');
INSERT INTO kanji_kun_yomi (kanji_id, kun_yomi) VALUES (99, 'うば.う');
INSERT INTO kanji_kun_yomi (kanji_id, kun_yomi) VALUES (101, 'くら.い');
INSERT INTO kanji_kun_yomi (kanji_id, kun_yomi) VALUES (101, 'くら.む');
INSERT INTO kanji_kun_yomi (kanji_id, kun_yomi) VALUES (101, 'くれ.る');
INSERT INTO kanji_kun_yomi (kanji_id, kun_yomi) VALUES (104, 'た.つ');
INSERT INTO kanji_kun_yomi (kanji_id, kun_yomi) VALUES (104, 'あば.く');
INSERT INTO kanji_kun_yomi (kanji_id, kun_yomi) VALUES (104, 'おこ.る');
INSERT INTO kanji_kun_yomi (kanji_id, kun_yomi) VALUES (104, 'つか.わす');
INSERT INTO kanji_kun_yomi (kanji_id, kun_yomi) VALUES (104, 'はな.つ');
INSERT INTO kanji_kun_yomi (kanji_id, kun_yomi) VALUES (105, 'つくえ');
INSERT INTO kanji_kun_yomi (kanji_id, kun_yomi) VALUES (107, 'あ.かり');
INSERT INTO kanji_kun_yomi (kanji_id, kun_yomi) VALUES (107, 'あか.るい');
INSERT INTO kanji_kun_yomi (kanji_id, kun_yomi) VALUES (107, 'あか.るむ');
INSERT INTO kanji_kun_yomi (kanji_id, kun_yomi) VALUES (107, 'あか.らむ');
INSERT INTO kanji_kun_yomi (kanji_id, kun_yomi) VALUES (107, 'あき.らか');
INSERT INTO kanji_kun_yomi (kanji_id, kun_yomi) VALUES (107, 'あ.ける');
INSERT INTO kanji_kun_yomi (kanji_id, kun_yomi) VALUES (107, '-あ.け');
INSERT INTO kanji_kun_yomi (kanji_id, kun_yomi) VALUES (107, 'あ.く');
INSERT INTO kanji_kun_yomi (kanji_id, kun_yomi) VALUES (107, 'あ.くる');
INSERT INTO kanji_kun_yomi (kanji_id, kun_yomi) VALUES (107, 'あ.かす');
INSERT INTO kanji_kun_yomi (kanji_id, kun_yomi) VALUES (109, 'あらかじ.め');
INSERT INTO kanji_kun_yomi (kanji_id, kun_yomi) VALUES (111, 'おだ.やか');
INSERT INTO kanji_kun_yomi (kanji_id, kun_yomi) VALUES (113, 'たっと.い');
INSERT INTO kanji_kun_yomi (kanji_id, kun_yomi) VALUES (113, 'とうと.い');
INSERT INTO kanji_kun_yomi (kanji_id, kun_yomi) VALUES (113, 'たっと.ぶ');
INSERT INTO kanji_kun_yomi (kanji_id, kun_yomi) VALUES (113, 'とうと.ぶ');
INSERT INTO kanji_kun_yomi (kanji_id, kun_yomi) VALUES (114, 'え');
INSERT INTO kanji_kun_yomi (kanji_id, kun_yomi) VALUES (114, 'おも.い');
INSERT INTO kanji_kun_yomi (kanji_id, kun_yomi) VALUES (114, 'おも.り');
INSERT INTO kanji_kun_yomi (kanji_id, kun_yomi) VALUES (114, 'おも.なう');
INSERT INTO kanji_kun_yomi (kanji_id, kun_yomi) VALUES (114, 'かさ.ねる');
INSERT INTO kanji_kun_yomi (kanji_id, kun_yomi) VALUES (114, 'かさ.なる');
INSERT INTO kanji_kun_yomi (kanji_id, kun_yomi) VALUES (114, 'おも');
INSERT INTO kanji_kun_yomi (kanji_id, kun_yomi) VALUES (115, 'しな');
INSERT INTO kanji_kun_yomi (kanji_id, kun_yomi) VALUES (117, 'い.る');
INSERT INTO kanji_kun_yomi (kanji_id, kun_yomi) VALUES (117, 'かなめ');
INSERT INTO kanji_kun_yomi (kanji_id, kun_yomi) VALUES (118, 'もと.める');
INSERT INTO kanji_kun_yomi (kanji_id, kun_yomi) VALUES (120, 'は.く');
INSERT INTO kanji_kun_yomi (kanji_id, kun_yomi) VALUES (121, 'のぞ.く');
INSERT INTO kanji_kun_yomi (kanji_id, kun_yomi) VALUES (121, '-よ.け');
INSERT INTO kanji_kun_yomi (kanji_id, kun_yomi) VALUES (123, 'あたた.か');
INSERT INTO kanji_kun_yomi (kanji_id, kun_yomi) VALUES (123, 'あたた.かい');
INSERT INTO kanji_kun_yomi (kanji_id, kun_yomi) VALUES (123, 'あたた.まる');
INSERT INTO kanji_kun_yomi (kanji_id, kun_yomi) VALUES (123, 'あたた.める');
INSERT INTO kanji_kun_yomi (kanji_id, kun_yomi) VALUES (123, 'ぬく');
INSERT INTO kanji_kun_yomi (kanji_id, kun_yomi) VALUES (124, 'いずみ');
INSERT INTO kanji_kun_yomi (kanji_id, kun_yomi) VALUES (126, 'はらわた');
INSERT INTO kanji_kun_yomi (kanji_id, kun_yomi) VALUES (127, 'お.ちる');
INSERT INTO kanji_kun_yomi (kanji_id, kun_yomi) VALUES (127, 'お.ち');
INSERT INTO kanji_kun_yomi (kanji_id, kun_yomi) VALUES (127, 'お.とす');
INSERT INTO kanji_kun_yomi (kanji_id, kun_yomi) VALUES (129, 'ひと.しい');
INSERT INTO kanji_kun_yomi (kanji_id, kun_yomi) VALUES (129, 'など');
INSERT INTO kanji_kun_yomi (kanji_id, kun_yomi) VALUES (129, '-ら');
INSERT INTO kanji_kun_yomi (kanji_id, kun_yomi) VALUES (130, 'あたい');
INSERT INTO kanji_kun_yomi (kanji_id, kun_yomi) VALUES (132, 'か.える');
INSERT INTO kanji_kun_yomi (kanji_id, kun_yomi) VALUES (132, 'か.え-');
INSERT INTO kanji_kun_yomi (kanji_id, kun_yomi) VALUES (132, 'か.わる');
INSERT INTO kanji_kun_yomi (kanji_id, kun_yomi) VALUES (134, 'さず.ける');
INSERT INTO kanji_kun_yomi (kanji_id, kun_yomi) VALUES (134, 'さず.かる');
INSERT INTO kanji_kun_yomi (kanji_id, kun_yomi) VALUES (136, 'おさ.める');
INSERT INTO kanji_kun_yomi (kanji_id, kun_yomi) VALUES (136, '-おさ.める');
INSERT INTO kanji_kun_yomi (kanji_id, kun_yomi) VALUES (136, 'おさ.まる');
INSERT INTO kanji_kun_yomi (kanji_id, kun_yomi) VALUES (137, 'え.る');
INSERT INTO kanji_kun_yomi (kanji_id, kun_yomi) VALUES (137, 'う.る');
INSERT INTO kanji_kun_yomi (kanji_id, kun_yomi) VALUES (139, 'とも');
INSERT INTO kanji_kun_yomi (kanji_id, kun_yomi) VALUES (139, 'とも.に');
INSERT INTO kanji_kun_yomi (kanji_id, kun_yomi) VALUES (139, '-ども');
INSERT INTO kanji_kun_yomi (kanji_id, kun_yomi) VALUES (140, 'おか.す');
INSERT INTO kanji_kun_yomi (kanji_id, kun_yomi) VALUES (143, 'ま.つ');
INSERT INTO kanji_kun_yomi (kanji_id, kun_yomi) VALUES (143, '-ま.ち');
INSERT INTO kanji_kun_yomi (kanji_id, kun_yomi) VALUES (145, 'たび');
INSERT INTO kanji_kun_yomi (kanji_id, kun_yomi) VALUES (145, '-た.い');
INSERT INTO kanji_kun_yomi (kanji_id, kun_yomi) VALUES (147, 'ほ.る');
INSERT INTO kanji_kun_yomi (kanji_id, kun_yomi) VALUES (148, 'お.きる');
INSERT INTO kanji_kun_yomi (kanji_id, kun_yomi) VALUES (148, 'お.こる');
INSERT INTO kanji_kun_yomi (kanji_id, kun_yomi) VALUES (148, 'お.こす');
INSERT INTO kanji_kun_yomi (kanji_id, kun_yomi) VALUES (148, 'おこ.す');
INSERT INTO kanji_kun_yomi (kanji_id, kun_yomi) VALUES (148, 'た.つ');
INSERT INTO kanji_kun_yomi (kanji_id, kun_yomi) VALUES (150, 'おも');
INSERT INTO kanji_kun_yomi (kanji_id, kun_yomi) VALUES (150, 'おもて');
INSERT INTO kanji_kun_yomi (kanji_id, kun_yomi) VALUES (150, 'つら');
INSERT INTO kanji_kun_yomi (kanji_id, kun_yomi) VALUES (151, 'たお.れる');
INSERT INTO kanji_kun_yomi (kanji_id, kun_yomi) VALUES (151, '-だお.れ');
INSERT INTO kanji_kun_yomi (kanji_id, kun_yomi) VALUES (151, 'たお.す');
INSERT INTO kanji_kun_yomi (kanji_id, kun_yomi) VALUES (151, 'さかさま');
INSERT INTO kanji_kun_yomi (kanji_id, kun_yomi) VALUES (151, 'さかさ');
INSERT INTO kanji_kun_yomi (kanji_id, kun_yomi) VALUES (151, 'さかしま');
INSERT INTO kanji_kun_yomi (kanji_id, kun_yomi) VALUES (153, 'ころ.がる');
INSERT INTO kanji_kun_yomi (kanji_id, kun_yomi) VALUES (153, 'ころ.げる');
INSERT INTO kanji_kun_yomi (kanji_id, kun_yomi) VALUES (153, 'ころ.がす');
INSERT INTO kanji_kun_yomi (kanji_id, kun_yomi) VALUES (153, 'ころ.ぶ');
INSERT INTO kanji_kun_yomi (kanji_id, kun_yomi) VALUES (153, 'まろ.ぶ');
INSERT INTO kanji_kun_yomi (kanji_id, kun_yomi) VALUES (153, 'うたた');
INSERT INTO kanji_kun_yomi (kanji_id, kun_yomi) VALUES (153, 'うつ.る');
INSERT INTO kanji_kun_yomi (kanji_id, kun_yomi) VALUES (153, 'くる.めく');
INSERT INTO kanji_kun_yomi (kanji_id, kun_yomi) VALUES (156, 'あつ.まる');
INSERT INTO kanji_kun_yomi (kanji_id, kun_yomi) VALUES (156, 'あつ.める');
INSERT INTO kanji_kun_yomi (kanji_id, kun_yomi) VALUES (156, 'つど.う');
INSERT INTO kanji_kun_yomi (kanji_id, kun_yomi) VALUES (159, 'ひ');
INSERT INTO kanji_kun_yomi (kanji_id, kun_yomi) VALUES (159, '-び');
INSERT INTO kanji_kun_yomi (kanji_id, kun_yomi) VALUES (159, '-か');
INSERT INTO kanji_kun_yomi (kanji_id, kun_yomi) VALUES (161, 'あと');
INSERT INTO kanji_kun_yomi (kanji_id, kun_yomi) VALUES (162, 'あと');
INSERT INTO kanji_kun_yomi (kanji_id, kun_yomi) VALUES (164, 'み.る');
INSERT INTO kanji_kun_yomi (kanji_id, kun_yomi) VALUES (164, 'み.える');
INSERT INTO kanji_kun_yomi (kanji_id, kun_yomi) VALUES (164, 'み.せる');
INSERT INTO kanji_kun_yomi (kanji_id, kun_yomi) VALUES (165, 'に.げる');
INSERT INTO kanji_kun_yomi (kanji_id, kun_yomi) VALUES (165, 'に.がす');
INSERT INTO kanji_kun_yomi (kanji_id, kun_yomi) VALUES (165, 'のが.す');
INSERT INTO kanji_kun_yomi (kanji_id, kun_yomi) VALUES (165, 'のが.れる');
INSERT INTO kanji_kun_yomi (kanji_id, kun_yomi) VALUES (167, 'あ.る');
INSERT INTO kanji_kun_yomi (kanji_id, kun_yomi) VALUES (168, 'き.く');
INSERT INTO kanji_kun_yomi (kanji_id, kun_yomi) VALUES (170, 'くび');
INSERT INTO kanji_kun_yomi (kanji_id, kun_yomi) VALUES (171, 'お');
INSERT INTO kanji_kun_yomi (kanji_id, kun_yomi) VALUES (173, 'わらべ');
INSERT INTO kanji_kun_yomi (kanji_id, kun_yomi) VALUES (174, 'はな.す');
INSERT INTO kanji_kun_yomi (kanji_id, kun_yomi) VALUES (174, 'はなし');
INSERT INTO kanji_kun_yomi (kanji_id, kun_yomi) VALUES (176, 'ふ.る');
INSERT INTO kanji_kun_yomi (kanji_id, kun_yomi) VALUES (176, 'ぶ.る');
INSERT INTO kanji_kun_yomi (kanji_id, kun_yomi) VALUES (176, 'ふ.り');
INSERT INTO kanji_kun_yomi (kanji_id, kun_yomi) VALUES (176, '-ぶ.り');
INSERT INTO kanji_kun_yomi (kanji_id, kun_yomi) VALUES (176, 'ふ.るう');
INSERT INTO kanji_kun_yomi (kanji_id, kun_yomi) VALUES (177, 'うご.く');
INSERT INTO kanji_kun_yomi (kanji_id, kun_yomi) VALUES (177, 'うご.かす');
INSERT INTO kanji_kun_yomi (kanji_id, kun_yomi) VALUES (180, 'み.る');
INSERT INTO kanji_kun_yomi (kanji_id, kun_yomi) VALUES (183, 'むね');
INSERT INTO kanji_kun_yomi (kanji_id, kun_yomi) VALUES (183, 'むな-');
INSERT INTO kanji_kun_yomi (kanji_id, kun_yomi) VALUES (185, 'さだ.める');
INSERT INTO kanji_kun_yomi (kanji_id, kun_yomi) VALUES (185, 'さだ.まる');
INSERT INTO kanji_kun_yomi (kanji_id, kun_yomi) VALUES (185, 'さだ.か');
INSERT INTO kanji_kun_yomi (kanji_id, kun_yomi) VALUES (188, 'くち');
INSERT INTO kanji_kun_yomi (kanji_id, kun_yomi) VALUES (189, 'あ.たる');
INSERT INTO kanji_kun_yomi (kanji_id, kun_yomi) VALUES (189, 'あ.たり');
INSERT INTO kanji_kun_yomi (kanji_id, kun_yomi) VALUES (189, 'あ.てる');
INSERT INTO kanji_kun_yomi (kanji_id, kun_yomi) VALUES (189, 'あ.て');
INSERT INTO kanji_kun_yomi (kanji_id, kun_yomi) VALUES (189, 'まさ.に');
INSERT INTO kanji_kun_yomi (kanji_id, kun_yomi) VALUES (189, 'まさ.にべし');
INSERT INTO kanji_kun_yomi (kanji_id, kun_yomi) VALUES (191, 'こ.い');
INSERT INTO kanji_kun_yomi (kanji_id, kun_yomi) VALUES (193, 'わざ');


--
-- TOC entry 3336 (class 0 OID 16569)
-- Dependencies: 212
-- Data for Name: kanji_on_yomi; Type: TABLE DATA; Schema: public; Owner: -
--

INSERT INTO kanji_on_yomi (kanji_id, on_yomi) VALUES (9, 'タン');
INSERT INTO kanji_on_yomi (kanji_id, on_yomi) VALUES (10, 'バ');
INSERT INTO kanji_on_yomi (kanji_id, on_yomi) VALUES (11, 'カン');
INSERT INTO kanji_on_yomi (kanji_id, on_yomi) VALUES (12, 'セン');
INSERT INTO kanji_on_yomi (kanji_id, on_yomi) VALUES (13, 'チョ');
INSERT INTO kanji_on_yomi (kanji_id, on_yomi) VALUES (14, 'キン');
INSERT INTO kanji_on_yomi (kanji_id, on_yomi) VALUES (14, 'コン');
INSERT INTO kanji_on_yomi (kanji_id, on_yomi) VALUES (14, 'ゴン');
INSERT INTO kanji_on_yomi (kanji_id, on_yomi) VALUES (15, 'リ');
INSERT INTO kanji_on_yomi (kanji_id, on_yomi) VALUES (16, 'コウ');
INSERT INTO kanji_on_yomi (kanji_id, on_yomi) VALUES (17, 'ダイ');
INSERT INTO kanji_on_yomi (kanji_id, on_yomi) VALUES (17, 'タイ');
INSERT INTO kanji_on_yomi (kanji_id, on_yomi) VALUES (18, 'クン');
INSERT INTO kanji_on_yomi (kanji_id, on_yomi) VALUES (19, 'チョウ');
INSERT INTO kanji_on_yomi (kanji_id, on_yomi) VALUES (20, 'ドウ');
INSERT INTO kanji_on_yomi (kanji_id, on_yomi) VALUES (20, 'トウ');
INSERT INTO kanji_on_yomi (kanji_id, on_yomi) VALUES (21, 'トウ');
INSERT INTO kanji_on_yomi (kanji_id, on_yomi) VALUES (22, 'セイ');
INSERT INTO kanji_on_yomi (kanji_id, on_yomi) VALUES (22, 'サイ');
INSERT INTO kanji_on_yomi (kanji_id, on_yomi) VALUES (22, 'ス');
INSERT INTO kanji_on_yomi (kanji_id, on_yomi) VALUES (23, 'ヤ');
INSERT INTO kanji_on_yomi (kanji_id, on_yomi) VALUES (24, 'カ');
INSERT INTO kanji_on_yomi (kanji_id, on_yomi) VALUES (24, 'ケ');
INSERT INTO kanji_on_yomi (kanji_id, on_yomi) VALUES (25, 'ゾク');
INSERT INTO kanji_on_yomi (kanji_id, on_yomi) VALUES (26, 'ショク');
INSERT INTO kanji_on_yomi (kanji_id, on_yomi) VALUES (27, 'エン');
INSERT INTO kanji_on_yomi (kanji_id, on_yomi) VALUES (30, 'ユウ');
INSERT INTO kanji_on_yomi (kanji_id, on_yomi) VALUES (31, 'ベン');
INSERT INTO kanji_on_yomi (kanji_id, on_yomi) VALUES (31, 'ビン');
INSERT INTO kanji_on_yomi (kanji_id, on_yomi) VALUES (32, 'キョク');
INSERT INTO kanji_on_yomi (kanji_id, on_yomi) VALUES (35, 'キョウ');
INSERT INTO kanji_on_yomi (kanji_id, on_yomi) VALUES (35, 'ケイ');
INSERT INTO kanji_on_yomi (kanji_id, on_yomi) VALUES (35, 'キン');
INSERT INTO kanji_on_yomi (kanji_id, on_yomi) VALUES (37, 'ボウ');
INSERT INTO kanji_on_yomi (kanji_id, on_yomi) VALUES (38, 'ケン');
INSERT INTO kanji_on_yomi (kanji_id, on_yomi) VALUES (40, 'テン');
INSERT INTO kanji_on_yomi (kanji_id, on_yomi) VALUES (41, 'ゼン');
INSERT INTO kanji_on_yomi (kanji_id, on_yomi) VALUES (41, 'ネン');
INSERT INTO kanji_on_yomi (kanji_id, on_yomi) VALUES (45, 'ダイ');
INSERT INTO kanji_on_yomi (kanji_id, on_yomi) VALUES (45, 'タイ');
INSERT INTO kanji_on_yomi (kanji_id, on_yomi) VALUES (46, 'ハン');
INSERT INTO kanji_on_yomi (kanji_id, on_yomi) VALUES (48, 'ソウ');
INSERT INTO kanji_on_yomi (kanji_id, on_yomi) VALUES (48, 'サッ');
INSERT INTO kanji_on_yomi (kanji_id, on_yomi) VALUES (49, 'ソク');
INSERT INTO kanji_on_yomi (kanji_id, on_yomi) VALUES (51, 'チュウ');
INSERT INTO kanji_on_yomi (kanji_id, on_yomi) VALUES (52, 'ト');
INSERT INTO kanji_on_yomi (kanji_id, on_yomi) VALUES (53, 'ハン');
INSERT INTO kanji_on_yomi (kanji_id, on_yomi) VALUES (54, 'タン');
INSERT INTO kanji_on_yomi (kanji_id, on_yomi) VALUES (56, 'セイ');
INSERT INTO kanji_on_yomi (kanji_id, on_yomi) VALUES (56, 'セ');
INSERT INTO kanji_on_yomi (kanji_id, on_yomi) VALUES (56, 'ソウ');
INSERT INTO kanji_on_yomi (kanji_id, on_yomi) VALUES (57, 'カイ');
INSERT INTO kanji_on_yomi (kanji_id, on_yomi) VALUES (59, 'ショウ');
INSERT INTO kanji_on_yomi (kanji_id, on_yomi) VALUES (60, 'ガン');
INSERT INTO kanji_on_yomi (kanji_id, on_yomi) VALUES (62, 'セイ');
INSERT INTO kanji_on_yomi (kanji_id, on_yomi) VALUES (62, 'ショウ');
INSERT INTO kanji_on_yomi (kanji_id, on_yomi) VALUES (63, 'クウ');
INSERT INTO kanji_on_yomi (kanji_id, on_yomi) VALUES (65, 'キ');
INSERT INTO kanji_on_yomi (kanji_id, on_yomi) VALUES (67, 'ジョウ');
INSERT INTO kanji_on_yomi (kanji_id, on_yomi) VALUES (68, 'キョウ');
INSERT INTO kanji_on_yomi (kanji_id, on_yomi) VALUES (70, 'イチ');
INSERT INTO kanji_on_yomi (kanji_id, on_yomi) VALUES (70, 'イツ');
INSERT INTO kanji_on_yomi (kanji_id, on_yomi) VALUES (71, 'セツ');
INSERT INTO kanji_on_yomi (kanji_id, on_yomi) VALUES (71, 'サイ');
INSERT INTO kanji_on_yomi (kanji_id, on_yomi) VALUES (72, 'ゴウ');
INSERT INTO kanji_on_yomi (kanji_id, on_yomi) VALUES (72, 'ガッ');
INSERT INTO kanji_on_yomi (kanji_id, on_yomi) VALUES (72, 'カッ');
INSERT INTO kanji_on_yomi (kanji_id, on_yomi) VALUES (73, 'セツ');
INSERT INTO kanji_on_yomi (kanji_id, on_yomi) VALUES (73, 'サイ');
INSERT INTO kanji_on_yomi (kanji_id, on_yomi) VALUES (75, 'ジョウ');
INSERT INTO kanji_on_yomi (kanji_id, on_yomi) VALUES (75, 'セイ');
INSERT INTO kanji_on_yomi (kanji_id, on_yomi) VALUES (76, 'ホウ');
INSERT INTO kanji_on_yomi (kanji_id, on_yomi) VALUES (78, 'デン');
INSERT INTO kanji_on_yomi (kanji_id, on_yomi) VALUES (78, 'テン');
INSERT INTO kanji_on_yomi (kanji_id, on_yomi) VALUES (79, 'タツ');
INSERT INTO kanji_on_yomi (kanji_id, on_yomi) VALUES (79, 'ダ');
INSERT INTO kanji_on_yomi (kanji_id, on_yomi) VALUES (81, 'メイ');
INSERT INTO kanji_on_yomi (kanji_id, on_yomi) VALUES (81, 'ミョウ');
INSERT INTO kanji_on_yomi (kanji_id, on_yomi) VALUES (82, 'ゼン');
INSERT INTO kanji_on_yomi (kanji_id, on_yomi) VALUES (84, 'ガク');
INSERT INTO kanji_on_yomi (kanji_id, on_yomi) VALUES (86, 'ゴ');
INSERT INTO kanji_on_yomi (kanji_id, on_yomi) VALUES (87, 'ハイ');
INSERT INTO kanji_on_yomi (kanji_id, on_yomi) VALUES (89, 'タイ');
INSERT INTO kanji_on_yomi (kanji_id, on_yomi) VALUES (89, 'タ');
INSERT INTO kanji_on_yomi (kanji_id, on_yomi) VALUES (90, 'ヨウ');
INSERT INTO kanji_on_yomi (kanji_id, on_yomi) VALUES (92, 'シュ');
INSERT INTO kanji_on_yomi (kanji_id, on_yomi) VALUES (95, 'イ');
INSERT INTO kanji_on_yomi (kanji_id, on_yomi) VALUES (95, 'エ');
INSERT INTO kanji_on_yomi (kanji_id, on_yomi) VALUES (96, 'ソウ');
INSERT INTO kanji_on_yomi (kanji_id, on_yomi) VALUES (96, 'ショウ');
INSERT INTO kanji_on_yomi (kanji_id, on_yomi) VALUES (98, 'キョウ');
INSERT INTO kanji_on_yomi (kanji_id, on_yomi) VALUES (98, 'ゴウ');
INSERT INTO kanji_on_yomi (kanji_id, on_yomi) VALUES (99, 'ダツ');
INSERT INTO kanji_on_yomi (kanji_id, on_yomi) VALUES (101, 'アン');
INSERT INTO kanji_on_yomi (kanji_id, on_yomi) VALUES (102, 'ショウ');
INSERT INTO kanji_on_yomi (kanji_id, on_yomi) VALUES (104, 'ハツ');
INSERT INTO kanji_on_yomi (kanji_id, on_yomi) VALUES (104, 'ホツ');
INSERT INTO kanji_on_yomi (kanji_id, on_yomi) VALUES (105, 'アン');
INSERT INTO kanji_on_yomi (kanji_id, on_yomi) VALUES (107, 'メイ');
INSERT INTO kanji_on_yomi (kanji_id, on_yomi) VALUES (107, 'ミョウ');
INSERT INTO kanji_on_yomi (kanji_id, on_yomi) VALUES (107, 'ミン');
INSERT INTO kanji_on_yomi (kanji_id, on_yomi) VALUES (109, 'ヨ');
INSERT INTO kanji_on_yomi (kanji_id, on_yomi) VALUES (109, 'シャ');
INSERT INTO kanji_on_yomi (kanji_id, on_yomi) VALUES (111, 'オン');
INSERT INTO kanji_on_yomi (kanji_id, on_yomi) VALUES (113, 'キ');
INSERT INTO kanji_on_yomi (kanji_id, on_yomi) VALUES (114, 'ジュウ');
INSERT INTO kanji_on_yomi (kanji_id, on_yomi) VALUES (114, 'チョウ');
INSERT INTO kanji_on_yomi (kanji_id, on_yomi) VALUES (115, 'ヒン');
INSERT INTO kanji_on_yomi (kanji_id, on_yomi) VALUES (115, 'ホン');
INSERT INTO kanji_on_yomi (kanji_id, on_yomi) VALUES (117, 'ヨウ');
INSERT INTO kanji_on_yomi (kanji_id, on_yomi) VALUES (118, 'キュウ');
INSERT INTO kanji_on_yomi (kanji_id, on_yomi) VALUES (118, 'グ');
INSERT INTO kanji_on_yomi (kanji_id, on_yomi) VALUES (120, 'ソウ');
INSERT INTO kanji_on_yomi (kanji_id, on_yomi) VALUES (120, 'シュ');
INSERT INTO kanji_on_yomi (kanji_id, on_yomi) VALUES (121, 'ジョ');
INSERT INTO kanji_on_yomi (kanji_id, on_yomi) VALUES (121, 'ジ');
INSERT INTO kanji_on_yomi (kanji_id, on_yomi) VALUES (123, 'オン');
INSERT INTO kanji_on_yomi (kanji_id, on_yomi) VALUES (124, 'セン');
INSERT INTO kanji_on_yomi (kanji_id, on_yomi) VALUES (126, 'フ');
INSERT INTO kanji_on_yomi (kanji_id, on_yomi) VALUES (127, 'ラク');
INSERT INTO kanji_on_yomi (kanji_id, on_yomi) VALUES (129, 'トウ');
INSERT INTO kanji_on_yomi (kanji_id, on_yomi) VALUES (130, 'カ');
INSERT INTO kanji_on_yomi (kanji_id, on_yomi) VALUES (130, 'ケ');
INSERT INTO kanji_on_yomi (kanji_id, on_yomi) VALUES (132, 'タイ');
INSERT INTO kanji_on_yomi (kanji_id, on_yomi) VALUES (134, 'ジュ');
INSERT INTO kanji_on_yomi (kanji_id, on_yomi) VALUES (136, 'ノウ');
INSERT INTO kanji_on_yomi (kanji_id, on_yomi) VALUES (136, 'ナッ');
INSERT INTO kanji_on_yomi (kanji_id, on_yomi) VALUES (136, 'ナ');
INSERT INTO kanji_on_yomi (kanji_id, on_yomi) VALUES (136, 'ナン');
INSERT INTO kanji_on_yomi (kanji_id, on_yomi) VALUES (136, 'トウ');
INSERT INTO kanji_on_yomi (kanji_id, on_yomi) VALUES (137, 'トク');
INSERT INTO kanji_on_yomi (kanji_id, on_yomi) VALUES (139, 'キョウ');
INSERT INTO kanji_on_yomi (kanji_id, on_yomi) VALUES (140, 'ハン');
INSERT INTO kanji_on_yomi (kanji_id, on_yomi) VALUES (140, 'ボン');
INSERT INTO kanji_on_yomi (kanji_id, on_yomi) VALUES (142, 'キ');
INSERT INTO kanji_on_yomi (kanji_id, on_yomi) VALUES (142, 'ゴ');
INSERT INTO kanji_on_yomi (kanji_id, on_yomi) VALUES (143, 'タイ');
INSERT INTO kanji_on_yomi (kanji_id, on_yomi) VALUES (145, 'ド');
INSERT INTO kanji_on_yomi (kanji_id, on_yomi) VALUES (145, 'ト');
INSERT INTO kanji_on_yomi (kanji_id, on_yomi) VALUES (145, 'タク');
INSERT INTO kanji_on_yomi (kanji_id, on_yomi) VALUES (147, 'クツ');
INSERT INTO kanji_on_yomi (kanji_id, on_yomi) VALUES (148, 'キ');
INSERT INTO kanji_on_yomi (kanji_id, on_yomi) VALUES (150, 'メン');
INSERT INTO kanji_on_yomi (kanji_id, on_yomi) VALUES (150, 'ベン');
INSERT INTO kanji_on_yomi (kanji_id, on_yomi) VALUES (151, 'トウ');
INSERT INTO kanji_on_yomi (kanji_id, on_yomi) VALUES (153, 'テン');
INSERT INTO kanji_on_yomi (kanji_id, on_yomi) VALUES (156, 'シュウ');
INSERT INTO kanji_on_yomi (kanji_id, on_yomi) VALUES (158, 'ヨク');
INSERT INTO kanji_on_yomi (kanji_id, on_yomi) VALUES (159, 'ニチ');
INSERT INTO kanji_on_yomi (kanji_id, on_yomi) VALUES (159, 'ジツ');
INSERT INTO kanji_on_yomi (kanji_id, on_yomi) VALUES (161, 'コン');
INSERT INTO kanji_on_yomi (kanji_id, on_yomi) VALUES (162, 'セキ');
INSERT INTO kanji_on_yomi (kanji_id, on_yomi) VALUES (164, 'ケン');
INSERT INTO kanji_on_yomi (kanji_id, on_yomi) VALUES (165, 'トウ');
INSERT INTO kanji_on_yomi (kanji_id, on_yomi) VALUES (167, 'ユウ');
INSERT INTO kanji_on_yomi (kanji_id, on_yomi) VALUES (167, 'ウ');
INSERT INTO kanji_on_yomi (kanji_id, on_yomi) VALUES (168, 'リ');
INSERT INTO kanji_on_yomi (kanji_id, on_yomi) VALUES (170, 'シュ');
INSERT INTO kanji_on_yomi (kanji_id, on_yomi) VALUES (171, 'ビ');
INSERT INTO kanji_on_yomi (kanji_id, on_yomi) VALUES (173, 'ドウ');
INSERT INTO kanji_on_yomi (kanji_id, on_yomi) VALUES (174, 'ワ');
INSERT INTO kanji_on_yomi (kanji_id, on_yomi) VALUES (176, 'シン');
INSERT INTO kanji_on_yomi (kanji_id, on_yomi) VALUES (177, 'ドウ');
INSERT INTO kanji_on_yomi (kanji_id, on_yomi) VALUES (179, 'カン');
INSERT INTO kanji_on_yomi (kanji_id, on_yomi) VALUES (180, 'シ');
INSERT INTO kanji_on_yomi (kanji_id, on_yomi) VALUES (181, 'ヤク');
INSERT INTO kanji_on_yomi (kanji_id, on_yomi) VALUES (181, 'エキ');
INSERT INTO kanji_on_yomi (kanji_id, on_yomi) VALUES (183, 'キョウ');
INSERT INTO kanji_on_yomi (kanji_id, on_yomi) VALUES (185, 'テイ');
INSERT INTO kanji_on_yomi (kanji_id, on_yomi) VALUES (185, 'ジョウ');
INSERT INTO kanji_on_yomi (kanji_id, on_yomi) VALUES (186, 'ギ');
INSERT INTO kanji_on_yomi (kanji_id, on_yomi) VALUES (188, 'コウ');
INSERT INTO kanji_on_yomi (kanji_id, on_yomi) VALUES (188, 'ク');
INSERT INTO kanji_on_yomi (kanji_id, on_yomi) VALUES (189, 'トウ');
INSERT INTO kanji_on_yomi (kanji_id, on_yomi) VALUES (191, 'ノウ');
INSERT INTO kanji_on_yomi (kanji_id, on_yomi) VALUES (193, 'ギョウ');
INSERT INTO kanji_on_yomi (kanji_id, on_yomi) VALUES (193, 'ゴウ');;


--
-- TOC entry 3337 (class 0 OID 16577)
-- Dependencies: 213
-- Data for Name: kanji_translation; Type: TABLE DATA; Schema: public; Owner: -
--

INSERT INTO kanji_translation (kanji_id, translation_label, translation_lang) VALUES (9, 'grope', 'EN');
INSERT INTO kanji_translation (kanji_id, translation_label, translation_lang) VALUES (9, 'search', 'EN');
INSERT INTO kanji_translation (kanji_id, translation_label, translation_lang) VALUES (9, 'look for', 'EN');
INSERT INTO kanji_translation (kanji_id, translation_label, translation_lang) VALUES (10, 'horse', 'EN');
INSERT INTO kanji_translation (kanji_id, translation_label, translation_lang) VALUES (11, 'emotion', 'EN');
INSERT INTO kanji_translation (kanji_id, translation_label, translation_lang) VALUES (11, 'feeling', 'EN');
INSERT INTO kanji_translation (kanji_id, translation_label, translation_lang) VALUES (11, 'sensation', 'EN');
INSERT INTO kanji_translation (kanji_id, translation_label, translation_lang) VALUES (12, 'wash', 'EN');
INSERT INTO kanji_translation (kanji_id, translation_label, translation_lang) VALUES (12, 'inquire into', 'EN');
INSERT INTO kanji_translation (kanji_id, translation_label, translation_lang) VALUES (12, 'probe', 'EN');
INSERT INTO kanji_translation (kanji_id, translation_label, translation_lang) VALUES (13, 'savings', 'EN');
INSERT INTO kanji_translation (kanji_id, translation_label, translation_lang) VALUES (13, 'store', 'EN');
INSERT INTO kanji_translation (kanji_id, translation_label, translation_lang) VALUES (13, 'lay in', 'EN');
INSERT INTO kanji_translation (kanji_id, translation_label, translation_lang) VALUES (13, 'keep', 'EN');
INSERT INTO kanji_translation (kanji_id, translation_label, translation_lang) VALUES (13, 'wear mustache', 'EN');
INSERT INTO kanji_translation (kanji_id, translation_label, translation_lang) VALUES (14, 'or', 'EN');
INSERT INTO kanji_translation (kanji_id, translation_label, translation_lang) VALUES (14, 'argent (au sens monétaire)', 'EN');
INSERT INTO kanji_translation (kanji_id, translation_label, translation_lang) VALUES (15, 'logic', 'EN');
INSERT INTO kanji_translation (kanji_id, translation_label, translation_lang) VALUES (15, 'arrangement', 'EN');
INSERT INTO kanji_translation (kanji_id, translation_label, translation_lang) VALUES (15, 'reason', 'EN');
INSERT INTO kanji_translation (kanji_id, translation_label, translation_lang) VALUES (15, 'justice', 'EN');
INSERT INTO kanji_translation (kanji_id, translation_label, translation_lang) VALUES (15, 'truth', 'EN');
INSERT INTO kanji_translation (kanji_id, translation_label, translation_lang) VALUES (16, 'tall', 'EN');
INSERT INTO kanji_translation (kanji_id, translation_label, translation_lang) VALUES (16, 'high', 'EN');
INSERT INTO kanji_translation (kanji_id, translation_label, translation_lang) VALUES (16, 'expensive', 'EN');
INSERT INTO kanji_translation (kanji_id, translation_label, translation_lang) VALUES (17, 'pedestal', 'EN');
INSERT INTO kanji_translation (kanji_id, translation_label, translation_lang) VALUES (17, 'a stand', 'EN');
INSERT INTO kanji_translation (kanji_id, translation_label, translation_lang) VALUES (17, 'counter for machines and vehicles', 'EN');
INSERT INTO kanji_translation (kanji_id, translation_label, translation_lang) VALUES (18, 'mister', 'EN');
INSERT INTO kanji_translation (kanji_id, translation_label, translation_lang) VALUES (18, 'you', 'EN');
INSERT INTO kanji_translation (kanji_id, translation_label, translation_lang) VALUES (18, 'ruler', 'EN');
INSERT INTO kanji_translation (kanji_id, translation_label, translation_lang) VALUES (18, 'male name suffix', 'EN');
INSERT INTO kanji_translation (kanji_id, translation_label, translation_lang) VALUES (19, 'morning', 'EN');
INSERT INTO kanji_translation (kanji_id, translation_label, translation_lang) VALUES (19, 'dynasty', 'EN');
INSERT INTO kanji_translation (kanji_id, translation_label, translation_lang) VALUES (19, 'regime', 'EN');
INSERT INTO kanji_translation (kanji_id, translation_label, translation_lang) VALUES (19, 'epoch', 'EN');
INSERT INTO kanji_translation (kanji_id, translation_label, translation_lang) VALUES (19, 'period', 'EN');
INSERT INTO kanji_translation (kanji_id, translation_label, translation_lang) VALUES (19, '(North) Korea', 'EN');
INSERT INTO kanji_translation (kanji_id, translation_label, translation_lang) VALUES (20, 'pupil (of eye)', 'EN');
INSERT INTO kanji_translation (kanji_id, translation_label, translation_lang) VALUES (21, 'east', 'EN');
INSERT INTO kanji_translation (kanji_id, translation_label, translation_lang) VALUES (22, 'west', 'EN');
INSERT INTO kanji_translation (kanji_id, translation_label, translation_lang) VALUES (22, 'Spain', 'EN');
INSERT INTO kanji_translation (kanji_id, translation_label, translation_lang) VALUES (23, 'night', 'EN');
INSERT INTO kanji_translation (kanji_id, translation_label, translation_lang) VALUES (23, 'evening', 'EN');
INSERT INTO kanji_translation (kanji_id, translation_label, translation_lang) VALUES (24, 'house', 'EN');
INSERT INTO kanji_translation (kanji_id, translation_label, translation_lang) VALUES (24, 'home', 'EN');
INSERT INTO kanji_translation (kanji_id, translation_label, translation_lang) VALUES (24, 'family', 'EN');
INSERT INTO kanji_translation (kanji_id, translation_label, translation_lang) VALUES (24, 'professional', 'EN');
INSERT INTO kanji_translation (kanji_id, translation_label, translation_lang) VALUES (24, 'expert', 'EN');
INSERT INTO kanji_translation (kanji_id, translation_label, translation_lang) VALUES (24, 'performer', 'EN');
INSERT INTO kanji_translation (kanji_id, translation_label, translation_lang) VALUES (25, 'tribe', 'EN');
INSERT INTO kanji_translation (kanji_id, translation_label, translation_lang) VALUES (25, 'family', 'EN');
INSERT INTO kanji_translation (kanji_id, translation_label, translation_lang) VALUES (26, 'nourriture', 'EN');
INSERT INTO kanji_translation (kanji_id, translation_label, translation_lang) VALUES (26, 'manger', 'EN');
INSERT INTO kanji_translation (kanji_id, translation_label, translation_lang) VALUES (27, 'circle', 'EN');
INSERT INTO kanji_translation (kanji_id, translation_label, translation_lang) VALUES (27, 'yen', 'EN');
INSERT INTO kanji_translation (kanji_id, translation_label, translation_lang) VALUES (27, 'round', 'EN');
INSERT INTO kanji_translation (kanji_id, translation_label, translation_lang) VALUES (30, 'mail', 'EN');
INSERT INTO kanji_translation (kanji_id, translation_label, translation_lang) VALUES (30, 'stagecoach stop', 'EN');
INSERT INTO kanji_translation (kanji_id, translation_label, translation_lang) VALUES (31, 'convenience', 'EN');
INSERT INTO kanji_translation (kanji_id, translation_label, translation_lang) VALUES (31, 'facility', 'EN');
INSERT INTO kanji_translation (kanji_id, translation_label, translation_lang) VALUES (31, 'excrement', 'EN');
INSERT INTO kanji_translation (kanji_id, translation_label, translation_lang) VALUES (31, 'feces', 'EN');
INSERT INTO kanji_translation (kanji_id, translation_label, translation_lang) VALUES (31, 'letter', 'EN');
INSERT INTO kanji_translation (kanji_id, translation_label, translation_lang) VALUES (31, 'chance', 'EN');
INSERT INTO kanji_translation (kanji_id, translation_label, translation_lang) VALUES (32, 'bureau', 'EN');
INSERT INTO kanji_translation (kanji_id, translation_label, translation_lang) VALUES (32, 'board', 'EN');
INSERT INTO kanji_translation (kanji_id, translation_label, translation_lang) VALUES (32, 'office', 'EN');
INSERT INTO kanji_translation (kanji_id, translation_label, translation_lang) VALUES (32, 'affair', 'EN');
INSERT INTO kanji_translation (kanji_id, translation_label, translation_lang) VALUES (32, 'conclusion', 'EN');
INSERT INTO kanji_translation (kanji_id, translation_label, translation_lang) VALUES (32, 'court lady', 'EN');
INSERT INTO kanji_translation (kanji_id, translation_label, translation_lang) VALUES (32, 'lady-in-waiting', 'EN');
INSERT INTO kanji_translation (kanji_id, translation_label, translation_lang) VALUES (32, 'her apartment', 'EN');
INSERT INTO kanji_translation (kanji_id, translation_label, translation_lang) VALUES (35, 'capital', 'EN');
INSERT INTO kanji_translation (kanji_id, translation_label, translation_lang) VALUES (35, '10**16', 'EN');
INSERT INTO kanji_translation (kanji_id, translation_label, translation_lang) VALUES (37, 'risk', 'EN');
INSERT INTO kanji_translation (kanji_id, translation_label, translation_lang) VALUES (37, 'face', 'EN');
INSERT INTO kanji_translation (kanji_id, translation_label, translation_lang) VALUES (37, 'defy', 'EN');
INSERT INTO kanji_translation (kanji_id, translation_label, translation_lang) VALUES (37, 'dare', 'EN');
INSERT INTO kanji_translation (kanji_id, translation_label, translation_lang) VALUES (37, 'damage', 'EN');
INSERT INTO kanji_translation (kanji_id, translation_label, translation_lang) VALUES (37, 'assume (a name)', 'EN');
INSERT INTO kanji_translation (kanji_id, translation_label, translation_lang) VALUES (38, 'precipitous', 'EN');
INSERT INTO kanji_translation (kanji_id, translation_label, translation_lang) VALUES (38, 'inaccessible place', 'EN');
INSERT INTO kanji_translation (kanji_id, translation_label, translation_lang) VALUES (38, 'impregnable position', 'EN');
INSERT INTO kanji_translation (kanji_id, translation_label, translation_lang) VALUES (38, 'steep place', 'EN');
INSERT INTO kanji_translation (kanji_id, translation_label, translation_lang) VALUES (38, 'sharp eyes', 'EN');
INSERT INTO kanji_translation (kanji_id, translation_label, translation_lang) VALUES (40, 'heavens', 'EN');
INSERT INTO kanji_translation (kanji_id, translation_label, translation_lang) VALUES (40, 'sky', 'EN');
INSERT INTO kanji_translation (kanji_id, translation_label, translation_lang) VALUES (40, 'imperial', 'EN');
INSERT INTO kanji_translation (kanji_id, translation_label, translation_lang) VALUES (41, 'sort of thing', 'EN');
INSERT INTO kanji_translation (kanji_id, translation_label, translation_lang) VALUES (41, 'so', 'EN');
INSERT INTO kanji_translation (kanji_id, translation_label, translation_lang) VALUES (41, 'if so', 'EN');
INSERT INTO kanji_translation (kanji_id, translation_label, translation_lang) VALUES (41, 'in that case', 'EN');
INSERT INTO kanji_translation (kanji_id, translation_label, translation_lang) VALUES (41, 'well', 'EN');
INSERT INTO kanji_translation (kanji_id, translation_label, translation_lang) VALUES (45, 'large', 'EN');
INSERT INTO kanji_translation (kanji_id, translation_label, translation_lang) VALUES (45, 'big', 'EN');
INSERT INTO kanji_translation (kanji_id, translation_label, translation_lang) VALUES (46, 'heights', 'EN');
INSERT INTO kanji_translation (kanji_id, translation_label, translation_lang) VALUES (46, 'slope', 'EN');
INSERT INTO kanji_translation (kanji_id, translation_label, translation_lang) VALUES (48, 'early', 'EN');
INSERT INTO kanji_translation (kanji_id, translation_label, translation_lang) VALUES (48, 'fast', 'EN');
INSERT INTO kanji_translation (kanji_id, translation_label, translation_lang) VALUES (49, 'quick', 'EN');
INSERT INTO kanji_translation (kanji_id, translation_label, translation_lang) VALUES (49, 'fast', 'EN');
INSERT INTO kanji_translation (kanji_id, translation_label, translation_lang) VALUES (51, 'in', 'EN');
INSERT INTO kanji_translation (kanji_id, translation_label, translation_lang) VALUES (51, 'inside', 'EN');
INSERT INTO kanji_translation (kanji_id, translation_label, translation_lang) VALUES (51, 'middle', 'EN');
INSERT INTO kanji_translation (kanji_id, translation_label, translation_lang) VALUES (51, 'mean', 'EN');
INSERT INTO kanji_translation (kanji_id, translation_label, translation_lang) VALUES (51, 'center', 'EN');
INSERT INTO kanji_translation (kanji_id, translation_label, translation_lang) VALUES (52, 'route', 'EN');
INSERT INTO kanji_translation (kanji_id, translation_label, translation_lang) VALUES (52, 'way', 'EN');
INSERT INTO kanji_translation (kanji_id, translation_label, translation_lang) VALUES (52, 'road', 'EN');
INSERT INTO kanji_translation (kanji_id, translation_label, translation_lang) VALUES (53, 'half', 'EN');
INSERT INTO kanji_translation (kanji_id, translation_label, translation_lang) VALUES (53, 'middle', 'EN');
INSERT INTO kanji_translation (kanji_id, translation_label, translation_lang) VALUES (53, 'odd number', 'EN');
INSERT INTO kanji_translation (kanji_id, translation_label, translation_lang) VALUES (53, 'semi-', 'EN');
INSERT INTO kanji_translation (kanji_id, translation_label, translation_lang) VALUES (53, 'part-', 'EN');
INSERT INTO kanji_translation (kanji_id, translation_label, translation_lang) VALUES (54, 'edge', 'EN');
INSERT INTO kanji_translation (kanji_id, translation_label, translation_lang) VALUES (54, 'origin', 'EN');
INSERT INTO kanji_translation (kanji_id, translation_label, translation_lang) VALUES (54, 'end', 'EN');
INSERT INTO kanji_translation (kanji_id, translation_label, translation_lang) VALUES (54, 'point', 'EN');
INSERT INTO kanji_translation (kanji_id, translation_label, translation_lang) VALUES (54, 'border', 'EN');
INSERT INTO kanji_translation (kanji_id, translation_label, translation_lang) VALUES (54, 'verge', 'EN');
INSERT INTO kanji_translation (kanji_id, translation_label, translation_lang) VALUES (54, 'cape', 'EN');
INSERT INTO kanji_translation (kanji_id, translation_label, translation_lang) VALUES (56, 'generation', 'EN');
INSERT INTO kanji_translation (kanji_id, translation_label, translation_lang) VALUES (56, 'world', 'EN');
INSERT INTO kanji_translation (kanji_id, translation_label, translation_lang) VALUES (56, 'society', 'EN');
INSERT INTO kanji_translation (kanji_id, translation_label, translation_lang) VALUES (56, 'public', 'EN');
INSERT INTO kanji_translation (kanji_id, translation_label, translation_lang) VALUES (57, 'world', 'EN');
INSERT INTO kanji_translation (kanji_id, translation_label, translation_lang) VALUES (57, 'boundary', 'EN');
INSERT INTO kanji_translation (kanji_id, translation_label, translation_lang) VALUES (59, 'laugh', 'EN');
INSERT INTO kanji_translation (kanji_id, translation_label, translation_lang) VALUES (60, 'face', 'EN');
INSERT INTO kanji_translation (kanji_id, translation_label, translation_lang) VALUES (60, 'expression', 'EN');
INSERT INTO kanji_translation (kanji_id, translation_label, translation_lang) VALUES (62, 'star', 'EN');
INSERT INTO kanji_translation (kanji_id, translation_label, translation_lang) VALUES (62, 'spot', 'EN');
INSERT INTO kanji_translation (kanji_id, translation_label, translation_lang) VALUES (62, 'dot', 'EN');
INSERT INTO kanji_translation (kanji_id, translation_label, translation_lang) VALUES (62, 'mark', 'EN');
INSERT INTO kanji_translation (kanji_id, translation_label, translation_lang) VALUES (63, 'empty', 'EN');
INSERT INTO kanji_translation (kanji_id, translation_label, translation_lang) VALUES (63, 'sky', 'EN');
INSERT INTO kanji_translation (kanji_id, translation_label, translation_lang) VALUES (63, 'void', 'EN');
INSERT INTO kanji_translation (kanji_id, translation_label, translation_lang) VALUES (63, 'vacant', 'EN');
INSERT INTO kanji_translation (kanji_id, translation_label, translation_lang) VALUES (63, 'vacuum', 'EN');
INSERT INTO kanji_translation (kanji_id, translation_label, translation_lang) VALUES (65, 'previously', 'EN');
INSERT INTO kanji_translation (kanji_id, translation_label, translation_lang) VALUES (65, 'already', 'EN');
INSERT INTO kanji_translation (kanji_id, translation_label, translation_lang) VALUES (65, 'long ago', 'EN');
INSERT INTO kanji_translation (kanji_id, translation_label, translation_lang) VALUES (67, 'status quo', 'EN');
INSERT INTO kanji_translation (kanji_id, translation_label, translation_lang) VALUES (67, 'conditions', 'EN');
INSERT INTO kanji_translation (kanji_id, translation_label, translation_lang) VALUES (67, 'circumstances', 'EN');
INSERT INTO kanji_translation (kanji_id, translation_label, translation_lang) VALUES (67, 'form', 'EN');
INSERT INTO kanji_translation (kanji_id, translation_label, translation_lang) VALUES (67, 'appearance', 'EN');
INSERT INTO kanji_translation (kanji_id, translation_label, translation_lang) VALUES (68, 'condition', 'EN');
INSERT INTO kanji_translation (kanji_id, translation_label, translation_lang) VALUES (68, 'situation', 'EN');
INSERT INTO kanji_translation (kanji_id, translation_label, translation_lang) VALUES (70, 'one', 'EN');
INSERT INTO kanji_translation (kanji_id, translation_label, translation_lang) VALUES (70, 'one radical (no.1)', 'EN');
INSERT INTO kanji_translation (kanji_id, translation_label, translation_lang) VALUES (71, 'cut', 'EN');
INSERT INTO kanji_translation (kanji_id, translation_label, translation_lang) VALUES (71, 'cutoff', 'EN');
INSERT INTO kanji_translation (kanji_id, translation_label, translation_lang) VALUES (71, 'be sharp', 'EN');
INSERT INTO kanji_translation (kanji_id, translation_label, translation_lang) VALUES (72, 'fit', 'EN');
INSERT INTO kanji_translation (kanji_id, translation_label, translation_lang) VALUES (72, 'suit', 'EN');
INSERT INTO kanji_translation (kanji_id, translation_label, translation_lang) VALUES (72, 'join', 'EN');
INSERT INTO kanji_translation (kanji_id, translation_label, translation_lang) VALUES (72, '0.1', 'EN');
INSERT INTO kanji_translation (kanji_id, translation_label, translation_lang) VALUES (73, 'cut', 'EN');
INSERT INTO kanji_translation (kanji_id, translation_label, translation_lang) VALUES (73, 'cutoff', 'EN');
INSERT INTO kanji_translation (kanji_id, translation_label, translation_lang) VALUES (73, 'be sharp', 'EN');
INSERT INTO kanji_translation (kanji_id, translation_label, translation_lang) VALUES (75, 'feelings', 'EN');
INSERT INTO kanji_translation (kanji_id, translation_label, translation_lang) VALUES (75, 'emotion', 'EN');
INSERT INTO kanji_translation (kanji_id, translation_label, translation_lang) VALUES (75, 'passion', 'EN');
INSERT INTO kanji_translation (kanji_id, translation_label, translation_lang) VALUES (75, 'sympathy', 'EN');
INSERT INTO kanji_translation (kanji_id, translation_label, translation_lang) VALUES (75, 'circumstances', 'EN');
INSERT INTO kanji_translation (kanji_id, translation_label, translation_lang) VALUES (75, 'facts', 'EN');
INSERT INTO kanji_translation (kanji_id, translation_label, translation_lang) VALUES (76, 'report', 'EN');
INSERT INTO kanji_translation (kanji_id, translation_label, translation_lang) VALUES (76, 'news', 'EN');
INSERT INTO kanji_translation (kanji_id, translation_label, translation_lang) VALUES (76, 'reward', 'EN');
INSERT INTO kanji_translation (kanji_id, translation_label, translation_lang) VALUES (76, 'retribution', 'EN');
INSERT INTO kanji_translation (kanji_id, translation_label, translation_lang) VALUES (78, 'transmit', 'EN');
INSERT INTO kanji_translation (kanji_id, translation_label, translation_lang) VALUES (78, 'go along', 'EN');
INSERT INTO kanji_translation (kanji_id, translation_label, translation_lang) VALUES (78, 'walk along', 'EN');
INSERT INTO kanji_translation (kanji_id, translation_label, translation_lang) VALUES (78, 'follow', 'EN');
INSERT INTO kanji_translation (kanji_id, translation_label, translation_lang) VALUES (78, 'report', 'EN');
INSERT INTO kanji_translation (kanji_id, translation_label, translation_lang) VALUES (78, 'communicate', 'EN');
INSERT INTO kanji_translation (kanji_id, translation_label, translation_lang) VALUES (78, 'legend', 'EN');
INSERT INTO kanji_translation (kanji_id, translation_label, translation_lang) VALUES (78, 'tradition', 'EN');
INSERT INTO kanji_translation (kanji_id, translation_label, translation_lang) VALUES (79, 'accomplished', 'EN');
INSERT INTO kanji_translation (kanji_id, translation_label, translation_lang) VALUES (79, 'reach', 'EN');
INSERT INTO kanji_translation (kanji_id, translation_label, translation_lang) VALUES (79, 'arrive', 'EN');
INSERT INTO kanji_translation (kanji_id, translation_label, translation_lang) VALUES (79, 'attain', 'EN');
INSERT INTO kanji_translation (kanji_id, translation_label, translation_lang) VALUES (81, 'name', 'EN');
INSERT INTO kanji_translation (kanji_id, translation_label, translation_lang) VALUES (81, 'noted', 'EN');
INSERT INTO kanji_translation (kanji_id, translation_label, translation_lang) VALUES (81, 'distinguished', 'EN');
INSERT INTO kanji_translation (kanji_id, translation_label, translation_lang) VALUES (81, 'reputation', 'EN');
INSERT INTO kanji_translation (kanji_id, translation_label, translation_lang) VALUES (82, 'in front', 'EN');
INSERT INTO kanji_translation (kanji_id, translation_label, translation_lang) VALUES (82, 'before', 'EN');
INSERT INTO kanji_translation (kanji_id, translation_label, translation_lang) VALUES (84, 'study', 'EN');
INSERT INTO kanji_translation (kanji_id, translation_label, translation_lang) VALUES (84, 'learning', 'EN');
INSERT INTO kanji_translation (kanji_id, translation_label, translation_lang) VALUES (84, 'science', 'EN');
INSERT INTO kanji_translation (kanji_id, translation_label, translation_lang) VALUES (86, 'I', 'EN');
INSERT INTO kanji_translation (kanji_id, translation_label, translation_lang) VALUES (86, 'my', 'EN');
INSERT INTO kanji_translation (kanji_id, translation_label, translation_lang) VALUES (86, 'our', 'EN');
INSERT INTO kanji_translation (kanji_id, translation_label, translation_lang) VALUES (86, 'one''s own', 'EN');
INSERT INTO kanji_translation (kanji_id, translation_label, translation_lang) VALUES (87, 'comrade', 'EN');
INSERT INTO kanji_translation (kanji_id, translation_label, translation_lang) VALUES (87, 'fellow', 'EN');
INSERT INTO kanji_translation (kanji_id, translation_label, translation_lang) VALUES (87, 'people', 'EN');
INSERT INTO kanji_translation (kanji_id, translation_label, translation_lang) VALUES (87, 'companions', 'EN');
INSERT INTO kanji_translation (kanji_id, translation_label, translation_lang) VALUES (89, 'plump', 'EN');
INSERT INTO kanji_translation (kanji_id, translation_label, translation_lang) VALUES (89, 'thick', 'EN');
INSERT INTO kanji_translation (kanji_id, translation_label, translation_lang) VALUES (89, 'big around', 'EN');
INSERT INTO kanji_translation (kanji_id, translation_label, translation_lang) VALUES (90, 'sunshine', 'EN');
INSERT INTO kanji_translation (kanji_id, translation_label, translation_lang) VALUES (90, 'yang principle', 'EN');
INSERT INTO kanji_translation (kanji_id, translation_label, translation_lang) VALUES (90, 'positive', 'EN');
INSERT INTO kanji_translation (kanji_id, translation_label, translation_lang) VALUES (90, 'male', 'EN');
INSERT INTO kanji_translation (kanji_id, translation_label, translation_lang) VALUES (90, 'heaven', 'EN');
INSERT INTO kanji_translation (kanji_id, translation_label, translation_lang) VALUES (90, 'daytime', 'EN');
INSERT INTO kanji_translation (kanji_id, translation_label, translation_lang) VALUES (92, 'take', 'EN');
INSERT INTO kanji_translation (kanji_id, translation_label, translation_lang) VALUES (92, 'fetch', 'EN');
INSERT INTO kanji_translation (kanji_id, translation_label, translation_lang) VALUES (92, 'take up', 'EN');
INSERT INTO kanji_translation (kanji_id, translation_label, translation_lang) VALUES (93, 'crowded', 'EN');
INSERT INTO kanji_translation (kanji_id, translation_label, translation_lang) VALUES (93, 'mixture', 'EN');
INSERT INTO kanji_translation (kanji_id, translation_label, translation_lang) VALUES (93, 'in bulk', 'EN');
INSERT INTO kanji_translation (kanji_id, translation_label, translation_lang) VALUES (93, 'included', 'EN');
INSERT INTO kanji_translation (kanji_id, translation_label, translation_lang) VALUES (93, '(kokuji)', 'EN');
INSERT INTO kanji_translation (kanji_id, translation_label, translation_lang) VALUES (95, 'garment', 'EN');
INSERT INTO kanji_translation (kanji_id, translation_label, translation_lang) VALUES (95, 'clothes', 'EN');
INSERT INTO kanji_translation (kanji_id, translation_label, translation_lang) VALUES (95, 'dressing', 'EN');
INSERT INTO kanji_translation (kanji_id, translation_label, translation_lang) VALUES (96, 'attire', 'EN');
INSERT INTO kanji_translation (kanji_id, translation_label, translation_lang) VALUES (96, 'dress', 'EN');
INSERT INTO kanji_translation (kanji_id, translation_label, translation_lang) VALUES (96, 'pretend', 'EN');
INSERT INTO kanji_translation (kanji_id, translation_label, translation_lang) VALUES (96, 'disguise', 'EN');
INSERT INTO kanji_translation (kanji_id, translation_label, translation_lang) VALUES (96, 'profess', 'EN');
INSERT INTO kanji_translation (kanji_id, translation_label, translation_lang) VALUES (98, 'strong', 'EN');
INSERT INTO kanji_translation (kanji_id, translation_label, translation_lang) VALUES (99, 'rob', 'EN');
INSERT INTO kanji_translation (kanji_id, translation_label, translation_lang) VALUES (99, 'take by force', 'EN');
INSERT INTO kanji_translation (kanji_id, translation_label, translation_lang) VALUES (99, 'snatch away', 'EN');
INSERT INTO kanji_translation (kanji_id, translation_label, translation_lang) VALUES (99, 'dispossess', 'EN');
INSERT INTO kanji_translation (kanji_id, translation_label, translation_lang) VALUES (99, 'plunder', 'EN');
INSERT INTO kanji_translation (kanji_id, translation_label, translation_lang) VALUES (99, 'usurp', 'EN');
INSERT INTO kanji_translation (kanji_id, translation_label, translation_lang) VALUES (101, 'darkness', 'EN');
INSERT INTO kanji_translation (kanji_id, translation_label, translation_lang) VALUES (101, 'disappear', 'EN');
INSERT INTO kanji_translation (kanji_id, translation_label, translation_lang) VALUES (101, 'shade', 'EN');
INSERT INTO kanji_translation (kanji_id, translation_label, translation_lang) VALUES (101, 'informal', 'EN');
INSERT INTO kanji_translation (kanji_id, translation_label, translation_lang) VALUES (101, 'grow dark', 'EN');
INSERT INTO kanji_translation (kanji_id, translation_label, translation_lang) VALUES (101, 'be blinded', 'EN');
INSERT INTO kanji_translation (kanji_id, translation_label, translation_lang) VALUES (102, 'reef', 'EN');
INSERT INTO kanji_translation (kanji_id, translation_label, translation_lang) VALUES (102, 'sunken rock', 'EN');
INSERT INTO kanji_translation (kanji_id, translation_label, translation_lang) VALUES (104, 'departure', 'EN');
INSERT INTO kanji_translation (kanji_id, translation_label, translation_lang) VALUES (104, 'discharge', 'EN');
INSERT INTO kanji_translation (kanji_id, translation_label, translation_lang) VALUES (104, 'publish', 'EN');
INSERT INTO kanji_translation (kanji_id, translation_label, translation_lang) VALUES (104, 'emit', 'EN');
INSERT INTO kanji_translation (kanji_id, translation_label, translation_lang) VALUES (104, 'start from', 'EN');
INSERT INTO kanji_translation (kanji_id, translation_label, translation_lang) VALUES (104, 'disclose', 'EN');
INSERT INTO kanji_translation (kanji_id, translation_label, translation_lang) VALUES (104, 'counter for gunshots', 'EN');
INSERT INTO kanji_translation (kanji_id, translation_label, translation_lang) VALUES (105, 'plan', 'EN');
INSERT INTO kanji_translation (kanji_id, translation_label, translation_lang) VALUES (105, 'suggestion', 'EN');
INSERT INTO kanji_translation (kanji_id, translation_label, translation_lang) VALUES (105, 'draft', 'EN');
INSERT INTO kanji_translation (kanji_id, translation_label, translation_lang) VALUES (105, 'ponder', 'EN');
INSERT INTO kanji_translation (kanji_id, translation_label, translation_lang) VALUES (105, 'fear', 'EN');
INSERT INTO kanji_translation (kanji_id, translation_label, translation_lang) VALUES (105, 'proposition', 'EN');
INSERT INTO kanji_translation (kanji_id, translation_label, translation_lang) VALUES (105, 'idea', 'EN');
INSERT INTO kanji_translation (kanji_id, translation_label, translation_lang) VALUES (105, 'expectation', 'EN');
INSERT INTO kanji_translation (kanji_id, translation_label, translation_lang) VALUES (105, 'worry', 'EN');
INSERT INTO kanji_translation (kanji_id, translation_label, translation_lang) VALUES (105, 'table', 'EN');
INSERT INTO kanji_translation (kanji_id, translation_label, translation_lang) VALUES (105, 'bench', 'EN');
INSERT INTO kanji_translation (kanji_id, translation_label, translation_lang) VALUES (107, 'bright', 'EN');
INSERT INTO kanji_translation (kanji_id, translation_label, translation_lang) VALUES (107, 'light', 'EN');
INSERT INTO kanji_translation (kanji_id, translation_label, translation_lang) VALUES (109, 'beforehand', 'EN');
INSERT INTO kanji_translation (kanji_id, translation_label, translation_lang) VALUES (109, 'previous', 'EN');
INSERT INTO kanji_translation (kanji_id, translation_label, translation_lang) VALUES (109, 'myself', 'EN');
INSERT INTO kanji_translation (kanji_id, translation_label, translation_lang) VALUES (109, 'I', 'EN');
INSERT INTO kanji_translation (kanji_id, translation_label, translation_lang) VALUES (111, 'calm', 'EN');
INSERT INTO kanji_translation (kanji_id, translation_label, translation_lang) VALUES (111, 'quiet', 'EN');
INSERT INTO kanji_translation (kanji_id, translation_label, translation_lang) VALUES (111, 'moderation', 'EN');
INSERT INTO kanji_translation (kanji_id, translation_label, translation_lang) VALUES (113, 'precious', 'EN');
INSERT INTO kanji_translation (kanji_id, translation_label, translation_lang) VALUES (113, '"value"', 'EN');
INSERT INTO kanji_translation (kanji_id, translation_label, translation_lang) VALUES (113, 'prize', 'EN');
INSERT INTO kanji_translation (kanji_id, translation_label, translation_lang) VALUES (113, 'esteem', 'EN');
INSERT INTO kanji_translation (kanji_id, translation_label, translation_lang) VALUES (113, 'honor', 'EN');
INSERT INTO kanji_translation (kanji_id, translation_label, translation_lang) VALUES (114, 'heavy', 'EN');
INSERT INTO kanji_translation (kanji_id, translation_label, translation_lang) VALUES (114, 'important', 'EN');
INSERT INTO kanji_translation (kanji_id, translation_label, translation_lang) VALUES (114, 'esteem', 'EN');
INSERT INTO kanji_translation (kanji_id, translation_label, translation_lang) VALUES (114, 'respect', 'EN');
INSERT INTO kanji_translation (kanji_id, translation_label, translation_lang) VALUES (114, 'heap up', 'EN');
INSERT INTO kanji_translation (kanji_id, translation_label, translation_lang) VALUES (114, 'pile up', 'EN');
INSERT INTO kanji_translation (kanji_id, translation_label, translation_lang) VALUES (114, 'nest of boxes', 'EN');
INSERT INTO kanji_translation (kanji_id, translation_label, translation_lang) VALUES (114, '-fold', 'EN');
INSERT INTO kanji_translation (kanji_id, translation_label, translation_lang) VALUES (115, 'goods', 'EN');
INSERT INTO kanji_translation (kanji_id, translation_label, translation_lang) VALUES (115, 'refinement', 'EN');
INSERT INTO kanji_translation (kanji_id, translation_label, translation_lang) VALUES (115, 'dignity', 'EN');
INSERT INTO kanji_translation (kanji_id, translation_label, translation_lang) VALUES (115, 'article', 'EN');
INSERT INTO kanji_translation (kanji_id, translation_label, translation_lang) VALUES (115, 'counter for meal courses', 'EN');
INSERT INTO kanji_translation (kanji_id, translation_label, translation_lang) VALUES (117, 'need', 'EN');
INSERT INTO kanji_translation (kanji_id, translation_label, translation_lang) VALUES (117, 'main point', 'EN');
INSERT INTO kanji_translation (kanji_id, translation_label, translation_lang) VALUES (117, 'essence', 'EN');
INSERT INTO kanji_translation (kanji_id, translation_label, translation_lang) VALUES (117, 'pivot', 'EN');
INSERT INTO kanji_translation (kanji_id, translation_label, translation_lang) VALUES (117, 'key to', 'EN');
INSERT INTO kanji_translation (kanji_id, translation_label, translation_lang) VALUES (118, 'request', 'EN');
INSERT INTO kanji_translation (kanji_id, translation_label, translation_lang) VALUES (118, 'want', 'EN');
INSERT INTO kanji_translation (kanji_id, translation_label, translation_lang) VALUES (118, 'wish for', 'EN');
INSERT INTO kanji_translation (kanji_id, translation_label, translation_lang) VALUES (118, 'require', 'EN');
INSERT INTO kanji_translation (kanji_id, translation_label, translation_lang) VALUES (118, 'demand', 'EN');
INSERT INTO kanji_translation (kanji_id, translation_label, translation_lang) VALUES (120, 'sweep', 'EN');
INSERT INTO kanji_translation (kanji_id, translation_label, translation_lang) VALUES (120, 'brush', 'EN');
INSERT INTO kanji_translation (kanji_id, translation_label, translation_lang) VALUES (121, 'exclude', 'EN');
INSERT INTO kanji_translation (kanji_id, translation_label, translation_lang) VALUES (121, 'division (x/3)', 'EN');
INSERT INTO kanji_translation (kanji_id, translation_label, translation_lang) VALUES (121, 'remove', 'EN');
INSERT INTO kanji_translation (kanji_id, translation_label, translation_lang) VALUES (121, 'abolish', 'EN');
INSERT INTO kanji_translation (kanji_id, translation_label, translation_lang) VALUES (121, 'cancel', 'EN');
INSERT INTO kanji_translation (kanji_id, translation_label, translation_lang) VALUES (121, 'except', 'EN');
INSERT INTO kanji_translation (kanji_id, translation_label, translation_lang) VALUES (123, 'warm', 'EN');
INSERT INTO kanji_translation (kanji_id, translation_label, translation_lang) VALUES (124, 'spring', 'EN');
INSERT INTO kanji_translation (kanji_id, translation_label, translation_lang) VALUES (124, 'fountain', 'EN');
INSERT INTO kanji_translation (kanji_id, translation_label, translation_lang) VALUES (126, 'viscera', 'EN');
INSERT INTO kanji_translation (kanji_id, translation_label, translation_lang) VALUES (126, 'bowels', 'EN');
INSERT INTO kanji_translation (kanji_id, translation_label, translation_lang) VALUES (127, 'fall', 'EN');
INSERT INTO kanji_translation (kanji_id, translation_label, translation_lang) VALUES (127, 'drop', 'EN');
INSERT INTO kanji_translation (kanji_id, translation_label, translation_lang) VALUES (127, 'come down', 'EN');
INSERT INTO kanji_translation (kanji_id, translation_label, translation_lang) VALUES (127, 'village', 'EN');
INSERT INTO kanji_translation (kanji_id, translation_label, translation_lang) VALUES (127, 'hamlet', 'EN');
INSERT INTO kanji_translation (kanji_id, translation_label, translation_lang) VALUES (129, 'etc.', 'EN');
INSERT INTO kanji_translation (kanji_id, translation_label, translation_lang) VALUES (129, 'and so forth', 'EN');
INSERT INTO kanji_translation (kanji_id, translation_label, translation_lang) VALUES (129, 'class (first)', 'EN');
INSERT INTO kanji_translation (kanji_id, translation_label, translation_lang) VALUES (129, 'quality', 'EN');
INSERT INTO kanji_translation (kanji_id, translation_label, translation_lang) VALUES (129, 'equal', 'EN');
INSERT INTO kanji_translation (kanji_id, translation_label, translation_lang) VALUES (129, 'similar', 'EN');
INSERT INTO kanji_translation (kanji_id, translation_label, translation_lang) VALUES (130, '"value"', 'EN');
INSERT INTO kanji_translation (kanji_id, translation_label, translation_lang) VALUES (130, 'price', 'EN');
INSERT INTO kanji_translation (kanji_id, translation_label, translation_lang) VALUES (132, 'exchange', 'EN');
INSERT INTO kanji_translation (kanji_id, translation_label, translation_lang) VALUES (132, 'spare', 'EN');
INSERT INTO kanji_translation (kanji_id, translation_label, translation_lang) VALUES (132, 'substitute', 'EN');
INSERT INTO kanji_translation (kanji_id, translation_label, translation_lang) VALUES (132, 'per-', 'EN');
INSERT INTO kanji_translation (kanji_id, translation_label, translation_lang) VALUES (134, 'impart', 'EN');
INSERT INTO kanji_translation (kanji_id, translation_label, translation_lang) VALUES (134, 'instruct', 'EN');
INSERT INTO kanji_translation (kanji_id, translation_label, translation_lang) VALUES (134, 'grant', 'EN');
INSERT INTO kanji_translation (kanji_id, translation_label, translation_lang) VALUES (134, 'confer', 'EN');
INSERT INTO kanji_translation (kanji_id, translation_label, translation_lang) VALUES (136, 'settlement', 'EN');
INSERT INTO kanji_translation (kanji_id, translation_label, translation_lang) VALUES (136, 'obtain', 'EN');
INSERT INTO kanji_translation (kanji_id, translation_label, translation_lang) VALUES (136, 'reap', 'EN');
INSERT INTO kanji_translation (kanji_id, translation_label, translation_lang) VALUES (136, 'pay', 'EN');
INSERT INTO kanji_translation (kanji_id, translation_label, translation_lang) VALUES (136, 'supply', 'EN');
INSERT INTO kanji_translation (kanji_id, translation_label, translation_lang) VALUES (136, 'store', 'EN');
INSERT INTO kanji_translation (kanji_id, translation_label, translation_lang) VALUES (137, 'gain', 'EN');
INSERT INTO kanji_translation (kanji_id, translation_label, translation_lang) VALUES (137, 'get', 'EN');
INSERT INTO kanji_translation (kanji_id, translation_label, translation_lang) VALUES (137, 'find', 'EN');
INSERT INTO kanji_translation (kanji_id, translation_label, translation_lang) VALUES (137, 'earn', 'EN');
INSERT INTO kanji_translation (kanji_id, translation_label, translation_lang) VALUES (137, 'acquire', 'EN');
INSERT INTO kanji_translation (kanji_id, translation_label, translation_lang) VALUES (137, 'can', 'EN');
INSERT INTO kanji_translation (kanji_id, translation_label, translation_lang) VALUES (137, 'may', 'EN');
INSERT INTO kanji_translation (kanji_id, translation_label, translation_lang) VALUES (137, 'able to', 'EN');
INSERT INTO kanji_translation (kanji_id, translation_label, translation_lang) VALUES (137, 'profit', 'EN');
INSERT INTO kanji_translation (kanji_id, translation_label, translation_lang) VALUES (137, 'advantage', 'EN');
INSERT INTO kanji_translation (kanji_id, translation_label, translation_lang) VALUES (137, 'benefit', 'EN');
INSERT INTO kanji_translation (kanji_id, translation_label, translation_lang) VALUES (139, 'together', 'EN');
INSERT INTO kanji_translation (kanji_id, translation_label, translation_lang) VALUES (139, 'both', 'EN');
INSERT INTO kanji_translation (kanji_id, translation_label, translation_lang) VALUES (139, 'neither', 'EN');
INSERT INTO kanji_translation (kanji_id, translation_label, translation_lang) VALUES (139, 'all', 'EN');
INSERT INTO kanji_translation (kanji_id, translation_label, translation_lang) VALUES (139, 'and', 'EN');
INSERT INTO kanji_translation (kanji_id, translation_label, translation_lang) VALUES (139, 'alike', 'EN');
INSERT INTO kanji_translation (kanji_id, translation_label, translation_lang) VALUES (139, 'with', 'EN');
INSERT INTO kanji_translation (kanji_id, translation_label, translation_lang) VALUES (140, 'crime', 'EN');
INSERT INTO kanji_translation (kanji_id, translation_label, translation_lang) VALUES (140, 'sin', 'EN');
INSERT INTO kanji_translation (kanji_id, translation_label, translation_lang) VALUES (140, 'offense', 'EN');
INSERT INTO kanji_translation (kanji_id, translation_label, translation_lang) VALUES (142, 'period', 'EN');
INSERT INTO kanji_translation (kanji_id, translation_label, translation_lang) VALUES (142, 'time', 'EN');
INSERT INTO kanji_translation (kanji_id, translation_label, translation_lang) VALUES (142, 'date', 'EN');
INSERT INTO kanji_translation (kanji_id, translation_label, translation_lang) VALUES (142, 'term', 'EN');
INSERT INTO kanji_translation (kanji_id, translation_label, translation_lang) VALUES (143, 'wait', 'EN');
INSERT INTO kanji_translation (kanji_id, translation_label, translation_lang) VALUES (143, 'depend on', 'EN');
INSERT INTO kanji_translation (kanji_id, translation_label, translation_lang) VALUES (145, 'degrees', 'EN');
INSERT INTO kanji_translation (kanji_id, translation_label, translation_lang) VALUES (145, 'occurrence', 'EN');
INSERT INTO kanji_translation (kanji_id, translation_label, translation_lang) VALUES (145, 'time', 'EN');
INSERT INTO kanji_translation (kanji_id, translation_label, translation_lang) VALUES (145, 'counter for occurrences', 'EN');
INSERT INTO kanji_translation (kanji_id, translation_label, translation_lang) VALUES (145, 'consider', 'EN');
INSERT INTO kanji_translation (kanji_id, translation_label, translation_lang) VALUES (145, 'attitude', 'EN');
INSERT INTO kanji_translation (kanji_id, translation_label, translation_lang) VALUES (147, 'dig', 'EN');
INSERT INTO kanji_translation (kanji_id, translation_label, translation_lang) VALUES (147, 'delve', 'EN');
INSERT INTO kanji_translation (kanji_id, translation_label, translation_lang) VALUES (147, 'excavate', 'EN');
INSERT INTO kanji_translation (kanji_id, translation_label, translation_lang) VALUES (148, 'rouse', 'EN');
INSERT INTO kanji_translation (kanji_id, translation_label, translation_lang) VALUES (148, 'wake up', 'EN');
INSERT INTO kanji_translation (kanji_id, translation_label, translation_lang) VALUES (148, 'get up', 'EN');
INSERT INTO kanji_translation (kanji_id, translation_label, translation_lang) VALUES (150, 'mask', 'EN');
INSERT INTO kanji_translation (kanji_id, translation_label, translation_lang) VALUES (150, 'face', 'EN');
INSERT INTO kanji_translation (kanji_id, translation_label, translation_lang) VALUES (150, 'features', 'EN');
INSERT INTO kanji_translation (kanji_id, translation_label, translation_lang) VALUES (150, 'surface', 'EN');
INSERT INTO kanji_translation (kanji_id, translation_label, translation_lang) VALUES (151, 'overthrow', 'EN');
INSERT INTO kanji_translation (kanji_id, translation_label, translation_lang) VALUES (151, 'fall', 'EN');
INSERT INTO kanji_translation (kanji_id, translation_label, translation_lang) VALUES (151, 'collapse', 'EN');
INSERT INTO kanji_translation (kanji_id, translation_label, translation_lang) VALUES (151, 'drop', 'EN');
INSERT INTO kanji_translation (kanji_id, translation_label, translation_lang) VALUES (151, 'break down', 'EN');
INSERT INTO kanji_translation (kanji_id, translation_label, translation_lang) VALUES (153, 'revolve', 'EN');
INSERT INTO kanji_translation (kanji_id, translation_label, translation_lang) VALUES (153, 'turn around', 'EN');
INSERT INTO kanji_translation (kanji_id, translation_label, translation_lang) VALUES (153, 'change', 'EN');
INSERT INTO kanji_translation (kanji_id, translation_label, translation_lang) VALUES (156, 'gather', 'EN');
INSERT INTO kanji_translation (kanji_id, translation_label, translation_lang) VALUES (156, 'meet', 'EN');
INSERT INTO kanji_translation (kanji_id, translation_label, translation_lang) VALUES (156, 'congregate', 'EN');
INSERT INTO kanji_translation (kanji_id, translation_label, translation_lang) VALUES (156, 'swarm', 'EN');
INSERT INTO kanji_translation (kanji_id, translation_label, translation_lang) VALUES (156, 'flock', 'EN');
INSERT INTO kanji_translation (kanji_id, translation_label, translation_lang) VALUES (158, 'the following', 'EN');
INSERT INTO kanji_translation (kanji_id, translation_label, translation_lang) VALUES (158, 'next', 'EN');
INSERT INTO kanji_translation (kanji_id, translation_label, translation_lang) VALUES (159, 'day', 'EN');
INSERT INTO kanji_translation (kanji_id, translation_label, translation_lang) VALUES (159, 'sun', 'EN');
INSERT INTO kanji_translation (kanji_id, translation_label, translation_lang) VALUES (159, 'Japan', 'EN');
INSERT INTO kanji_translation (kanji_id, translation_label, translation_lang) VALUES (159, 'counter for days', 'EN');
INSERT INTO kanji_translation (kanji_id, translation_label, translation_lang) VALUES (161, 'mark', 'EN');
INSERT INTO kanji_translation (kanji_id, translation_label, translation_lang) VALUES (161, 'foot print', 'EN');
INSERT INTO kanji_translation (kanji_id, translation_label, translation_lang) VALUES (162, 'tracks', 'EN');
INSERT INTO kanji_translation (kanji_id, translation_label, translation_lang) VALUES (162, 'mark', 'EN');
INSERT INTO kanji_translation (kanji_id, translation_label, translation_lang) VALUES (162, 'print', 'EN');
INSERT INTO kanji_translation (kanji_id, translation_label, translation_lang) VALUES (162, 'impression', 'EN');
INSERT INTO kanji_translation (kanji_id, translation_label, translation_lang) VALUES (164, 'see', 'EN');
INSERT INTO kanji_translation (kanji_id, translation_label, translation_lang) VALUES (164, 'hopes', 'EN');
INSERT INTO kanji_translation (kanji_id, translation_label, translation_lang) VALUES (164, 'chances', 'EN');
INSERT INTO kanji_translation (kanji_id, translation_label, translation_lang) VALUES (164, 'idea', 'EN');
INSERT INTO kanji_translation (kanji_id, translation_label, translation_lang) VALUES (164, 'opinion', 'EN');
INSERT INTO kanji_translation (kanji_id, translation_label, translation_lang) VALUES (164, 'look at', 'EN');
INSERT INTO kanji_translation (kanji_id, translation_label, translation_lang) VALUES (164, 'visible', 'EN');
INSERT INTO kanji_translation (kanji_id, translation_label, translation_lang) VALUES (165, 'escape', 'EN');
INSERT INTO kanji_translation (kanji_id, translation_label, translation_lang) VALUES (165, 'flee', 'EN');
INSERT INTO kanji_translation (kanji_id, translation_label, translation_lang) VALUES (165, 'shirk', 'EN');
INSERT INTO kanji_translation (kanji_id, translation_label, translation_lang) VALUES (165, 'evade', 'EN');
INSERT INTO kanji_translation (kanji_id, translation_label, translation_lang) VALUES (165, 'set free', 'EN');
INSERT INTO kanji_translation (kanji_id, translation_label, translation_lang) VALUES (167, 'possess', 'EN');
INSERT INTO kanji_translation (kanji_id, translation_label, translation_lang) VALUES (167, 'have', 'EN');
INSERT INTO kanji_translation (kanji_id, translation_label, translation_lang) VALUES (167, 'exist', 'EN');
INSERT INTO kanji_translation (kanji_id, translation_label, translation_lang) VALUES (167, 'happen', 'EN');
INSERT INTO kanji_translation (kanji_id, translation_label, translation_lang) VALUES (167, 'occur', 'EN');
INSERT INTO kanji_translation (kanji_id, translation_label, translation_lang) VALUES (167, 'approx', 'EN');
INSERT INTO kanji_translation (kanji_id, translation_label, translation_lang) VALUES (168, 'profit', 'EN');
INSERT INTO kanji_translation (kanji_id, translation_label, translation_lang) VALUES (168, 'advantage', 'EN');
INSERT INTO kanji_translation (kanji_id, translation_label, translation_lang) VALUES (168, 'benefit', 'EN');
INSERT INTO kanji_translation (kanji_id, translation_label, translation_lang) VALUES (170, 'neck', 'EN');
INSERT INTO kanji_translation (kanji_id, translation_label, translation_lang) VALUES (170, 'counter for songs and poems', 'EN');
INSERT INTO kanji_translation (kanji_id, translation_label, translation_lang) VALUES (171, 'tail', 'EN');
INSERT INTO kanji_translation (kanji_id, translation_label, translation_lang) VALUES (171, 'end', 'EN');
INSERT INTO kanji_translation (kanji_id, translation_label, translation_lang) VALUES (171, 'counter for fish', 'EN');
INSERT INTO kanji_translation (kanji_id, translation_label, translation_lang) VALUES (171, 'lower slope of mountain', 'EN');
INSERT INTO kanji_translation (kanji_id, translation_label, translation_lang) VALUES (173, 'juvenile', 'EN');
INSERT INTO kanji_translation (kanji_id, translation_label, translation_lang) VALUES (173, 'child', 'EN');
INSERT INTO kanji_translation (kanji_id, translation_label, translation_lang) VALUES (174, 'tale', 'EN');
INSERT INTO kanji_translation (kanji_id, translation_label, translation_lang) VALUES (174, 'talk', 'EN');
INSERT INTO kanji_translation (kanji_id, translation_label, translation_lang) VALUES (176, 'shake', 'EN');
INSERT INTO kanji_translation (kanji_id, translation_label, translation_lang) VALUES (176, 'wave', 'EN');
INSERT INTO kanji_translation (kanji_id, translation_label, translation_lang) VALUES (176, 'wag', 'EN');
INSERT INTO kanji_translation (kanji_id, translation_label, translation_lang) VALUES (176, 'swing', 'EN');
INSERT INTO kanji_translation (kanji_id, translation_label, translation_lang) VALUES (177, 'move', 'EN');
INSERT INTO kanji_translation (kanji_id, translation_label, translation_lang) VALUES (177, 'motion', 'EN');
INSERT INTO kanji_translation (kanji_id, translation_label, translation_lang) VALUES (177, 'change', 'EN');
INSERT INTO kanji_translation (kanji_id, translation_label, translation_lang) VALUES (177, 'confusion', 'EN');
INSERT INTO kanji_translation (kanji_id, translation_label, translation_lang) VALUES (177, 'shift', 'EN');
INSERT INTO kanji_translation (kanji_id, translation_label, translation_lang) VALUES (177, 'shake', 'EN');
INSERT INTO kanji_translation (kanji_id, translation_label, translation_lang) VALUES (179, 'oversee', 'EN');
INSERT INTO kanji_translation (kanji_id, translation_label, translation_lang) VALUES (179, 'official', 'EN');
INSERT INTO kanji_translation (kanji_id, translation_label, translation_lang) VALUES (179, 'govt office', 'EN');
INSERT INTO kanji_translation (kanji_id, translation_label, translation_lang) VALUES (179, 'rule', 'EN');
INSERT INTO kanji_translation (kanji_id, translation_label, translation_lang) VALUES (179, 'administer', 'EN');
INSERT INTO kanji_translation (kanji_id, translation_label, translation_lang) VALUES (180, 'inspection', 'EN');
INSERT INTO kanji_translation (kanji_id, translation_label, translation_lang) VALUES (180, 'regard as', 'EN');
INSERT INTO kanji_translation (kanji_id, translation_label, translation_lang) VALUES (180, 'see', 'EN');
INSERT INTO kanji_translation (kanji_id, translation_label, translation_lang) VALUES (180, 'look at', 'EN');
INSERT INTO kanji_translation (kanji_id, translation_label, translation_lang) VALUES (181, 'duty', 'EN');
INSERT INTO kanji_translation (kanji_id, translation_label, translation_lang) VALUES (181, 'war', 'EN');
INSERT INTO kanji_translation (kanji_id, translation_label, translation_lang) VALUES (181, 'campaign', 'EN');
INSERT INTO kanji_translation (kanji_id, translation_label, translation_lang) VALUES (181, 'drafted labor', 'EN');
INSERT INTO kanji_translation (kanji_id, translation_label, translation_lang) VALUES (181, 'office', 'EN');
INSERT INTO kanji_translation (kanji_id, translation_label, translation_lang) VALUES (181, 'service', 'EN');
INSERT INTO kanji_translation (kanji_id, translation_label, translation_lang) VALUES (181, 'role', 'EN');
INSERT INTO kanji_translation (kanji_id, translation_label, translation_lang) VALUES (183, 'bosom', 'EN');
INSERT INTO kanji_translation (kanji_id, translation_label, translation_lang) VALUES (183, 'breast', 'EN');
INSERT INTO kanji_translation (kanji_id, translation_label, translation_lang) VALUES (183, 'chest', 'EN');
INSERT INTO kanji_translation (kanji_id, translation_label, translation_lang) VALUES (183, 'heart', 'EN');
INSERT INTO kanji_translation (kanji_id, translation_label, translation_lang) VALUES (183, 'feelings', 'EN');
INSERT INTO kanji_translation (kanji_id, translation_label, translation_lang) VALUES (185, 'determine', 'EN');
INSERT INTO kanji_translation (kanji_id, translation_label, translation_lang) VALUES (185, 'fix', 'EN');
INSERT INTO kanji_translation (kanji_id, translation_label, translation_lang) VALUES (185, 'establish', 'EN');
INSERT INTO kanji_translation (kanji_id, translation_label, translation_lang) VALUES (185, 'decide', 'EN');
INSERT INTO kanji_translation (kanji_id, translation_label, translation_lang) VALUES (186, 'righteousness', 'EN');
INSERT INTO kanji_translation (kanji_id, translation_label, translation_lang) VALUES (186, 'justice', 'EN');
INSERT INTO kanji_translation (kanji_id, translation_label, translation_lang) VALUES (186, 'morality', 'EN');
INSERT INTO kanji_translation (kanji_id, translation_label, translation_lang) VALUES (186, 'honor', 'EN');
INSERT INTO kanji_translation (kanji_id, translation_label, translation_lang) VALUES (186, 'loyalty', 'EN');
INSERT INTO kanji_translation (kanji_id, translation_label, translation_lang) VALUES (186, 'meaning', 'EN');
INSERT INTO kanji_translation (kanji_id, translation_label, translation_lang) VALUES (188, 'mouth', 'EN');
INSERT INTO kanji_translation (kanji_id, translation_label, translation_lang) VALUES (189, 'hit', 'EN');
INSERT INTO kanji_translation (kanji_id, translation_label, translation_lang) VALUES (189, 'right', 'EN');
INSERT INTO kanji_translation (kanji_id, translation_label, translation_lang) VALUES (189, 'appropriate', 'EN');
INSERT INTO kanji_translation (kanji_id, translation_label, translation_lang) VALUES (189, 'himself', 'EN');
INSERT INTO kanji_translation (kanji_id, translation_label, translation_lang) VALUES (191, 'concentrated', 'EN');
INSERT INTO kanji_translation (kanji_id, translation_label, translation_lang) VALUES (191, 'thick', 'EN');
INSERT INTO kanji_translation (kanji_id, translation_label, translation_lang) VALUES (191, 'dark', 'EN');
INSERT INTO kanji_translation (kanji_id, translation_label, translation_lang) VALUES (191, 'undiluted', 'EN');
INSERT INTO kanji_translation (kanji_id, translation_label, translation_lang) VALUES (193, 'business', 'EN');
INSERT INTO kanji_translation (kanji_id, translation_label, translation_lang) VALUES (193, 'vocation', 'EN');
INSERT INTO kanji_translation (kanji_id, translation_label, translation_lang) VALUES (193, 'arts', 'EN');
INSERT INTO kanji_translation (kanji_id, translation_label, translation_lang) VALUES (193, 'performance', 'EN');
INSERT INTO kanji_translation (kanji_id, translation_label, translation_lang) VALUES (9,'tâtonner','FR');
INSERT INTO kanji_translation (kanji_id, translation_label, translation_lang) VALUES (9,'recherche','FR');
INSERT INTO kanji_translation (kanji_id, translation_label, translation_lang) VALUES (9,'chercher','FR');
INSERT INTO kanji_translation (kanji_id, translation_label, translation_lang) VALUES (10,'cheval','FR');
INSERT INTO kanji_translation (kanji_id, translation_label, translation_lang) VALUES (11,'émotion','FR');
INSERT INTO kanji_translation (kanji_id, translation_label, translation_lang) VALUES (11,'sentiment','FR');
INSERT INTO kanji_translation (kanji_id, translation_label, translation_lang) VALUES (11,'sensation','FR');
INSERT INTO kanji_translation (kanji_id, translation_label, translation_lang) VALUES (12,'laver','FR');
INSERT INTO kanji_translation (kanji_id, translation_label, translation_lang) VALUES (12,'enquérir','FR');
INSERT INTO kanji_translation (kanji_id, translation_label, translation_lang) VALUES (12,'sonde','FR');
INSERT INTO kanji_translation (kanji_id, translation_label, translation_lang) VALUES (13,'des économies','FR');
INSERT INTO kanji_translation (kanji_id, translation_label, translation_lang) VALUES (13,'magasin','FR');
INSERT INTO kanji_translation (kanji_id, translation_label, translation_lang) VALUES (13,'s''allonger','FR');
INSERT INTO kanji_translation (kanji_id, translation_label, translation_lang) VALUES (13,'garder','FR');
INSERT INTO kanji_translation (kanji_id, translation_label, translation_lang) VALUES (13,'porter de la moustache','FR');
INSERT INTO kanji_translation (kanji_id, translation_label, translation_lang) VALUES (14,'ou','FR');
INSERT INTO kanji_translation (kanji_id, translation_label, translation_lang) VALUES (14,'argent (au sens monétaire)','FR');
INSERT INTO kanji_translation (kanji_id, translation_label, translation_lang) VALUES (15,'logique','FR');
INSERT INTO kanji_translation (kanji_id, translation_label, translation_lang) VALUES (15,'arrangement','FR');
INSERT INTO kanji_translation (kanji_id, translation_label, translation_lang) VALUES (15,'raison','FR');
INSERT INTO kanji_translation (kanji_id, translation_label, translation_lang) VALUES (15,'justice','FR');
INSERT INTO kanji_translation (kanji_id, translation_label, translation_lang) VALUES (15,'vérité','FR');
INSERT INTO kanji_translation (kanji_id, translation_label, translation_lang) VALUES (16,'grand','FR');
INSERT INTO kanji_translation (kanji_id, translation_label, translation_lang) VALUES (16,'haut','FR');
INSERT INTO kanji_translation (kanji_id, translation_label, translation_lang) VALUES (16,'cher','FR');
INSERT INTO kanji_translation (kanji_id, translation_label, translation_lang) VALUES (17,'piédestal','FR');
INSERT INTO kanji_translation (kanji_id, translation_label, translation_lang) VALUES (17,'un support','FR');
INSERT INTO kanji_translation (kanji_id, translation_label, translation_lang) VALUES (17,'compteur de machines et de véhicules','FR');
INSERT INTO kanji_translation (kanji_id, translation_label, translation_lang) VALUES (18,'Monsieur','FR');
INSERT INTO kanji_translation (kanji_id, translation_label, translation_lang) VALUES (18,'toi','FR');
INSERT INTO kanji_translation (kanji_id, translation_label, translation_lang) VALUES (18,'règle','FR');
INSERT INTO kanji_translation (kanji_id, translation_label, translation_lang) VALUES (18,'suffixe de nom masculin','FR');
INSERT INTO kanji_translation (kanji_id, translation_label, translation_lang) VALUES (19,'matin','FR');
INSERT INTO kanji_translation (kanji_id, translation_label, translation_lang) VALUES (19,'dynastie','FR');
INSERT INTO kanji_translation (kanji_id, translation_label, translation_lang) VALUES (19,'régime','FR');
INSERT INTO kanji_translation (kanji_id, translation_label, translation_lang) VALUES (19,'époque','FR');
INSERT INTO kanji_translation (kanji_id, translation_label, translation_lang) VALUES (19,'période','FR');
INSERT INTO kanji_translation (kanji_id, translation_label, translation_lang) VALUES (19,'(Corée du Nord','FR');
INSERT INTO kanji_translation (kanji_id, translation_label, translation_lang) VALUES (20,'pupille (de l''oeil)','FR');
INSERT INTO kanji_translation (kanji_id, translation_label, translation_lang) VALUES (21,'est','FR');
INSERT INTO kanji_translation (kanji_id, translation_label, translation_lang) VALUES (22,'Ouest','FR');
INSERT INTO kanji_translation (kanji_id, translation_label, translation_lang) VALUES (22,'Espagne','FR');
INSERT INTO kanji_translation (kanji_id, translation_label, translation_lang) VALUES (23,'nuit','FR');
INSERT INTO kanji_translation (kanji_id, translation_label, translation_lang) VALUES (23,'soirée','FR');
INSERT INTO kanji_translation (kanji_id, translation_label, translation_lang) VALUES (24,'maison','FR');
INSERT INTO kanji_translation (kanji_id, translation_label, translation_lang) VALUES (24,'maison','FR');
INSERT INTO kanji_translation (kanji_id, translation_label, translation_lang) VALUES (24,'famille','FR');
INSERT INTO kanji_translation (kanji_id, translation_label, translation_lang) VALUES (24,'professionnel','FR');
INSERT INTO kanji_translation (kanji_id, translation_label, translation_lang) VALUES (24,'expert','FR');
INSERT INTO kanji_translation (kanji_id, translation_label, translation_lang) VALUES (24,'interprète','FR');
INSERT INTO kanji_translation (kanji_id, translation_label, translation_lang) VALUES (25,'tribu','FR');
INSERT INTO kanji_translation (kanji_id, translation_label, translation_lang) VALUES (25,'famille','FR');
INSERT INTO kanji_translation (kanji_id, translation_label, translation_lang) VALUES (26,'nourriture','FR');
INSERT INTO kanji_translation (kanji_id, translation_label, translation_lang) VALUES (26,'manger','FR');
INSERT INTO kanji_translation (kanji_id, translation_label, translation_lang) VALUES (27,'cercle','FR');
INSERT INTO kanji_translation (kanji_id, translation_label, translation_lang) VALUES (27,'yen','FR');
INSERT INTO kanji_translation (kanji_id, translation_label, translation_lang) VALUES (27,'rond','FR');
INSERT INTO kanji_translation (kanji_id, translation_label, translation_lang) VALUES (30,'mail','FR');
INSERT INTO kanji_translation (kanji_id, translation_label, translation_lang) VALUES (30,'arrêt de diligence','FR');
INSERT INTO kanji_translation (kanji_id, translation_label, translation_lang) VALUES (31,'commodité','FR');
INSERT INTO kanji_translation (kanji_id, translation_label, translation_lang) VALUES (31,'facilité','FR');
INSERT INTO kanji_translation (kanji_id, translation_label, translation_lang) VALUES (31,'excrément','FR');
INSERT INTO kanji_translation (kanji_id, translation_label, translation_lang) VALUES (31,'fèces','FR');
INSERT INTO kanji_translation (kanji_id, translation_label, translation_lang) VALUES (31,'lettre','FR');
INSERT INTO kanji_translation (kanji_id, translation_label, translation_lang) VALUES (31,'chance','FR');
INSERT INTO kanji_translation (kanji_id, translation_label, translation_lang) VALUES (32,'bureau','FR');
INSERT INTO kanji_translation (kanji_id, translation_label, translation_lang) VALUES (32,'conseil','FR');
INSERT INTO kanji_translation (kanji_id, translation_label, translation_lang) VALUES (32,'bureau','FR');
INSERT INTO kanji_translation (kanji_id, translation_label, translation_lang) VALUES (32,'affaire','FR');
INSERT INTO kanji_translation (kanji_id, translation_label, translation_lang) VALUES (32,'conclusion','FR');
INSERT INTO kanji_translation (kanji_id, translation_label, translation_lang) VALUES (32,'dame de la cour','FR');
INSERT INTO kanji_translation (kanji_id, translation_label, translation_lang) VALUES (32,'dame d''honneur','FR');
INSERT INTO kanji_translation (kanji_id, translation_label, translation_lang) VALUES (32,'son appartement','FR');
INSERT INTO kanji_translation (kanji_id, translation_label, translation_lang) VALUES (35,'capital','FR');
INSERT INTO kanji_translation (kanji_id, translation_label, translation_lang) VALUES (35,'10**16','FR');
INSERT INTO kanji_translation (kanji_id, translation_label, translation_lang) VALUES (37,'risque','FR');
INSERT INTO kanji_translation (kanji_id, translation_label, translation_lang) VALUES (37,'affronter','FR');
INSERT INTO kanji_translation (kanji_id, translation_label, translation_lang) VALUES (37,'defier','FR');
INSERT INTO kanji_translation (kanji_id, translation_label, translation_lang) VALUES (37,'oser','FR');
INSERT INTO kanji_translation (kanji_id, translation_label, translation_lang) VALUES (37,'dommage','FR');
INSERT INTO kanji_translation (kanji_id, translation_label, translation_lang) VALUES (37,'prendre (un nom)','FR');
INSERT INTO kanji_translation (kanji_id, translation_label, translation_lang) VALUES (38,'abrupt','FR');
INSERT INTO kanji_translation (kanji_id, translation_label, translation_lang) VALUES (38,'endroit inaccessible','FR');
INSERT INTO kanji_translation (kanji_id, translation_label, translation_lang) VALUES (38,'position imprenable','FR');
INSERT INTO kanji_translation (kanji_id, translation_label, translation_lang) VALUES (38,'endroit escarpé','FR');
INSERT INTO kanji_translation (kanji_id, translation_label, translation_lang) VALUES (38,'des yeux perçants','FR');
INSERT INTO kanji_translation (kanji_id, translation_label, translation_lang) VALUES (40,'cieux','FR');
INSERT INTO kanji_translation (kanji_id, translation_label, translation_lang) VALUES (40,'ciel','FR');
INSERT INTO kanji_translation (kanji_id, translation_label, translation_lang) VALUES (40,'impérial','FR');
INSERT INTO kanji_translation (kanji_id, translation_label, translation_lang) VALUES (41,'genre de chose','FR');
INSERT INTO kanji_translation (kanji_id, translation_label, translation_lang) VALUES (41,'donc','FR');
INSERT INTO kanji_translation (kanji_id, translation_label, translation_lang) VALUES (41,'le cas échéant','FR');
INSERT INTO kanji_translation (kanji_id, translation_label, translation_lang) VALUES (41,'dans ce cas','FR');
INSERT INTO kanji_translation (kanji_id, translation_label, translation_lang) VALUES (41,'Bien','FR');
INSERT INTO kanji_translation (kanji_id, translation_label, translation_lang) VALUES (45,'grand','FR');
INSERT INTO kanji_translation (kanji_id, translation_label, translation_lang) VALUES (45,'grand','FR');
INSERT INTO kanji_translation (kanji_id, translation_label, translation_lang) VALUES (46,'hauteurs','FR');
INSERT INTO kanji_translation (kanji_id, translation_label, translation_lang) VALUES (46,'pente','FR');
INSERT INTO kanji_translation (kanji_id, translation_label, translation_lang) VALUES (48,'tôt','FR');
INSERT INTO kanji_translation (kanji_id, translation_label, translation_lang) VALUES (48,'rapide','FR');
INSERT INTO kanji_translation (kanji_id, translation_label, translation_lang) VALUES (49,'rapide','FR');
INSERT INTO kanji_translation (kanji_id, translation_label, translation_lang) VALUES (49,'rapide','FR');
INSERT INTO kanji_translation (kanji_id, translation_label, translation_lang) VALUES (51,'dans','FR');
INSERT INTO kanji_translation (kanji_id, translation_label, translation_lang) VALUES (51,'à l''intérieur','FR');
INSERT INTO kanji_translation (kanji_id, translation_label, translation_lang) VALUES (51,'milieu','FR');
INSERT INTO kanji_translation (kanji_id, translation_label, translation_lang) VALUES (51,'signifier','FR');
INSERT INTO kanji_translation (kanji_id, translation_label, translation_lang) VALUES (51,'centre','FR');
INSERT INTO kanji_translation (kanji_id, translation_label, translation_lang) VALUES (52,'itinéraire','FR');
INSERT INTO kanji_translation (kanji_id, translation_label, translation_lang) VALUES (52,'chemin','FR');
INSERT INTO kanji_translation (kanji_id, translation_label, translation_lang) VALUES (52,'route','FR');
INSERT INTO kanji_translation (kanji_id, translation_label, translation_lang) VALUES (53,'moitié','FR');
INSERT INTO kanji_translation (kanji_id, translation_label, translation_lang) VALUES (53,'milieu','FR');
INSERT INTO kanji_translation (kanji_id, translation_label, translation_lang) VALUES (53,'nombre impair','FR');
INSERT INTO kanji_translation (kanji_id, translation_label, translation_lang) VALUES (53,'semi-','FR');
INSERT INTO kanji_translation (kanji_id, translation_label, translation_lang) VALUES (53,'partie-','FR');
INSERT INTO kanji_translation (kanji_id, translation_label, translation_lang) VALUES (54,'bord','FR');
INSERT INTO kanji_translation (kanji_id, translation_label, translation_lang) VALUES (54,'origine','FR');
INSERT INTO kanji_translation (kanji_id, translation_label, translation_lang) VALUES (54,'fin','FR');
INSERT INTO kanji_translation (kanji_id, translation_label, translation_lang) VALUES (54,'indiquer','FR');
INSERT INTO kanji_translation (kanji_id, translation_label, translation_lang) VALUES (54,'frontière','FR');
INSERT INTO kanji_translation (kanji_id, translation_label, translation_lang) VALUES (54,'bord','FR');
INSERT INTO kanji_translation (kanji_id, translation_label, translation_lang) VALUES (54,'cap','FR');
INSERT INTO kanji_translation (kanji_id, translation_label, translation_lang) VALUES (56,'génération','FR');
INSERT INTO kanji_translation (kanji_id, translation_label, translation_lang) VALUES (56,'monde','FR');
INSERT INTO kanji_translation (kanji_id, translation_label, translation_lang) VALUES (56,'société','FR');
INSERT INTO kanji_translation (kanji_id, translation_label, translation_lang) VALUES (56,'publique','FR');
INSERT INTO kanji_translation (kanji_id, translation_label, translation_lang) VALUES (57,'monde','FR');
INSERT INTO kanji_translation (kanji_id, translation_label, translation_lang) VALUES (57,'frontière','FR');
INSERT INTO kanji_translation (kanji_id, translation_label, translation_lang) VALUES (59,'rire','FR');
INSERT INTO kanji_translation (kanji_id, translation_label, translation_lang) VALUES (60,'affronter','FR');
INSERT INTO kanji_translation (kanji_id, translation_label, translation_lang) VALUES (60,'expression','FR');
INSERT INTO kanji_translation (kanji_id, translation_label, translation_lang) VALUES (62,'étoile','FR');
INSERT INTO kanji_translation (kanji_id, translation_label, translation_lang) VALUES (62,'place','FR');
INSERT INTO kanji_translation (kanji_id, translation_label, translation_lang) VALUES (62,'point','FR');
INSERT INTO kanji_translation (kanji_id, translation_label, translation_lang) VALUES (62,'marque','FR');
INSERT INTO kanji_translation (kanji_id, translation_label, translation_lang) VALUES (63,'vide','FR');
INSERT INTO kanji_translation (kanji_id, translation_label, translation_lang) VALUES (63,'ciel','FR');
INSERT INTO kanji_translation (kanji_id, translation_label, translation_lang) VALUES (63,'vide','FR');
INSERT INTO kanji_translation (kanji_id, translation_label, translation_lang) VALUES (63,'vacant','FR');
INSERT INTO kanji_translation (kanji_id, translation_label, translation_lang) VALUES (63,'vide','FR');
INSERT INTO kanji_translation (kanji_id, translation_label, translation_lang) VALUES (65,'précédemment','FR');
INSERT INTO kanji_translation (kanji_id, translation_label, translation_lang) VALUES (65,'déjà','FR');
INSERT INTO kanji_translation (kanji_id, translation_label, translation_lang) VALUES (65,'il y a longtemps','FR');
INSERT INTO kanji_translation (kanji_id, translation_label, translation_lang) VALUES (67,'statu quo','FR');
INSERT INTO kanji_translation (kanji_id, translation_label, translation_lang) VALUES (67,'conditions','FR');
INSERT INTO kanji_translation (kanji_id, translation_label, translation_lang) VALUES (67,'circonstances','FR');
INSERT INTO kanji_translation (kanji_id, translation_label, translation_lang) VALUES (67,'formulaire','FR');
INSERT INTO kanji_translation (kanji_id, translation_label, translation_lang) VALUES (67,'apparence','FR');
INSERT INTO kanji_translation (kanji_id, translation_label, translation_lang) VALUES (68,'condition','FR');
INSERT INTO kanji_translation (kanji_id, translation_label, translation_lang) VALUES (68,'situation','FR');
INSERT INTO kanji_translation (kanji_id, translation_label, translation_lang) VALUES (70,'un','FR');
INSERT INTO kanji_translation (kanji_id, translation_label, translation_lang) VALUES (70,'un radical (n°1)','FR');
INSERT INTO kanji_translation (kanji_id, translation_label, translation_lang) VALUES (71,'couper','FR');
INSERT INTO kanji_translation (kanji_id, translation_label, translation_lang) VALUES (71,'couper','FR');
INSERT INTO kanji_translation (kanji_id, translation_label, translation_lang) VALUES (71,'être tranchant','FR');
INSERT INTO kanji_translation (kanji_id, translation_label, translation_lang) VALUES (72,'ajuster','FR');
INSERT INTO kanji_translation (kanji_id, translation_label, translation_lang) VALUES (72,'costume','FR');
INSERT INTO kanji_translation (kanji_id, translation_label, translation_lang) VALUES (72,'rejoindre','FR');
INSERT INTO kanji_translation (kanji_id, translation_label, translation_lang) VALUES (73,'couper','FR');
INSERT INTO kanji_translation (kanji_id, translation_label, translation_lang) VALUES (73,'couper','FR');
INSERT INTO kanji_translation (kanji_id, translation_label, translation_lang) VALUES (73,'être tranchant','FR');
INSERT INTO kanji_translation (kanji_id, translation_label, translation_lang) VALUES (75,'sentiments','FR');
INSERT INTO kanji_translation (kanji_id, translation_label, translation_lang) VALUES (75,'émotion','FR');
INSERT INTO kanji_translation (kanji_id, translation_label, translation_lang) VALUES (75,'passion','FR');
INSERT INTO kanji_translation (kanji_id, translation_label, translation_lang) VALUES (75,'sympathie','FR');
INSERT INTO kanji_translation (kanji_id, translation_label, translation_lang) VALUES (75,'circonstances','FR');
INSERT INTO kanji_translation (kanji_id, translation_label, translation_lang) VALUES (75,'faits','FR');
INSERT INTO kanji_translation (kanji_id, translation_label, translation_lang) VALUES (76,'rapport','FR');
INSERT INTO kanji_translation (kanji_id, translation_label, translation_lang) VALUES (76,'nouvelles','FR');
INSERT INTO kanji_translation (kanji_id, translation_label, translation_lang) VALUES (76,'récompense','FR');
INSERT INTO kanji_translation (kanji_id, translation_label, translation_lang) VALUES (76,'châtiment','FR');
INSERT INTO kanji_translation (kanji_id, translation_label, translation_lang) VALUES (78,'transmettre','FR');
INSERT INTO kanji_translation (kanji_id, translation_label, translation_lang) VALUES (78,'aller le long de','FR');
INSERT INTO kanji_translation (kanji_id, translation_label, translation_lang) VALUES (78,'marcher le long de','FR');
INSERT INTO kanji_translation (kanji_id, translation_label, translation_lang) VALUES (78,'suivre','FR');
INSERT INTO kanji_translation (kanji_id, translation_label, translation_lang) VALUES (78,'rapport','FR');
INSERT INTO kanji_translation (kanji_id, translation_label, translation_lang) VALUES (78,'communiquer','FR');
INSERT INTO kanji_translation (kanji_id, translation_label, translation_lang) VALUES (78,'légende','FR');
INSERT INTO kanji_translation (kanji_id, translation_label, translation_lang) VALUES (78,'tradition','FR');
INSERT INTO kanji_translation (kanji_id, translation_label, translation_lang) VALUES (79,'réalisé','FR');
INSERT INTO kanji_translation (kanji_id, translation_label, translation_lang) VALUES (79,'atteindre','FR');
INSERT INTO kanji_translation (kanji_id, translation_label, translation_lang) VALUES (79,'arriver','FR');
INSERT INTO kanji_translation (kanji_id, translation_label, translation_lang) VALUES (79,'atteindre','FR');
INSERT INTO kanji_translation (kanji_id, translation_label, translation_lang) VALUES (81,'nom','FR');
INSERT INTO kanji_translation (kanji_id, translation_label, translation_lang) VALUES (81,'noté','FR');
INSERT INTO kanji_translation (kanji_id, translation_label, translation_lang) VALUES (81,'distingué','FR');
INSERT INTO kanji_translation (kanji_id, translation_label, translation_lang) VALUES (81,'réputation','FR');
INSERT INTO kanji_translation (kanji_id, translation_label, translation_lang) VALUES (82,'devant','FR');
INSERT INTO kanji_translation (kanji_id, translation_label, translation_lang) VALUES (82,'avant','FR');
INSERT INTO kanji_translation (kanji_id, translation_label, translation_lang) VALUES (84,'étude','FR');
INSERT INTO kanji_translation (kanji_id, translation_label, translation_lang) VALUES (84,'apprentissage','FR');
INSERT INTO kanji_translation (kanji_id, translation_label, translation_lang) VALUES (84,'science','FR');
INSERT INTO kanji_translation (kanji_id, translation_label, translation_lang) VALUES (86,'JE','FR');
INSERT INTO kanji_translation (kanji_id, translation_label, translation_lang) VALUES (86,'mon','FR');
INSERT INTO kanji_translation (kanji_id, translation_label, translation_lang) VALUES (86,'notre','FR');
INSERT INTO kanji_translation (kanji_id, translation_label, translation_lang) VALUES (86,'le sien','FR');
INSERT INTO kanji_translation (kanji_id, translation_label, translation_lang) VALUES (87,'camarade','FR');
INSERT INTO kanji_translation (kanji_id, translation_label, translation_lang) VALUES (87,'compagnon','FR');
INSERT INTO kanji_translation (kanji_id, translation_label, translation_lang) VALUES (87,'personnes','FR');
INSERT INTO kanji_translation (kanji_id, translation_label, translation_lang) VALUES (87,'compagnons','FR');
INSERT INTO kanji_translation (kanji_id, translation_label, translation_lang) VALUES (89,'dodu','FR');
INSERT INTO kanji_translation (kanji_id, translation_label, translation_lang) VALUES (89,'épais','FR');
INSERT INTO kanji_translation (kanji_id, translation_label, translation_lang) VALUES (89,'grand autour','FR');
INSERT INTO kanji_translation (kanji_id, translation_label, translation_lang) VALUES (90,'soleil','FR');
INSERT INTO kanji_translation (kanji_id, translation_label, translation_lang) VALUES (90,'principe yang','FR');
INSERT INTO kanji_translation (kanji_id, translation_label, translation_lang) VALUES (90,'positif','FR');
INSERT INTO kanji_translation (kanji_id, translation_label, translation_lang) VALUES (90,'mâle','FR');
INSERT INTO kanji_translation (kanji_id, translation_label, translation_lang) VALUES (90,'paradis','FR');
INSERT INTO kanji_translation (kanji_id, translation_label, translation_lang) VALUES (90,'jour','FR');
INSERT INTO kanji_translation (kanji_id, translation_label, translation_lang) VALUES (92,'prendre','FR');
INSERT INTO kanji_translation (kanji_id, translation_label, translation_lang) VALUES (92,'aller chercher','FR');
INSERT INTO kanji_translation (kanji_id, translation_label, translation_lang) VALUES (92,'prendre','FR');
INSERT INTO kanji_translation (kanji_id, translation_label, translation_lang) VALUES (93,'bondé','FR');
INSERT INTO kanji_translation (kanji_id, translation_label, translation_lang) VALUES (93,'mélange','FR');
INSERT INTO kanji_translation (kanji_id, translation_label, translation_lang) VALUES (93,'en masse','FR');
INSERT INTO kanji_translation (kanji_id, translation_label, translation_lang) VALUES (93,'inclus','FR');
INSERT INTO kanji_translation (kanji_id, translation_label, translation_lang) VALUES (93,'(kokuji)','FR');
INSERT INTO kanji_translation (kanji_id, translation_label, translation_lang) VALUES (95,'vêtement','FR');
INSERT INTO kanji_translation (kanji_id, translation_label, translation_lang) VALUES (95,'vêtements','FR');
INSERT INTO kanji_translation (kanji_id, translation_label, translation_lang) VALUES (95,'pansement','FR');
INSERT INTO kanji_translation (kanji_id, translation_label, translation_lang) VALUES (96,'tenue','FR');
INSERT INTO kanji_translation (kanji_id, translation_label, translation_lang) VALUES (96,'robe','FR');
INSERT INTO kanji_translation (kanji_id, translation_label, translation_lang) VALUES (96,'prétendre','FR');
INSERT INTO kanji_translation (kanji_id, translation_label, translation_lang) VALUES (96,'déguisement','FR');
INSERT INTO kanji_translation (kanji_id, translation_label, translation_lang) VALUES (96,'professer','FR');
INSERT INTO kanji_translation (kanji_id, translation_label, translation_lang) VALUES (98,'fort','FR');
INSERT INTO kanji_translation (kanji_id, translation_label, translation_lang) VALUES (99,'Rob','FR');
INSERT INTO kanji_translation (kanji_id, translation_label, translation_lang) VALUES (99,'prendre par la force','FR');
INSERT INTO kanji_translation (kanji_id, translation_label, translation_lang) VALUES (99,'arracher','FR');
INSERT INTO kanji_translation (kanji_id, translation_label, translation_lang) VALUES (99,'déposséder','FR');
INSERT INTO kanji_translation (kanji_id, translation_label, translation_lang) VALUES (99,'pillage','FR');
INSERT INTO kanji_translation (kanji_id, translation_label, translation_lang) VALUES (99,'usurper','FR');
INSERT INTO kanji_translation (kanji_id, translation_label, translation_lang) VALUES (101,'obscurité','FR');
INSERT INTO kanji_translation (kanji_id, translation_label, translation_lang) VALUES (101,'disparaître','FR');
INSERT INTO kanji_translation (kanji_id, translation_label, translation_lang) VALUES (101,'ombre','FR');
INSERT INTO kanji_translation (kanji_id, translation_label, translation_lang) VALUES (101,'informel','FR');
INSERT INTO kanji_translation (kanji_id, translation_label, translation_lang) VALUES (101,'devenir sombre','FR');
INSERT INTO kanji_translation (kanji_id, translation_label, translation_lang) VALUES (101,'être aveuglé','FR');
INSERT INTO kanji_translation (kanji_id, translation_label, translation_lang) VALUES (102,'récif','FR');
INSERT INTO kanji_translation (kanji_id, translation_label, translation_lang) VALUES (102,'Rocher englouti','FR');
INSERT INTO kanji_translation (kanji_id, translation_label, translation_lang) VALUES (104,'départ','FR');
INSERT INTO kanji_translation (kanji_id, translation_label, translation_lang) VALUES (104,'décharge','FR');
INSERT INTO kanji_translation (kanji_id, translation_label, translation_lang) VALUES (104,'publier','FR');
INSERT INTO kanji_translation (kanji_id, translation_label, translation_lang) VALUES (104,'émettre','FR');
INSERT INTO kanji_translation (kanji_id, translation_label, translation_lang) VALUES (104,'commencer à partir de','FR');
INSERT INTO kanji_translation (kanji_id, translation_label, translation_lang) VALUES (104,'divulguer','FR');
INSERT INTO kanji_translation (kanji_id, translation_label, translation_lang) VALUES (104,'compteur de coups de feu','FR');
INSERT INTO kanji_translation (kanji_id, translation_label, translation_lang) VALUES (105,'plan','FR');
INSERT INTO kanji_translation (kanji_id, translation_label, translation_lang) VALUES (105,'suggestion','FR');
INSERT INTO kanji_translation (kanji_id, translation_label, translation_lang) VALUES (105,'brouillon','FR');
INSERT INTO kanji_translation (kanji_id, translation_label, translation_lang) VALUES (105,'réflechir','FR');
INSERT INTO kanji_translation (kanji_id, translation_label, translation_lang) VALUES (105,'peur','FR');
INSERT INTO kanji_translation (kanji_id, translation_label, translation_lang) VALUES (105,'proposition','FR');
INSERT INTO kanji_translation (kanji_id, translation_label, translation_lang) VALUES (105,'idée','FR');
INSERT INTO kanji_translation (kanji_id, translation_label, translation_lang) VALUES (105,'attente','FR');
INSERT INTO kanji_translation (kanji_id, translation_label, translation_lang) VALUES (105,'inquiétude','FR');
INSERT INTO kanji_translation (kanji_id, translation_label, translation_lang) VALUES (105,'tableau','FR');
INSERT INTO kanji_translation (kanji_id, translation_label, translation_lang) VALUES (105,'banc','FR');
INSERT INTO kanji_translation (kanji_id, translation_label, translation_lang) VALUES (107,'brillant','FR');
INSERT INTO kanji_translation (kanji_id, translation_label, translation_lang) VALUES (107,'lumière','FR');
INSERT INTO kanji_translation (kanji_id, translation_label, translation_lang) VALUES (109,'préalablement','FR');
INSERT INTO kanji_translation (kanji_id, translation_label, translation_lang) VALUES (109,'précédent','FR');
INSERT INTO kanji_translation (kanji_id, translation_label, translation_lang) VALUES (109,'moi-même','FR');
INSERT INTO kanji_translation (kanji_id, translation_label, translation_lang) VALUES (109,'JE','FR');
INSERT INTO kanji_translation (kanji_id, translation_label, translation_lang) VALUES (111,'calme','FR');
INSERT INTO kanji_translation (kanji_id, translation_label, translation_lang) VALUES (111,'calme','FR');
INSERT INTO kanji_translation (kanji_id, translation_label, translation_lang) VALUES (111,'modération','FR');
INSERT INTO kanji_translation (kanji_id, translation_label, translation_lang) VALUES (113,'précieux','FR');
INSERT INTO kanji_translation (kanji_id, translation_label, translation_lang) VALUES (113,'valeur','FR');
INSERT INTO kanji_translation (kanji_id, translation_label, translation_lang) VALUES (113,'prix','FR');
INSERT INTO kanji_translation (kanji_id, translation_label, translation_lang) VALUES (113,'estime','FR');
INSERT INTO kanji_translation (kanji_id, translation_label, translation_lang) VALUES (113,'honneur','FR');
INSERT INTO kanji_translation (kanji_id, translation_label, translation_lang) VALUES (114,'lourd','FR');
INSERT INTO kanji_translation (kanji_id, translation_label, translation_lang) VALUES (114,'important','FR');
INSERT INTO kanji_translation (kanji_id, translation_label, translation_lang) VALUES (114,'estime','FR');
INSERT INTO kanji_translation (kanji_id, translation_label, translation_lang) VALUES (114,'respect','FR');
INSERT INTO kanji_translation (kanji_id, translation_label, translation_lang) VALUES (114,'entasser','FR');
INSERT INTO kanji_translation (kanji_id, translation_label, translation_lang) VALUES (114,'entasser','FR');
INSERT INTO kanji_translation (kanji_id, translation_label, translation_lang) VALUES (114,'nid de boîtes','FR');
INSERT INTO kanji_translation (kanji_id, translation_label, translation_lang) VALUES (114,'-pli','FR');
INSERT INTO kanji_translation (kanji_id, translation_label, translation_lang) VALUES (115,'marchandises','FR');
INSERT INTO kanji_translation (kanji_id, translation_label, translation_lang) VALUES (115,'raffinement','FR');
INSERT INTO kanji_translation (kanji_id, translation_label, translation_lang) VALUES (115,'dignité','FR');
INSERT INTO kanji_translation (kanji_id, translation_label, translation_lang) VALUES (115,'article','FR');
INSERT INTO kanji_translation (kanji_id, translation_label, translation_lang) VALUES (115,'comptoir pour les cours de repas','FR');
INSERT INTO kanji_translation (kanji_id, translation_label, translation_lang) VALUES (117,'besoin','FR');
INSERT INTO kanji_translation (kanji_id, translation_label, translation_lang) VALUES (117,'point principal','FR');
INSERT INTO kanji_translation (kanji_id, translation_label, translation_lang) VALUES (117,'essence','FR');
INSERT INTO kanji_translation (kanji_id, translation_label, translation_lang) VALUES (117,'pivot','FR');
INSERT INTO kanji_translation (kanji_id, translation_label, translation_lang) VALUES (117,'la clé de','FR');
INSERT INTO kanji_translation (kanji_id, translation_label, translation_lang) VALUES (118,'demande','FR');
INSERT INTO kanji_translation (kanji_id, translation_label, translation_lang) VALUES (118,'vouloir','FR');
INSERT INTO kanji_translation (kanji_id, translation_label, translation_lang) VALUES (118,'souhaiter','FR');
INSERT INTO kanji_translation (kanji_id, translation_label, translation_lang) VALUES (118,'exiger','FR');
INSERT INTO kanji_translation (kanji_id, translation_label, translation_lang) VALUES (118,'demande','FR');
INSERT INTO kanji_translation (kanji_id, translation_label, translation_lang) VALUES (120,'balayer','FR');
INSERT INTO kanji_translation (kanji_id, translation_label, translation_lang) VALUES (120,'brosse','FR');
INSERT INTO kanji_translation (kanji_id, translation_label, translation_lang) VALUES (121,'exclure','FR');
INSERT INTO kanji_translation (kanji_id, translation_label, translation_lang) VALUES (121,'division (x/3)','FR');
INSERT INTO kanji_translation (kanji_id, translation_label, translation_lang) VALUES (121,'retirer','FR');
INSERT INTO kanji_translation (kanji_id, translation_label, translation_lang) VALUES (121,'abolir','FR');
INSERT INTO kanji_translation (kanji_id, translation_label, translation_lang) VALUES (121,'Annuler','FR');
INSERT INTO kanji_translation (kanji_id, translation_label, translation_lang) VALUES (121,'sauf','FR');
INSERT INTO kanji_translation (kanji_id, translation_label, translation_lang) VALUES (123,'chaud','FR');
INSERT INTO kanji_translation (kanji_id, translation_label, translation_lang) VALUES (124,'printemps','FR');
INSERT INTO kanji_translation (kanji_id, translation_label, translation_lang) VALUES (124,'fontaine','FR');
INSERT INTO kanji_translation (kanji_id, translation_label, translation_lang) VALUES (126,'viscères','FR');
INSERT INTO kanji_translation (kanji_id, translation_label, translation_lang) VALUES (126,'intestins','FR');
INSERT INTO kanji_translation (kanji_id, translation_label, translation_lang) VALUES (127,'automne','FR');
INSERT INTO kanji_translation (kanji_id, translation_label, translation_lang) VALUES (127,'baisse','FR');
INSERT INTO kanji_translation (kanji_id, translation_label, translation_lang) VALUES (127,'descendre','FR');
INSERT INTO kanji_translation (kanji_id, translation_label, translation_lang) VALUES (127,'village','FR');
INSERT INTO kanji_translation (kanji_id, translation_label, translation_lang) VALUES (127,'Hamlet','FR');
INSERT INTO kanji_translation (kanji_id, translation_label, translation_lang) VALUES (129,'etc.','FR');
INSERT INTO kanji_translation (kanji_id, translation_label, translation_lang) VALUES (129,'et ainsi de suite','FR');
INSERT INTO kanji_translation (kanji_id, translation_label, translation_lang) VALUES (129,'classe (première)','FR');
INSERT INTO kanji_translation (kanji_id, translation_label, translation_lang) VALUES (129,'qualité','FR');
INSERT INTO kanji_translation (kanji_id, translation_label, translation_lang) VALUES (129,'égal','FR');
INSERT INTO kanji_translation (kanji_id, translation_label, translation_lang) VALUES (129,'similaire','FR');
INSERT INTO kanji_translation (kanji_id, translation_label, translation_lang) VALUES (130,'valeur','FR');
INSERT INTO kanji_translation (kanji_id, translation_label, translation_lang) VALUES (130,'prix','FR');
INSERT INTO kanji_translation (kanji_id, translation_label, translation_lang) VALUES (132,'échange','FR');
INSERT INTO kanji_translation (kanji_id, translation_label, translation_lang) VALUES (132,'de rechange','FR');
INSERT INTO kanji_translation (kanji_id, translation_label, translation_lang) VALUES (132,'remplaçant','FR');
INSERT INTO kanji_translation (kanji_id, translation_label, translation_lang) VALUES (132,'par-','FR');
INSERT INTO kanji_translation (kanji_id, translation_label, translation_lang) VALUES (134,'donner','FR');
INSERT INTO kanji_translation (kanji_id, translation_label, translation_lang) VALUES (134,'instruire','FR');
INSERT INTO kanji_translation (kanji_id, translation_label, translation_lang) VALUES (134,'accorder','FR');
INSERT INTO kanji_translation (kanji_id, translation_label, translation_lang) VALUES (134,'conférer','FR');
INSERT INTO kanji_translation (kanji_id, translation_label, translation_lang) VALUES (136,'règlement','FR');
INSERT INTO kanji_translation (kanji_id, translation_label, translation_lang) VALUES (136,'obtenir','FR');
INSERT INTO kanji_translation (kanji_id, translation_label, translation_lang) VALUES (136,'recueillir','FR');
INSERT INTO kanji_translation (kanji_id, translation_label, translation_lang) VALUES (136,'payer','FR');
INSERT INTO kanji_translation (kanji_id, translation_label, translation_lang) VALUES (136,'fournir','FR');
INSERT INTO kanji_translation (kanji_id, translation_label, translation_lang) VALUES (136,'magasin','FR');
INSERT INTO kanji_translation (kanji_id, translation_label, translation_lang) VALUES (137,'gagner','FR');
INSERT INTO kanji_translation (kanji_id, translation_label, translation_lang) VALUES (137,'obtenir','FR');
INSERT INTO kanji_translation (kanji_id, translation_label, translation_lang) VALUES (137,'trouver','FR');
INSERT INTO kanji_translation (kanji_id, translation_label, translation_lang) VALUES (137,'gagner','FR');
INSERT INTO kanji_translation (kanji_id, translation_label, translation_lang) VALUES (137,'acquérir','FR');
INSERT INTO kanji_translation (kanji_id, translation_label, translation_lang) VALUES (137,'peut','FR');
INSERT INTO kanji_translation (kanji_id, translation_label, translation_lang) VALUES (137,'peut','FR');
INSERT INTO kanji_translation (kanji_id, translation_label, translation_lang) VALUES (137,'capable de','FR');
INSERT INTO kanji_translation (kanji_id, translation_label, translation_lang) VALUES (137,'profit','FR');
INSERT INTO kanji_translation (kanji_id, translation_label, translation_lang) VALUES (137,'avantage','FR');
INSERT INTO kanji_translation (kanji_id, translation_label, translation_lang) VALUES (137,'avantage','FR');
INSERT INTO kanji_translation (kanji_id, translation_label, translation_lang) VALUES (139,'ensemble','FR');
INSERT INTO kanji_translation (kanji_id, translation_label, translation_lang) VALUES (139,'les deux','FR');
INSERT INTO kanji_translation (kanji_id, translation_label, translation_lang) VALUES (139,'ni l''un ni l''autre','FR');
INSERT INTO kanji_translation (kanji_id, translation_label, translation_lang) VALUES (139,'tous','FR');
INSERT INTO kanji_translation (kanji_id, translation_label, translation_lang) VALUES (139,'et','FR');
INSERT INTO kanji_translation (kanji_id, translation_label, translation_lang) VALUES (139,'ressemblent','FR');
INSERT INTO kanji_translation (kanji_id, translation_label, translation_lang) VALUES (139,'avec','FR');
INSERT INTO kanji_translation (kanji_id, translation_label, translation_lang) VALUES (140,'crime','FR');
INSERT INTO kanji_translation (kanji_id, translation_label, translation_lang) VALUES (140,'péché','FR');
INSERT INTO kanji_translation (kanji_id, translation_label, translation_lang) VALUES (140,'infraction','FR');
INSERT INTO kanji_translation (kanji_id, translation_label, translation_lang) VALUES (142,'période','FR');
INSERT INTO kanji_translation (kanji_id, translation_label, translation_lang) VALUES (142,'temps','FR');
INSERT INTO kanji_translation (kanji_id, translation_label, translation_lang) VALUES (142,'date','FR');
INSERT INTO kanji_translation (kanji_id, translation_label, translation_lang) VALUES (142,'terme','FR');
INSERT INTO kanji_translation (kanji_id, translation_label, translation_lang) VALUES (143,'attendez','FR');
INSERT INTO kanji_translation (kanji_id, translation_label, translation_lang) VALUES (143,'dépend de','FR');
INSERT INTO kanji_translation (kanji_id, translation_label, translation_lang) VALUES (145,'degrés','FR');
INSERT INTO kanji_translation (kanji_id, translation_label, translation_lang) VALUES (145,'occurrence','FR');
INSERT INTO kanji_translation (kanji_id, translation_label, translation_lang) VALUES (145,'temps','FR');
INSERT INTO kanji_translation (kanji_id, translation_label, translation_lang) VALUES (145,'compteur d''occurrences','FR');
INSERT INTO kanji_translation (kanji_id, translation_label, translation_lang) VALUES (145,'considérer','FR');
INSERT INTO kanji_translation (kanji_id, translation_label, translation_lang) VALUES (145,'attitude','FR');
INSERT INTO kanji_translation (kanji_id, translation_label, translation_lang) VALUES (147,'creuser','FR');
INSERT INTO kanji_translation (kanji_id, translation_label, translation_lang) VALUES (147,'creuser','FR');
INSERT INTO kanji_translation (kanji_id, translation_label, translation_lang) VALUES (147,'creuser','FR');
INSERT INTO kanji_translation (kanji_id, translation_label, translation_lang) VALUES (148,'réveiller','FR');
INSERT INTO kanji_translation (kanji_id, translation_label, translation_lang) VALUES (148,'réveillez-vous','FR');
INSERT INTO kanji_translation (kanji_id, translation_label, translation_lang) VALUES (148,'se lever','FR');
INSERT INTO kanji_translation (kanji_id, translation_label, translation_lang) VALUES (150,'masque','FR');
INSERT INTO kanji_translation (kanji_id, translation_label, translation_lang) VALUES (150,'affronter','FR');
INSERT INTO kanji_translation (kanji_id, translation_label, translation_lang) VALUES (150,'caractéristiques','FR');
INSERT INTO kanji_translation (kanji_id, translation_label, translation_lang) VALUES (150,'surface','FR');
INSERT INTO kanji_translation (kanji_id, translation_label, translation_lang) VALUES (151,'renverser','FR');
INSERT INTO kanji_translation (kanji_id, translation_label, translation_lang) VALUES (151,'automne','FR');
INSERT INTO kanji_translation (kanji_id, translation_label, translation_lang) VALUES (151,'effondrement','FR');
INSERT INTO kanji_translation (kanji_id, translation_label, translation_lang) VALUES (151,'baisse','FR');
INSERT INTO kanji_translation (kanji_id, translation_label, translation_lang) VALUES (151,'panne','FR');
INSERT INTO kanji_translation (kanji_id, translation_label, translation_lang) VALUES (153,'tourner','FR');
INSERT INTO kanji_translation (kanji_id, translation_label, translation_lang) VALUES (153,'faire demi-tour','FR');
INSERT INTO kanji_translation (kanji_id, translation_label, translation_lang) VALUES (153,'changement','FR');
INSERT INTO kanji_translation (kanji_id, translation_label, translation_lang) VALUES (156,'rassembler','FR');
INSERT INTO kanji_translation (kanji_id, translation_label, translation_lang) VALUES (156,'rencontrer','FR');
INSERT INTO kanji_translation (kanji_id, translation_label, translation_lang) VALUES (156,'se rassembler','FR');
INSERT INTO kanji_translation (kanji_id, translation_label, translation_lang) VALUES (156,'essaim','FR');
INSERT INTO kanji_translation (kanji_id, translation_label, translation_lang) VALUES (156,'troupeau','FR');
INSERT INTO kanji_translation (kanji_id, translation_label, translation_lang) VALUES (158,'ce qui suit','FR');
INSERT INTO kanji_translation (kanji_id, translation_label, translation_lang) VALUES (158,'suivant','FR');
INSERT INTO kanji_translation (kanji_id, translation_label, translation_lang) VALUES (159,'jour','FR');
INSERT INTO kanji_translation (kanji_id, translation_label, translation_lang) VALUES (159,'soleil','FR');
INSERT INTO kanji_translation (kanji_id, translation_label, translation_lang) VALUES (159,'Japon','FR');
INSERT INTO kanji_translation (kanji_id, translation_label, translation_lang) VALUES (159,'compteur de jours','FR');
INSERT INTO kanji_translation (kanji_id, translation_label, translation_lang) VALUES (161,'marque','FR');
INSERT INTO kanji_translation (kanji_id, translation_label, translation_lang) VALUES (161,'empreinte','FR');
INSERT INTO kanji_translation (kanji_id, translation_label, translation_lang) VALUES (162,'des pistes','FR');
INSERT INTO kanji_translation (kanji_id, translation_label, translation_lang) VALUES (162,'marque','FR');
INSERT INTO kanji_translation (kanji_id, translation_label, translation_lang) VALUES (162,'imprimer','FR');
INSERT INTO kanji_translation (kanji_id, translation_label, translation_lang) VALUES (162,'impression','FR');
INSERT INTO kanji_translation (kanji_id, translation_label, translation_lang) VALUES (164,'voir','FR');
INSERT INTO kanji_translation (kanji_id, translation_label, translation_lang) VALUES (164,'espoirs','FR');
INSERT INTO kanji_translation (kanji_id, translation_label, translation_lang) VALUES (164,'chances','FR');
INSERT INTO kanji_translation (kanji_id, translation_label, translation_lang) VALUES (164,'idée','FR');
INSERT INTO kanji_translation (kanji_id, translation_label, translation_lang) VALUES (164,'avis','FR');
INSERT INTO kanji_translation (kanji_id, translation_label, translation_lang) VALUES (164,'Regarder','FR');
INSERT INTO kanji_translation (kanji_id, translation_label, translation_lang) VALUES (164,'visible','FR');
INSERT INTO kanji_translation (kanji_id, translation_label, translation_lang) VALUES (165,'s''échapper','FR');
INSERT INTO kanji_translation (kanji_id, translation_label, translation_lang) VALUES (165,'fuir','FR');
INSERT INTO kanji_translation (kanji_id, translation_label, translation_lang) VALUES (165,'se dérober','FR');
INSERT INTO kanji_translation (kanji_id, translation_label, translation_lang) VALUES (165,'éluder','FR');
INSERT INTO kanji_translation (kanji_id, translation_label, translation_lang) VALUES (165,'libérer','FR');
INSERT INTO kanji_translation (kanji_id, translation_label, translation_lang) VALUES (167,'posséder','FR');
INSERT INTO kanji_translation (kanji_id, translation_label, translation_lang) VALUES (167,'avoir','FR');
INSERT INTO kanji_translation (kanji_id, translation_label, translation_lang) VALUES (167,'exister','FR');
INSERT INTO kanji_translation (kanji_id, translation_label, translation_lang) VALUES (167,'arriver','FR');
INSERT INTO kanji_translation (kanji_id, translation_label, translation_lang) VALUES (167,'se produire','FR');
INSERT INTO kanji_translation (kanji_id, translation_label, translation_lang) VALUES (167,'environ','FR');
INSERT INTO kanji_translation (kanji_id, translation_label, translation_lang) VALUES (168,'profit','FR');
INSERT INTO kanji_translation (kanji_id, translation_label, translation_lang) VALUES (168,'avantage','FR');
INSERT INTO kanji_translation (kanji_id, translation_label, translation_lang) VALUES (168,'avantage','FR');
INSERT INTO kanji_translation (kanji_id, translation_label, translation_lang) VALUES (170,'cou','FR');
INSERT INTO kanji_translation (kanji_id, translation_label, translation_lang) VALUES (170,'compteur de chansons et de poèmes','FR');
INSERT INTO kanji_translation (kanji_id, translation_label, translation_lang) VALUES (171,'queue','FR');
INSERT INTO kanji_translation (kanji_id, translation_label, translation_lang) VALUES (171,'fin','FR');
INSERT INTO kanji_translation (kanji_id, translation_label, translation_lang) VALUES (171,'comptoir poisson','FR');
INSERT INTO kanji_translation (kanji_id, translation_label, translation_lang) VALUES (171,'pente inférieure de la montagne','FR');
INSERT INTO kanji_translation (kanji_id, translation_label, translation_lang) VALUES (173,'juvénile','FR');
INSERT INTO kanji_translation (kanji_id, translation_label, translation_lang) VALUES (173,'enfant','FR');
INSERT INTO kanji_translation (kanji_id, translation_label, translation_lang) VALUES (174,'conte','FR');
INSERT INTO kanji_translation (kanji_id, translation_label, translation_lang) VALUES (174,'parler','FR');
INSERT INTO kanji_translation (kanji_id, translation_label, translation_lang) VALUES (176,'secouer','FR');
INSERT INTO kanji_translation (kanji_id, translation_label, translation_lang) VALUES (176,'vague','FR');
INSERT INTO kanji_translation (kanji_id, translation_label, translation_lang) VALUES (176,'remuer','FR');
INSERT INTO kanji_translation (kanji_id, translation_label, translation_lang) VALUES (176,'balançoire','FR');
INSERT INTO kanji_translation (kanji_id, translation_label, translation_lang) VALUES (177,'se déplacer','FR');
INSERT INTO kanji_translation (kanji_id, translation_label, translation_lang) VALUES (177,'mouvement','FR');
INSERT INTO kanji_translation (kanji_id, translation_label, translation_lang) VALUES (177,'changement','FR');
INSERT INTO kanji_translation (kanji_id, translation_label, translation_lang) VALUES (177,'confusion','FR');
INSERT INTO kanji_translation (kanji_id, translation_label, translation_lang) VALUES (177,'changement','FR');
INSERT INTO kanji_translation (kanji_id, translation_label, translation_lang) VALUES (177,'secouer','FR');
INSERT INTO kanji_translation (kanji_id, translation_label, translation_lang) VALUES (179,'superviser','FR');
INSERT INTO kanji_translation (kanji_id, translation_label, translation_lang) VALUES (179,'officiel','FR');
INSERT INTO kanji_translation (kanji_id, translation_label, translation_lang) VALUES (179,'bureau du gouvernement','FR');
INSERT INTO kanji_translation (kanji_id, translation_label, translation_lang) VALUES (179,'règle','FR');
INSERT INTO kanji_translation (kanji_id, translation_label, translation_lang) VALUES (179,'administrer','FR');
INSERT INTO kanji_translation (kanji_id, translation_label, translation_lang) VALUES (180,'inspection','FR');
INSERT INTO kanji_translation (kanji_id, translation_label, translation_lang) VALUES (180,'considèrent comme','FR');
INSERT INTO kanji_translation (kanji_id, translation_label, translation_lang) VALUES (180,'voir','FR');
INSERT INTO kanji_translation (kanji_id, translation_label, translation_lang) VALUES (180,'Regarder','FR');
INSERT INTO kanji_translation (kanji_id, translation_label, translation_lang) VALUES (181,'devoir','FR');
INSERT INTO kanji_translation (kanji_id, translation_label, translation_lang) VALUES (181,'guerre','FR');
INSERT INTO kanji_translation (kanji_id, translation_label, translation_lang) VALUES (181,'campagne','FR');
INSERT INTO kanji_translation (kanji_id, translation_label, translation_lang) VALUES (181,'travail en conscription','FR');
INSERT INTO kanji_translation (kanji_id, translation_label, translation_lang) VALUES (181,'bureau','FR');
INSERT INTO kanji_translation (kanji_id, translation_label, translation_lang) VALUES (181,'service','FR');
INSERT INTO kanji_translation (kanji_id, translation_label, translation_lang) VALUES (181,'rôle','FR');
INSERT INTO kanji_translation (kanji_id, translation_label, translation_lang) VALUES (183,'sein','FR');
INSERT INTO kanji_translation (kanji_id, translation_label, translation_lang) VALUES (183,'sein','FR');
INSERT INTO kanji_translation (kanji_id, translation_label, translation_lang) VALUES (183,'poitrine','FR');
INSERT INTO kanji_translation (kanji_id, translation_label, translation_lang) VALUES (183,'cœur','FR');
INSERT INTO kanji_translation (kanji_id, translation_label, translation_lang) VALUES (183,'sentiments','FR');
INSERT INTO kanji_translation (kanji_id, translation_label, translation_lang) VALUES (185,'déterminer','FR');
INSERT INTO kanji_translation (kanji_id, translation_label, translation_lang) VALUES (185,'réparer','FR');
INSERT INTO kanji_translation (kanji_id, translation_label, translation_lang) VALUES (185,'établir','FR');
INSERT INTO kanji_translation (kanji_id, translation_label, translation_lang) VALUES (185,'décider','FR');
INSERT INTO kanji_translation (kanji_id, translation_label, translation_lang) VALUES (186,'droiture','FR');
INSERT INTO kanji_translation (kanji_id, translation_label, translation_lang) VALUES (186,'justice','FR');
INSERT INTO kanji_translation (kanji_id, translation_label, translation_lang) VALUES (186,'moralité','FR');
INSERT INTO kanji_translation (kanji_id, translation_label, translation_lang) VALUES (186,'honneur','FR');
INSERT INTO kanji_translation (kanji_id, translation_label, translation_lang) VALUES (186,'loyauté','FR');
INSERT INTO kanji_translation (kanji_id, translation_label, translation_lang) VALUES (186,'signification','FR');
INSERT INTO kanji_translation (kanji_id, translation_label, translation_lang) VALUES (188,'bouche','FR');
INSERT INTO kanji_translation (kanji_id, translation_label, translation_lang) VALUES (189,'frapper','FR');
INSERT INTO kanji_translation (kanji_id, translation_label, translation_lang) VALUES (189,'droite','FR');
INSERT INTO kanji_translation (kanji_id, translation_label, translation_lang) VALUES (189,'approprié','FR');
INSERT INTO kanji_translation (kanji_id, translation_label, translation_lang) VALUES (189,'lui-même','FR');
INSERT INTO kanji_translation (kanji_id, translation_label, translation_lang) VALUES (191,'concentré','FR');
INSERT INTO kanji_translation (kanji_id, translation_label, translation_lang) VALUES (191,'épais','FR');
INSERT INTO kanji_translation (kanji_id, translation_label, translation_lang) VALUES (191,'sombre','FR');
INSERT INTO kanji_translation (kanji_id, translation_label, translation_lang) VALUES (191,'non dilué','FR');
INSERT INTO kanji_translation (kanji_id, translation_label, translation_lang) VALUES (193,'entreprise','FR');
INSERT INTO kanji_translation (kanji_id, translation_label, translation_lang) VALUES (193,'vocation','FR');
INSERT INTO kanji_translation (kanji_id, translation_label, translation_lang) VALUES (193,'arts','FR');
INSERT INTO kanji_translation (kanji_id, translation_label, translation_lang) VALUES (193,'performance','FR');


--
-- TOC entry 3321 (class 0 OID 16586)
-- Dependencies: 215
-- Data for Name: word; Type: TABLE DATA; Schema: public; Owner: -
--

INSERT INTO word (id, furigana_value, time_stamp, "value", user_id) VALUES (42, 'ゆうびんきょく', '2020-04-15 01:35:16', '郵便局', 1);
INSERT INTO word (id, furigana_value, time_stamp, "value", user_id) VALUES (43, 'かぞく', '2020-04-15 01:39:25', '家族', 1);
INSERT INTO word (id, furigana_value, time_stamp, "value", user_id) VALUES (44, 'おおさか', '2020-04-15 11:02:48', '大阪', 1);
INSERT INTO word (id, furigana_value, time_stamp, "value", user_id) VALUES (47, 'さっそく', '2020-04-15 11:04:52', '早速', 1);
INSERT INTO word (id, furigana_value, time_stamp, "value", user_id) VALUES (50, 'ちゅうとはんば', '2020-04-15 11:22:19', '中途半端', 1);
INSERT INTO word (id, furigana_value, time_stamp, "value", user_id) VALUES (55, 'せかい', '2020-04-15 14:21:22', '世界', 1);
INSERT INTO word (id, furigana_value, time_stamp, "value", user_id) VALUES (58, 'えがお', '2020-04-15 14:31:20', '笑顔', 1);
INSERT INTO word (id, furigana_value, time_stamp, "value", user_id) VALUES (61, 'ほしぞら', '2020-04-15 14:34:37', '星空', 1);
INSERT INTO word (id, furigana_value, time_stamp, "value", user_id) VALUES (64, 'すでに', '2020-04-15 15:44:53', '既に', 1);
INSERT INTO word (id, furigana_value, time_stamp, "value", user_id) VALUES (66, 'じょうきょう', '2020-04-15 20:38:50', '状況', 1);
INSERT INTO word (id, furigana_value, time_stamp, "value", user_id) VALUES (69, 'いっさいがっさい', '2020-04-15 22:25:38', '一切合切', 1);
INSERT INTO word (id, furigana_value, time_stamp, "value", user_id) VALUES (74, 'じょうほう', '2020-04-15 22:29:12', '情報', 1);
INSERT INTO word (id, furigana_value, time_stamp, "value", user_id) VALUES (77, 'でんたつ', '2020-04-15 22:30:00', '伝達', 1);
INSERT INTO word (id, furigana_value, time_stamp, "value", user_id) VALUES (80, 'なまえ', '2020-04-15 22:44:38', '名前', 1);
INSERT INTO word (id, furigana_value, time_stamp, "value", user_id) VALUES (83, 'だいがく', '2020-04-15 22:45:59', '大学', 1);
INSERT INTO word (id, furigana_value, time_stamp, "value", user_id) VALUES (85, 'わがはい', '2020-04-16 00:38:36', '吾輩', 1);
INSERT INTO word (id, furigana_value, time_stamp, "value", user_id) VALUES (88, 'たいよう', '2020-04-16 00:46:23', '太陽', 1);
INSERT INTO word (id, furigana_value, time_stamp, "value", user_id) VALUES (91, 'おとりこみちゅう', '2020-04-17 23:23:26', 'お取り込み中', 1);
INSERT INTO word (id, furigana_value, time_stamp, "value", user_id) VALUES (94, 'いしょう', '2020-04-17 23:24:18', '衣装', 1);
INSERT INTO word (id, furigana_value, time_stamp, "value", user_id) VALUES (97, 'ごうだつ', '2020-04-17 23:56:51', '強奪', 1);
INSERT INTO word (id, furigana_value, time_stamp, "value", user_id) VALUES (100, 'あんしょう', '2020-04-18 00:00:30', '暗礁', 1);
INSERT INTO word (id, furigana_value, time_stamp, "value", user_id) VALUES (103, 'はつあん', '2020-04-18 00:03:49', '発案', 1);
INSERT INTO word (id, furigana_value, time_stamp, "value", user_id) VALUES (106, 'はつめい', '2020-04-18 00:05:13', '発明', 1);
INSERT INTO word (id, furigana_value, time_stamp, "value", user_id) VALUES (108, 'よかん', '2020-04-18 00:08:12', '予感', 1);
INSERT INTO word (id, furigana_value, time_stamp, "value", user_id) VALUES (110, 'おんびん', '2020-04-18 00:11:01', '穏便', 1);
INSERT INTO word (id, furigana_value, time_stamp, "value", user_id) VALUES (112, 'きちょうひん', '2020-04-18 00:20:24', '貴重品', 1);
INSERT INTO word (id, furigana_value, time_stamp, "value", user_id) VALUES (116, 'ようきゅう', '2020-04-18 00:27:39', '要求', 1);
INSERT INTO word (id, furigana_value, time_stamp, "value", user_id) VALUES (119, 'そうじ', '2020-04-18 00:30:35', '掃除', 1);
INSERT INTO word (id, furigana_value, time_stamp, "value", user_id) VALUES (122, 'おんせん', '2020-04-18 17:28:25', '温泉', 1);
INSERT INTO word (id, furigana_value, time_stamp, "value", user_id) VALUES (125, 'ふにおちん', '2020-04-18 22:58:45', '腑に落ちん', 1);
INSERT INTO word (id, furigana_value, time_stamp, "value", user_id) VALUES (128, 'とうか', '2020-04-18 23:49:57', '等価', 1);
INSERT INTO word (id, furigana_value, time_stamp, "value", user_id) VALUES (131, 'すりかえる', '2020-04-18 23:59:51', 'すり替える', 1);
INSERT INTO word (id, furigana_value, time_stamp, "value", user_id) VALUES (133, 'でんじゅ', '2020-04-19 00:02:58', '伝授', 1);
INSERT INTO word (id, furigana_value, time_stamp, "value", user_id) VALUES (135, 'なっとくする', '2020-04-19 22:55:36', '納得する', 1);
INSERT INTO word (id, furigana_value, time_stamp, "value", user_id) VALUES (138, 'きょうはん', '2020-04-19 22:56:39', '共犯', 1);
INSERT INTO word (id, furigana_value, time_stamp, "value", user_id) VALUES (141, 'きたい', '2020-04-19 23:07:13', '期待', 1);
INSERT INTO word (id, furigana_value, time_stamp, "value", user_id) VALUES (144, 'このたび', '2020-04-19 23:10:39', 'この度', 1);
INSERT INTO word (id, furigana_value, time_stamp, "value", user_id) VALUES (146, 'ほりおこす', '2020-04-19 23:41:28', '掘り起こす ', 1);
INSERT INTO word (id, furigana_value, time_stamp, "value", user_id) VALUES (149, 'めんどう', '2020-04-19 23:42:44', '面倒', 1);
INSERT INTO word (id, furigana_value, time_stamp, "value", user_id) VALUES (152, 'ころがってる', '2020-04-19 23:56:39', '転がってる', 1);
INSERT INTO word (id, furigana_value, time_stamp, "value", user_id) VALUES (154, 'みょうちょう', '2020-04-21 23:55:37', '明朝', 1);
INSERT INTO word (id, furigana_value, time_stamp, "value", user_id) VALUES (155, 'しゅうごう', '2020-04-21 23:57:31', '集合', 1);
INSERT INTO word (id, furigana_value, time_stamp, "value", user_id) VALUES (157, 'よくじつ', '2020-04-22 00:09:03', '翌日', 1);
INSERT INTO word (id, furigana_value, time_stamp, "value", user_id) VALUES (160, 'こんせき', '2020-04-22 00:23:02', '痕跡', 1);
INSERT INTO word (id, furigana_value, time_stamp, "value", user_id) VALUES (163, 'みのがす', '2020-04-22 00:34:14', '見逃す', 1);
INSERT INTO word (id, furigana_value, time_stamp, "value", user_id) VALUES (166, 'ゆうり', '2020-04-25 23:06:37', '有利', 1);
INSERT INTO word (id, furigana_value, time_stamp, "value", user_id) VALUES (169, 'しゅび', '2020-04-25 23:18:30', '首尾', 1);
INSERT INTO word (id, furigana_value, time_stamp, "value", user_id) VALUES (172, 'どうわ', '2020-04-25 23:25:18', '童話', 1);
INSERT INTO word (id, furigana_value, time_stamp, "value", user_id) VALUES (175, 'しんどう', '2020-04-26 00:04:18', '振動', 1);
INSERT INTO word (id, furigana_value, time_stamp, "value", user_id) VALUES (178, 'かんしやく', '2020-04-26 00:17:14', '監視役', 1);
INSERT INTO word (id, furigana_value, time_stamp, "value", user_id) VALUES (182, 'どきょう', '2020-04-26 21:32:48', '度胸', 1);
INSERT INTO word (id, furigana_value, time_stamp, "value", user_id) VALUES (184, 'ていぎ', '2020-04-26 21:57:23', '定義', 1);
INSERT INTO word (id, furigana_value, time_stamp, "value", user_id) VALUES (187, 'くちあたり', '2020-04-27 22:56:16', '口当たり', 1);
INSERT INTO word (id, furigana_value, time_stamp, "value", user_id) VALUES (190, 'こい', '2020-04-27 23:04:38', '濃い', 1);
INSERT INTO word (id, furigana_value, time_stamp, "value", user_id) VALUES (192, 'じゅぎょう', '2021-11-17 21:59:38', '授業', 1);


--
-- TOC entry 3340 (class 0 OID 16593)
-- Dependencies: 216
-- Data for Name: word_kanji; Type: TABLE DATA; Schema: public; Owner: -
--

INSERT INTO word_kanji (word_id, kanji_id) VALUES (42, 30);
INSERT INTO word_kanji (word_id, kanji_id) VALUES (42, 31);
INSERT INTO word_kanji (word_id, kanji_id) VALUES (42, 32);
INSERT INTO word_kanji (word_id, kanji_id) VALUES (43, 24);
INSERT INTO word_kanji (word_id, kanji_id) VALUES (43, 25);
INSERT INTO word_kanji (word_id, kanji_id) VALUES (44, 45);
INSERT INTO word_kanji (word_id, kanji_id) VALUES (44, 46);
INSERT INTO word_kanji (word_id, kanji_id) VALUES (47, 48);
INSERT INTO word_kanji (word_id, kanji_id) VALUES (47, 49);
INSERT INTO word_kanji (word_id, kanji_id) VALUES (50, 51);
INSERT INTO word_kanji (word_id, kanji_id) VALUES (50, 52);
INSERT INTO word_kanji (word_id, kanji_id) VALUES (50, 53);
INSERT INTO word_kanji (word_id, kanji_id) VALUES (50, 54);
INSERT INTO word_kanji (word_id, kanji_id) VALUES (55, 56);
INSERT INTO word_kanji (word_id, kanji_id) VALUES (55, 57);
INSERT INTO word_kanji (word_id, kanji_id) VALUES (58, 59);
INSERT INTO word_kanji (word_id, kanji_id) VALUES (58, 60);
INSERT INTO word_kanji (word_id, kanji_id) VALUES (61, 62);
INSERT INTO word_kanji (word_id, kanji_id) VALUES (61, 63);
INSERT INTO word_kanji (word_id, kanji_id) VALUES (64, 65);
INSERT INTO word_kanji (word_id, kanji_id) VALUES (66, 67);
INSERT INTO word_kanji (word_id, kanji_id) VALUES (66, 68);
INSERT INTO word_kanji (word_id, kanji_id) VALUES (69, 70);
INSERT INTO word_kanji (word_id, kanji_id) VALUES (69, 71);
INSERT INTO word_kanji (word_id, kanji_id) VALUES (69, 72);
INSERT INTO word_kanji (word_id, kanji_id) VALUES (69, 73);
INSERT INTO word_kanji (word_id, kanji_id) VALUES (74, 75);
INSERT INTO word_kanji (word_id, kanji_id) VALUES (74, 76);
INSERT INTO word_kanji (word_id, kanji_id) VALUES (77, 78);
INSERT INTO word_kanji (word_id, kanji_id) VALUES (77, 79);
INSERT INTO word_kanji (word_id, kanji_id) VALUES (80, 81);
INSERT INTO word_kanji (word_id, kanji_id) VALUES (80, 82);
INSERT INTO word_kanji (word_id, kanji_id) VALUES (83, 45);
INSERT INTO word_kanji (word_id, kanji_id) VALUES (83, 84);
INSERT INTO word_kanji (word_id, kanji_id) VALUES (85, 86);
INSERT INTO word_kanji (word_id, kanji_id) VALUES (85, 87);
INSERT INTO word_kanji (word_id, kanji_id) VALUES (88, 89);
INSERT INTO word_kanji (word_id, kanji_id) VALUES (88, 90);
INSERT INTO word_kanji (word_id, kanji_id) VALUES (91, 92);
INSERT INTO word_kanji (word_id, kanji_id) VALUES (91, 93);
INSERT INTO word_kanji (word_id, kanji_id) VALUES (91, 51);
INSERT INTO word_kanji (word_id, kanji_id) VALUES (94, 95);
INSERT INTO word_kanji (word_id, kanji_id) VALUES (94, 96);
INSERT INTO word_kanji (word_id, kanji_id) VALUES (97, 98);
INSERT INTO word_kanji (word_id, kanji_id) VALUES (97, 99);
INSERT INTO word_kanji (word_id, kanji_id) VALUES (100, 101);
INSERT INTO word_kanji (word_id, kanji_id) VALUES (100, 102);
INSERT INTO word_kanji (word_id, kanji_id) VALUES (103, 104);
INSERT INTO word_kanji (word_id, kanji_id) VALUES (103, 105);
INSERT INTO word_kanji (word_id, kanji_id) VALUES (106, 104);
INSERT INTO word_kanji (word_id, kanji_id) VALUES (106, 107);
INSERT INTO word_kanji (word_id, kanji_id) VALUES (108, 109);
INSERT INTO word_kanji (word_id, kanji_id) VALUES (108, 11);
INSERT INTO word_kanji (word_id, kanji_id) VALUES (110, 111);
INSERT INTO word_kanji (word_id, kanji_id) VALUES (110, 31);
INSERT INTO word_kanji (word_id, kanji_id) VALUES (112, 113);
INSERT INTO word_kanji (word_id, kanji_id) VALUES (112, 114);
INSERT INTO word_kanji (word_id, kanji_id) VALUES (112, 115);
INSERT INTO word_kanji (word_id, kanji_id) VALUES (116, 117);
INSERT INTO word_kanji (word_id, kanji_id) VALUES (116, 118);
INSERT INTO word_kanji (word_id, kanji_id) VALUES (119, 120);
INSERT INTO word_kanji (word_id, kanji_id) VALUES (119, 121);
INSERT INTO word_kanji (word_id, kanji_id) VALUES (122, 123);
INSERT INTO word_kanji (word_id, kanji_id) VALUES (122, 124);
INSERT INTO word_kanji (word_id, kanji_id) VALUES (125, 126);
INSERT INTO word_kanji (word_id, kanji_id) VALUES (125, 127);
INSERT INTO word_kanji (word_id, kanji_id) VALUES (128, 129);
INSERT INTO word_kanji (word_id, kanji_id) VALUES (128, 130);
INSERT INTO word_kanji (word_id, kanji_id) VALUES (131, 132);
INSERT INTO word_kanji (word_id, kanji_id) VALUES (133, 78);
INSERT INTO word_kanji (word_id, kanji_id) VALUES (133, 134);
INSERT INTO word_kanji (word_id, kanji_id) VALUES (135, 136);
INSERT INTO word_kanji (word_id, kanji_id) VALUES (135, 137);
INSERT INTO word_kanji (word_id, kanji_id) VALUES (138, 139);
INSERT INTO word_kanji (word_id, kanji_id) VALUES (138, 140);
INSERT INTO word_kanji (word_id, kanji_id) VALUES (141, 142);
INSERT INTO word_kanji (word_id, kanji_id) VALUES (141, 143);
INSERT INTO word_kanji (word_id, kanji_id) VALUES (144, 145);
INSERT INTO word_kanji (word_id, kanji_id) VALUES (146, 147);
INSERT INTO word_kanji (word_id, kanji_id) VALUES (146, 148);
INSERT INTO word_kanji (word_id, kanji_id) VALUES (149, 150);
INSERT INTO word_kanji (word_id, kanji_id) VALUES (149, 151);
INSERT INTO word_kanji (word_id, kanji_id) VALUES (152, 153);
INSERT INTO word_kanji (word_id, kanji_id) VALUES (154, 107);
INSERT INTO word_kanji (word_id, kanji_id) VALUES (154, 19);
INSERT INTO word_kanji (word_id, kanji_id) VALUES (155, 156);
INSERT INTO word_kanji (word_id, kanji_id) VALUES (155, 72);
INSERT INTO word_kanji (word_id, kanji_id) VALUES (157, 158);
INSERT INTO word_kanji (word_id, kanji_id) VALUES (157, 159);
INSERT INTO word_kanji (word_id, kanji_id) VALUES (160, 161);
INSERT INTO word_kanji (word_id, kanji_id) VALUES (160, 162);
INSERT INTO word_kanji (word_id, kanji_id) VALUES (163, 164);
INSERT INTO word_kanji (word_id, kanji_id) VALUES (163, 165);
INSERT INTO word_kanji (word_id, kanji_id) VALUES (166, 167);
INSERT INTO word_kanji (word_id, kanji_id) VALUES (166, 168);
INSERT INTO word_kanji (word_id, kanji_id) VALUES (169, 170);
INSERT INTO word_kanji (word_id, kanji_id) VALUES (169, 171);
INSERT INTO word_kanji (word_id, kanji_id) VALUES (172, 173);
INSERT INTO word_kanji (word_id, kanji_id) VALUES (172, 174);
INSERT INTO word_kanji (word_id, kanji_id) VALUES (175, 176);
INSERT INTO word_kanji (word_id, kanji_id) VALUES (175, 177);
INSERT INTO word_kanji (word_id, kanji_id) VALUES (178, 179);
INSERT INTO word_kanji (word_id, kanji_id) VALUES (178, 180);
INSERT INTO word_kanji (word_id, kanji_id) VALUES (178, 181);
INSERT INTO word_kanji (word_id, kanji_id) VALUES (182, 145);
INSERT INTO word_kanji (word_id, kanji_id) VALUES (182, 183);
INSERT INTO word_kanji (word_id, kanji_id) VALUES (184, 185);
INSERT INTO word_kanji (word_id, kanji_id) VALUES (184, 186);
INSERT INTO word_kanji (word_id, kanji_id) VALUES (187, 188);
INSERT INTO word_kanji (word_id, kanji_id) VALUES (187, 189);
INSERT INTO word_kanji (word_id, kanji_id) VALUES (190, 191);
INSERT INTO word_kanji (word_id, kanji_id) VALUES (192, 134);
INSERT INTO word_kanji (word_id, kanji_id) VALUES (192, 193);

INSERT INTO word_translation (word_id, translation_label, translation_lang) VALUES (42,'Post Office','EN');
INSERT INTO word_translation (word_id, translation_label, translation_lang) VALUES (43,'family','EN');
INSERT INTO word_translation (word_id, translation_label, translation_lang) VALUES (44,'Osaka','EN');
INSERT INTO word_translation (word_id, translation_label, translation_lang) VALUES (47,'Immediately','EN');
INSERT INTO word_translation (word_id, translation_label, translation_lang) VALUES (50,'Incomplete','EN');
INSERT INTO word_translation (word_id, translation_label, translation_lang) VALUES (50,'Don''t go through with it','EN');
INSERT INTO word_translation (word_id, translation_label, translation_lang) VALUES (55,'World','EN');
INSERT INTO word_translation (word_id, translation_label, translation_lang) VALUES (58,'Smile','EN');
INSERT INTO word_translation (word_id, translation_label, translation_lang) VALUES (61,'Starry sky','EN');
INSERT INTO word_translation (word_id, translation_label, translation_lang) VALUES (64,'Already','EN');
INSERT INTO word_translation (word_id, translation_label, translation_lang) VALUES (66,'Condition','EN');
INSERT INTO word_translation (word_id, translation_label, translation_lang) VALUES (66,'Circumstance','EN');
INSERT INTO word_translation (word_id, translation_label, translation_lang) VALUES (66,'Situation','EN');
INSERT INTO word_translation (word_id, translation_label, translation_lang) VALUES (69,'All together','EN');
INSERT INTO word_translation (word_id, translation_label, translation_lang) VALUES (69,'End to end','EN');
INSERT INTO word_translation (word_id, translation_label, translation_lang) VALUES (74,'Information','EN');
INSERT INTO word_translation (word_id, translation_label, translation_lang) VALUES (77,'Transfer','EN');
INSERT INTO word_translation (word_id, translation_label, translation_lang) VALUES (77,'Transmission','EN');
INSERT INTO word_translation (word_id, translation_label, translation_lang) VALUES (80,'Name','EN');
INSERT INTO word_translation (word_id, translation_label, translation_lang) VALUES (83,'University','EN');
INSERT INTO word_translation (word_id, translation_label, translation_lang) VALUES (85,'I (Gintama)','EN');
INSERT INTO word_translation (word_id, translation_label, translation_lang) VALUES (88,'The sun','EN');
INSERT INTO word_translation (word_id, translation_label, translation_lang) VALUES (91,'To be busy','EN');
INSERT INTO word_translation (word_id, translation_label, translation_lang) VALUES (91,'To disturb','EN');
INSERT INTO word_translation (word_id, translation_label, translation_lang) VALUES (94,'Disguise','EN');
INSERT INTO word_translation (word_id, translation_label, translation_lang) VALUES (97,'Flight','EN');
INSERT INTO word_translation (word_id, translation_label, translation_lang) VALUES (97,'Robbery','EN');
INSERT INTO word_translation (word_id, translation_label, translation_lang) VALUES (100,'Reef','EN');
INSERT INTO word_translation (word_id, translation_label, translation_lang) VALUES (103,'Proposal','EN');
INSERT INTO word_translation (word_id, translation_label, translation_lang) VALUES (103,'Suggestion','EN');
INSERT INTO word_translation (word_id, translation_label, translation_lang) VALUES (103,'Idea','EN');
INSERT INTO word_translation (word_id, translation_label, translation_lang) VALUES (106,'Invention','EN');
INSERT INTO word_translation (word_id, translation_label, translation_lang) VALUES (108,'Presentiment','EN');
INSERT INTO word_translation (word_id, translation_label, translation_lang) VALUES (110,'Amicable','EN');
INSERT INTO word_translation (word_id, translation_label, translation_lang) VALUES (110,'Friendly','EN');
INSERT INTO word_translation (word_id, translation_label, translation_lang) VALUES (110,'Peacefully','EN');
INSERT INTO word_translation (word_id, translation_label, translation_lang) VALUES (112,'Valuable objects','EN');
INSERT INTO word_translation (word_id, translation_label, translation_lang) VALUES (116,'Request','EN');
INSERT INTO word_translation (word_id, translation_label, translation_lang) VALUES (116,'Request','EN');
INSERT INTO word_translation (word_id, translation_label, translation_lang) VALUES (119,'Cleaning','EN');
INSERT INTO word_translation (word_id, translation_label, translation_lang) VALUES (119,'Household','EN');
INSERT INTO word_translation (word_id, translation_label, translation_lang) VALUES (122,'Hot thermal spring','EN');
INSERT INTO word_translation (word_id, translation_label, translation_lang) VALUES (125,'Do not digest','EN');
INSERT INTO word_translation (word_id, translation_label, translation_lang) VALUES (128,'equivalent','EN');
INSERT INTO word_translation (word_id, translation_label, translation_lang) VALUES (131,'Substitute','EN');
INSERT INTO word_translation (word_id, translation_label, translation_lang) VALUES (133,'Initiation','EN');
INSERT INTO word_translation (word_id, translation_label, translation_lang) VALUES (133,'Education','EN');
INSERT INTO word_translation (word_id, translation_label, translation_lang) VALUES (135,'to agree','EN');
INSERT INTO word_translation (word_id, translation_label, translation_lang) VALUES (138,'Partner in crime','EN');
INSERT INTO word_translation (word_id, translation_label, translation_lang) VALUES (141,'Expectations (expectations)','EN');
INSERT INTO word_translation (word_id, translation_label, translation_lang) VALUES (144,'This time','EN');
INSERT INTO word_translation (word_id, translation_label, translation_lang) VALUES (146,'Dig up','EN');
INSERT INTO word_translation (word_id, translation_label, translation_lang) VALUES (146,'Dig','EN');
INSERT INTO word_translation (word_id, translation_label, translation_lang) VALUES (149,'Embarrassed','EN');
INSERT INTO word_translation (word_id, translation_label, translation_lang) VALUES (149,'Trouble','EN');
INSERT INTO word_translation (word_id, translation_label, translation_lang) VALUES (152,'Rolling on the ground','EN');
INSERT INTO word_translation (word_id, translation_label, translation_lang) VALUES (154,'Tomorrow morning','EN');
INSERT INTO word_translation (word_id, translation_label, translation_lang) VALUES (155,'Together','EN');
INSERT INTO word_translation (word_id, translation_label, translation_lang) VALUES (155,'Gathering','EN');
INSERT INTO word_translation (word_id, translation_label, translation_lang) VALUES (157,'The next day','EN');
INSERT INTO word_translation (word_id, translation_label, translation_lang) VALUES (160,'Trace','EN');
INSERT INTO word_translation (word_id, translation_label, translation_lang) VALUES (163,'Miss (miss)','EN');
INSERT INTO word_translation (word_id, translation_label, translation_lang) VALUES (166,'Advantageous','EN');
INSERT INTO word_translation (word_id, translation_label, translation_lang) VALUES (166,'Profitable','EN');
INSERT INTO word_translation (word_id, translation_label, translation_lang) VALUES (169,'From beginning to end','EN');
INSERT INTO word_translation (word_id, translation_label, translation_lang) VALUES (172,'Fairy tale','EN');
INSERT INTO word_translation (word_id, translation_label, translation_lang) VALUES (175,'Ocillation','EN');
INSERT INTO word_translation (word_id, translation_label, translation_lang) VALUES (175,'Vibration','EN');
INSERT INTO word_translation (word_id, translation_label, translation_lang) VALUES (178,'Monitor','EN');
INSERT INTO word_translation (word_id, translation_label, translation_lang) VALUES (178,'Supervisor','EN');
INSERT INTO word_translation (word_id, translation_label, translation_lang) VALUES (182,'Courage','EN');
INSERT INTO word_translation (word_id, translation_label, translation_lang) VALUES (184,'Definition','EN');
INSERT INTO word_translation (word_id, translation_label, translation_lang) VALUES (187,'Taste','EN');
INSERT INTO word_translation (word_id, translation_label, translation_lang) VALUES (190,'Rich','EN');
INSERT INTO word_translation (word_id, translation_label, translation_lang) VALUES (190,'Deep','EN');
INSERT INTO word_translation (word_id, translation_label, translation_lang) VALUES (190,'Pronounced','EN');
INSERT INTO word_translation (word_id, translation_label, translation_lang) VALUES (192,'Course (class)','EN');
INSERT INTO word_translation (word_id, translation_label, translation_lang) VALUES (42, 'Bureau de poste', 'FR');
INSERT INTO word_translation (word_id, translation_label, translation_lang) VALUES (43, 'famille', 'FR');
INSERT INTO word_translation (word_id, translation_label, translation_lang) VALUES (44, 'Osaka', 'FR');
INSERT INTO word_translation (word_id, translation_label, translation_lang) VALUES (47, 'Immédiatement', 'FR');
INSERT INTO word_translation (word_id, translation_label, translation_lang) VALUES (50, 'Incomplet', 'FR');
INSERT INTO word_translation (word_id, translation_label, translation_lang) VALUES (50, 'Ne pas aller au bout', 'FR');
INSERT INTO word_translation (word_id, translation_label, translation_lang) VALUES (55, 'Monde', 'FR');
INSERT INTO word_translation (word_id, translation_label, translation_lang) VALUES (58, 'Sourire', 'FR');
INSERT INTO word_translation (word_id, translation_label, translation_lang) VALUES (61, 'Ciel étoilé', 'FR');
INSERT INTO word_translation (word_id, translation_label, translation_lang) VALUES (64, 'Déjà', 'FR');
INSERT INTO word_translation (word_id, translation_label, translation_lang) VALUES (66, 'Condition', 'FR');
INSERT INTO word_translation (word_id, translation_label, translation_lang) VALUES (66, 'Circonstance', 'FR');
INSERT INTO word_translation (word_id, translation_label, translation_lang) VALUES (66, 'Situatation', 'FR');
INSERT INTO word_translation (word_id, translation_label, translation_lang) VALUES (69, 'Tout ensemble', 'FR');
INSERT INTO word_translation (word_id, translation_label, translation_lang) VALUES (69, 'Bout à bout', 'FR');
INSERT INTO word_translation (word_id, translation_label, translation_lang) VALUES (74, 'Information', 'FR');
INSERT INTO word_translation (word_id, translation_label, translation_lang) VALUES (77, 'Transfert', 'FR');
INSERT INTO word_translation (word_id, translation_label, translation_lang) VALUES (77, 'Transmission', 'FR');
INSERT INTO word_translation (word_id, translation_label, translation_lang) VALUES (80, 'Nom', 'FR');
INSERT INTO word_translation (word_id, translation_label, translation_lang) VALUES (83, 'Université', 'FR');
INSERT INTO word_translation (word_id, translation_label, translation_lang) VALUES (85, 'Je (Gintama)', 'FR');
INSERT INTO word_translation (word_id, translation_label, translation_lang) VALUES (88, 'Le soleil', 'FR');
INSERT INTO word_translation (word_id, translation_label, translation_lang) VALUES (91, 'Être occupé', 'FR');
INSERT INTO word_translation (word_id, translation_label, translation_lang) VALUES (91, 'Déranger', 'FR');
INSERT INTO word_translation (word_id, translation_label, translation_lang) VALUES (94, 'Déguisement', 'FR');
INSERT INTO word_translation (word_id, translation_label, translation_lang) VALUES (97, 'Vol', 'FR');
INSERT INTO word_translation (word_id, translation_label, translation_lang) VALUES (97, 'Braquage', 'FR');
INSERT INTO word_translation (word_id, translation_label, translation_lang) VALUES (100, 'Récif', 'FR');
INSERT INTO word_translation (word_id, translation_label, translation_lang) VALUES (103, 'Proposition', 'FR');
INSERT INTO word_translation (word_id, translation_label, translation_lang) VALUES (103, 'Suggestion', 'FR');
INSERT INTO word_translation (word_id, translation_label, translation_lang) VALUES (103, 'Idée', 'FR');
INSERT INTO word_translation (word_id, translation_label, translation_lang) VALUES (106, 'Invention', 'FR');
INSERT INTO word_translation (word_id, translation_label, translation_lang) VALUES (108, 'Pressentiment', 'FR');
INSERT INTO word_translation (word_id, translation_label, translation_lang) VALUES (110, 'Amiable', 'FR');
INSERT INTO word_translation (word_id, translation_label, translation_lang) VALUES (110, 'Amical', 'FR');
INSERT INTO word_translation (word_id, translation_label, translation_lang) VALUES (110, 'Paisiblement', 'FR');
INSERT INTO word_translation (word_id, translation_label, translation_lang) VALUES (112, 'Objets de valeur', 'FR');
INSERT INTO word_translation (word_id, translation_label, translation_lang) VALUES (116, 'Demande', 'FR');
INSERT INTO word_translation (word_id, translation_label, translation_lang) VALUES (116, 'Requête', 'FR');
INSERT INTO word_translation (word_id, translation_label, translation_lang) VALUES (119, 'Nettoyage', 'FR');
INSERT INTO word_translation (word_id, translation_label, translation_lang) VALUES (119, 'Ménage', 'FR');
INSERT INTO word_translation (word_id, translation_label, translation_lang) VALUES (122, 'Source chaude, thermale', 'FR');
INSERT INTO word_translation (word_id, translation_label, translation_lang) VALUES (125, 'Ne pas digérer', 'FR');
INSERT INTO word_translation (word_id, translation_label, translation_lang) VALUES (128, 'équivalent', 'FR');
INSERT INTO word_translation (word_id, translation_label, translation_lang) VALUES (131, 'Substituer', 'FR');
INSERT INTO word_translation (word_id, translation_label, translation_lang) VALUES (133, 'Initiation', 'FR');
INSERT INTO word_translation (word_id, translation_label, translation_lang) VALUES (133, 'Enseignement', 'FR');
INSERT INTO word_translation (word_id, translation_label, translation_lang) VALUES (135, 'être d''accord', 'FR');
INSERT INTO word_translation (word_id, translation_label, translation_lang) VALUES (138, 'Complice', 'FR');
INSERT INTO word_translation (word_id, translation_label, translation_lang) VALUES (141, 'Attentes (expectations)', 'FR');
INSERT INTO word_translation (word_id, translation_label, translation_lang) VALUES (144, 'Cette fois', 'FR');
INSERT INTO word_translation (word_id, translation_label, translation_lang) VALUES (146, 'Déterrer', 'FR');
INSERT INTO word_translation (word_id, translation_label, translation_lang) VALUES (146, 'Creuser', 'FR');
INSERT INTO word_translation (word_id, translation_label, translation_lang) VALUES (149, 'Gêne', 'FR');
INSERT INTO word_translation (word_id, translation_label, translation_lang) VALUES (149, 'Trouble', 'FR');
INSERT INTO word_translation (word_id, translation_label, translation_lang) VALUES (152, 'Rouler sur le sol', 'FR');
INSERT INTO word_translation (word_id, translation_label, translation_lang) VALUES (154, 'Demain matin', 'FR');
INSERT INTO word_translation (word_id, translation_label, translation_lang) VALUES (155, 'Ensemble', 'FR');
INSERT INTO word_translation (word_id, translation_label, translation_lang) VALUES (155, 'Rassemblement', 'FR');
INSERT INTO word_translation (word_id, translation_label, translation_lang) VALUES (157, 'Le jour suivant', 'FR');
INSERT INTO word_translation (word_id, translation_label, translation_lang) VALUES (160, 'Trace', 'FR');
INSERT INTO word_translation (word_id, translation_label, translation_lang) VALUES (163, 'Manquer (louper)', 'FR');
INSERT INTO word_translation (word_id, translation_label, translation_lang) VALUES (166, 'Avantageux', 'FR');
INSERT INTO word_translation (word_id, translation_label, translation_lang) VALUES (166, 'Profitable', 'FR');
INSERT INTO word_translation (word_id, translation_label, translation_lang) VALUES (169, 'Du début à la fin', 'FR');
INSERT INTO word_translation (word_id, translation_label, translation_lang) VALUES (172, 'Conte de fées, pour enfants', 'FR');
INSERT INTO word_translation (word_id, translation_label, translation_lang) VALUES (175, 'Ocillation', 'FR');
INSERT INTO word_translation (word_id, translation_label, translation_lang) VALUES (175, 'Vibration', 'FR');
INSERT INTO word_translation (word_id, translation_label, translation_lang) VALUES (178, 'Moniteur', 'FR');
INSERT INTO word_translation (word_id, translation_label, translation_lang) VALUES (178, 'Superviseur', 'FR');
INSERT INTO word_translation (word_id, translation_label, translation_lang) VALUES (182, 'Courage', 'FR');
INSERT INTO word_translation (word_id, translation_label, translation_lang) VALUES (184, 'Définition', 'FR');
INSERT INTO word_translation (word_id, translation_label, translation_lang) VALUES (187, 'Le goût', 'FR');
INSERT INTO word_translation (word_id, translation_label, translation_lang) VALUES (190, 'Riche', 'FR');
INSERT INTO word_translation (word_id, translation_label, translation_lang) VALUES (190, 'Profond', 'FR');
INSERT INTO word_translation (word_id, translation_label, translation_lang) VALUES (190, 'Prononcé', 'FR');
INSERT INTO word_translation (word_id, translation_label, translation_lang) VALUES (192, 'Cours (classe)', 'FR');
