--
-- TOC entry 3334 (class 0 OID 16556)
-- Dependencies: 210
-- Data for Name: kanji; Type: TABLE DATA; Schema: public; Owner: -
--

INSERT INTO kanji (id, time_stamp, "value") VALUES (9, '2020-04-13 10:07:37', '探');
INSERT INTO kanji (id, time_stamp, "value") VALUES (10, '2020-04-13 10:12:02', '馬');
INSERT INTO kanji (id, time_stamp, "value") VALUES (11, '2020-04-13 10:12:20', '感');
INSERT INTO kanji (id, time_stamp, "value") VALUES (12, '2020-04-13 10:12:38', '洗');
INSERT INTO kanji (id, time_stamp, "value") VALUES (13, '2020-04-13 10:12:57', '貯');
INSERT INTO kanji (id, time_stamp, "value") VALUES (15, '2020-04-14 00:42:28', '理');
INSERT INTO kanji (id, time_stamp, "value") VALUES (16, '2020-04-14 00:44:15', '高');
INSERT INTO kanji (id, time_stamp, "value") VALUES (17, '2020-04-14 00:53:23', '台');
INSERT INTO kanji (id, time_stamp, "value") VALUES (18, '2020-04-14 01:21:52', '君');
INSERT INTO kanji (id, time_stamp, "value") VALUES (19, '2020-04-14 01:32:13', '朝');
INSERT INTO kanji (id, time_stamp, "value") VALUES (20, '2020-04-14 01:35:24', '瞳');
INSERT INTO kanji (id, time_stamp, "value") VALUES (21, '2020-04-14 01:39:23', '東');
INSERT INTO kanji (id, time_stamp, "value") VALUES (22, '2020-04-14 01:41:18', '西');
INSERT INTO kanji (id, time_stamp, "value") VALUES (23, '2020-04-14 11:05:54', '夜');
INSERT INTO kanji (id, time_stamp, "value") VALUES (24, '2020-04-14 11:06:53', '家');
INSERT INTO kanji (id, time_stamp, "value") VALUES (25, '2020-04-14 11:46:34', '族');
INSERT INTO kanji (id, time_stamp, "value") VALUES (26, '2020-04-14 11:50:46', '食');
INSERT INTO kanji (id, time_stamp, "value") VALUES (27, '2020-04-14 11:52:31', '円');
INSERT INTO kanji (id, time_stamp, "value") VALUES (30, '2020-04-14 21:49:07', '郵');
INSERT INTO kanji (id, time_stamp, "value") VALUES (31, '2020-04-14 21:49:08', '便');
INSERT INTO kanji (id, time_stamp, "value") VALUES (32, '2020-04-14 21:49:08', '局');
INSERT INTO kanji (id, time_stamp, "value") VALUES (35, '2020-04-14 23:42:29', '京');
INSERT INTO kanji (id, time_stamp, "value") VALUES (37, '2020-04-14 23:43:41', '冒');
INSERT INTO kanji (id, time_stamp, "value") VALUES (38, '2020-04-14 23:43:41', '険');
INSERT INTO kanji (id, time_stamp, "value") VALUES (40, '2020-04-15 00:10:47', '天');
INSERT INTO kanji (id, time_stamp, "value") VALUES (41, '2020-04-15 00:10:47', '然');
INSERT INTO kanji (id, time_stamp, "value") VALUES (45, '2020-04-15 11:02:48', '大');
INSERT INTO kanji (id, time_stamp, "value") VALUES (46, '2020-04-15 11:02:48', '阪');
INSERT INTO kanji (id, time_stamp, "value") VALUES (48, '2020-04-15 11:04:52', '早');
INSERT INTO kanji (id, time_stamp, "value") VALUES (49, '2020-04-15 11:04:52', '速');
INSERT INTO kanji (id, time_stamp, "value") VALUES (51, '2020-04-15 11:22:19', '中');
INSERT INTO kanji (id, time_stamp, "value") VALUES (52, '2020-04-15 11:22:19', '途');
INSERT INTO kanji (id, time_stamp, "value") VALUES (53, '2020-04-15 11:22:19', '半');
INSERT INTO kanji (id, time_stamp, "value") VALUES (54, '2020-04-15 11:22:19', '端');
INSERT INTO kanji (id, time_stamp, "value") VALUES (56, '2020-04-15 14:21:22', '世');
INSERT INTO kanji (id, time_stamp, "value") VALUES (57, '2020-04-15 14:21:22', '界');
INSERT INTO kanji (id, time_stamp, "value") VALUES (59, '2020-04-15 14:31:20', '笑');
INSERT INTO kanji (id, time_stamp, "value") VALUES (60, '2020-04-15 14:31:20', '顔');
INSERT INTO kanji (id, time_stamp, "value") VALUES (62, '2020-04-15 14:34:37', '星');
INSERT INTO kanji (id, time_stamp, "value") VALUES (63, '2020-04-15 14:34:37', '空');
INSERT INTO kanji (id, time_stamp, "value") VALUES (65, '2020-04-15 15:44:53', '既');
INSERT INTO kanji (id, time_stamp, "value") VALUES (67, '2020-04-15 20:38:50', '状');
INSERT INTO kanji (id, time_stamp, "value") VALUES (68, '2020-04-15 20:38:50', '況');
INSERT INTO kanji (id, time_stamp, "value") VALUES (70, '2020-04-15 22:25:38', '一');
INSERT INTO kanji (id, time_stamp, "value") VALUES (71, '2020-04-15 22:25:38', '切');
INSERT INTO kanji (id, time_stamp, "value") VALUES (72, '2020-04-15 22:25:38', '合');
INSERT INTO kanji (id, time_stamp, "value") VALUES (73, '2020-04-15 22:25:38', '切');
INSERT INTO kanji (id, time_stamp, "value") VALUES (75, '2020-04-15 22:29:12', '情');
INSERT INTO kanji (id, time_stamp, "value") VALUES (76, '2020-04-15 22:29:12', '報');
INSERT INTO kanji (id, time_stamp, "value") VALUES (78, '2020-04-15 22:30:00', '伝');
INSERT INTO kanji (id, time_stamp, "value") VALUES (79, '2020-04-15 22:30:00', '達');
INSERT INTO kanji (id, time_stamp, "value") VALUES (81, '2020-04-15 22:44:40', '名');
INSERT INTO kanji (id, time_stamp, "value") VALUES (82, '2020-04-15 22:44:41', '前');
INSERT INTO kanji (id, time_stamp, "value") VALUES (84, '2020-04-15 22:45:59', '学');
INSERT INTO kanji (id, time_stamp, "value") VALUES (86, '2020-04-16 00:38:36', '吾');
INSERT INTO kanji (id, time_stamp, "value") VALUES (87, '2020-04-16 00:38:36', '輩');
INSERT INTO kanji (id, time_stamp, "value") VALUES (89, '2020-04-16 00:46:23', '太');
INSERT INTO kanji (id, time_stamp, "value") VALUES (90, '2020-04-16 00:46:23', '陽');
INSERT INTO kanji (id, time_stamp, "value") VALUES (92, '2020-04-17 23:23:26', '取');
INSERT INTO kanji (id, time_stamp, "value") VALUES (93, '2020-04-17 23:23:26', '込');
INSERT INTO kanji (id, time_stamp, "value") VALUES (95, '2020-04-17 23:24:18', '衣');
INSERT INTO kanji (id, time_stamp, "value") VALUES (96, '2020-04-17 23:24:18', '装');
INSERT INTO kanji (id, time_stamp, "value") VALUES (98, '2020-04-17 23:56:52', '強');
INSERT INTO kanji (id, time_stamp, "value") VALUES (99, '2020-04-17 23:56:52', '奪');
INSERT INTO kanji (id, time_stamp, "value") VALUES (101, '2020-04-18 00:00:30', '暗');
INSERT INTO kanji (id, time_stamp, "value") VALUES (102, '2020-04-18 00:00:30', '礁');
INSERT INTO kanji (id, time_stamp, "value") VALUES (104, '2020-04-18 00:03:49', '発');
INSERT INTO kanji (id, time_stamp, "value") VALUES (105, '2020-04-18 00:03:49', '案');
INSERT INTO kanji (id, time_stamp, "value") VALUES (107, '2020-04-18 00:05:13', '明');
INSERT INTO kanji (id, time_stamp, "value") VALUES (109, '2020-04-18 00:08:12', '予');
INSERT INTO kanji (id, time_stamp, "value") VALUES (111, '2020-04-18 00:11:01', '穏');
INSERT INTO kanji (id, time_stamp, "value") VALUES (113, '2020-04-18 00:20:24', '貴');
INSERT INTO kanji (id, time_stamp, "value") VALUES (114, '2020-04-18 00:20:24', '重');
INSERT INTO kanji (id, time_stamp, "value") VALUES (115, '2020-04-18 00:20:24', '品');
INSERT INTO kanji (id, time_stamp, "value") VALUES (117, '2020-04-18 00:27:39', '要');
INSERT INTO kanji (id, time_stamp, "value") VALUES (118, '2020-04-18 00:27:39', '求');
INSERT INTO kanji (id, time_stamp, "value") VALUES (120, '2020-04-18 00:30:35', '掃');
INSERT INTO kanji (id, time_stamp, "value") VALUES (121, '2020-04-18 00:30:35', '除');
INSERT INTO kanji (id, time_stamp, "value") VALUES (123, '2020-04-18 17:28:25', '温');
INSERT INTO kanji (id, time_stamp, "value") VALUES (124, '2020-04-18 17:28:25', '泉');
INSERT INTO kanji (id, time_stamp, "value") VALUES (126, '2020-04-18 22:58:45', '腑');
INSERT INTO kanji (id, time_stamp, "value") VALUES (127, '2020-04-18 22:58:45', '落');
INSERT INTO kanji (id, time_stamp, "value") VALUES (129, '2020-04-18 23:49:57', '等');
INSERT INTO kanji (id, time_stamp, "value") VALUES (130, '2020-04-18 23:49:57', '価');
INSERT INTO kanji (id, time_stamp, "value") VALUES (132, '2020-04-18 23:59:51', '替');
INSERT INTO kanji (id, time_stamp, "value") VALUES (134, '2020-04-19 00:02:58', '授');
INSERT INTO kanji (id, time_stamp, "value") VALUES (136, '2020-04-19 22:55:36', '納');
INSERT INTO kanji (id, time_stamp, "value") VALUES (137, '2020-04-19 22:55:36', '得');
INSERT INTO kanji (id, time_stamp, "value") VALUES (139, '2020-04-19 22:56:39', '共');
INSERT INTO kanji (id, time_stamp, "value") VALUES (140, '2020-04-19 22:56:39', '犯');
INSERT INTO kanji (id, time_stamp, "value") VALUES (142, '2020-04-19 23:07:13', '期');
INSERT INTO kanji (id, time_stamp, "value") VALUES (143, '2020-04-19 23:07:13', '待');
INSERT INTO kanji (id, time_stamp, "value") VALUES (145, '2020-04-19 23:10:40', '度');
INSERT INTO kanji (id, time_stamp, "value") VALUES (147, '2020-04-19 23:41:28', '掘');
INSERT INTO kanji (id, time_stamp, "value") VALUES (148, '2020-04-19 23:41:28', '起');
INSERT INTO kanji (id, time_stamp, "value") VALUES (150, '2020-04-19 23:42:44', '面');
INSERT INTO kanji (id, time_stamp, "value") VALUES (151, '2020-04-19 23:42:44', '倒');
INSERT INTO kanji (id, time_stamp, "value") VALUES (153, '2020-04-19 23:56:39', '転');
INSERT INTO kanji (id, time_stamp, "value") VALUES (156, '2020-04-21 23:57:31', '集');
INSERT INTO kanji (id, time_stamp, "value") VALUES (158, '2020-04-22 00:09:03', '翌');
INSERT INTO kanji (id, time_stamp, "value") VALUES (159, '2020-04-22 00:09:03', '日');
INSERT INTO kanji (id, time_stamp, "value") VALUES (161, '2020-04-22 00:23:02', '痕');
INSERT INTO kanji (id, time_stamp, "value") VALUES (162, '2020-04-22 00:23:02', '跡');
INSERT INTO kanji (id, time_stamp, "value") VALUES (164, '2020-04-22 00:34:14', '見');
INSERT INTO kanji (id, time_stamp, "value") VALUES (165, '2020-04-22 00:34:14', '逃');
INSERT INTO kanji (id, time_stamp, "value") VALUES (167, '2020-04-25 23:06:38', '有');
INSERT INTO kanji (id, time_stamp, "value") VALUES (168, '2020-04-25 23:06:38', '利');
INSERT INTO kanji (id, time_stamp, "value") VALUES (170, '2020-04-25 23:18:31', '首');
INSERT INTO kanji (id, time_stamp, "value") VALUES (171, '2020-04-25 23:18:31', '尾');
INSERT INTO kanji (id, time_stamp, "value") VALUES (173, '2020-04-25 23:25:18', '童');
INSERT INTO kanji (id, time_stamp, "value") VALUES (174, '2020-04-25 23:25:18', '話');
INSERT INTO kanji (id, time_stamp, "value") VALUES (176, '2020-04-26 00:04:18', '振');
INSERT INTO kanji (id, time_stamp, "value") VALUES (177, '2020-04-26 00:04:18', '動');
INSERT INTO kanji (id, time_stamp, "value") VALUES (179, '2020-04-26 00:17:14', '監');
INSERT INTO kanji (id, time_stamp, "value") VALUES (180, '2020-04-26 00:17:14', '視');
INSERT INTO kanji (id, time_stamp, "value") VALUES (181, '2020-04-26 00:17:14', '役');
INSERT INTO kanji (id, time_stamp, "value") VALUES (183, '2020-04-26 21:32:49', '胸');
INSERT INTO kanji (id, time_stamp, "value") VALUES (185, '2020-04-26 21:57:23', '定');
INSERT INTO kanji (id, time_stamp, "value") VALUES (186, '2020-04-26 21:57:23', '義');
INSERT INTO kanji (id, time_stamp, "value") VALUES (188, '2020-04-27 22:56:16', '口');
INSERT INTO kanji (id, time_stamp, "value") VALUES (189, '2020-04-27 22:56:16', '当');
INSERT INTO kanji (id, time_stamp, "value") VALUES (191, '2020-04-27 23:04:38', '濃');
INSERT INTO kanji (id, time_stamp, "value") VALUES (193, '2021-11-17 21:59:39', '業');
INSERT INTO kanji (id, time_stamp, "value") VALUES (14, '2021-12-02 13:50:57.544342', '金');


--
-- TOC entry 3335 (class 0 OID 16561)
-- Dependencies: 211
-- Data for Name: kanji_kun_yomi; Type: TABLE DATA; Schema: public; Owner: -
--

INSERT INTO kanji_kun_yomi (kanji_id, kun_yomi) VALUES (9, 'さぐ.る');
INSERT INTO kanji_kun_yomi (kanji_id, kun_yomi) VALUES (9, 'さが.す');
INSERT INTO kanji_kun_yomi (kanji_id, kun_yomi) VALUES (10, 'うま');
INSERT INTO kanji_kun_yomi (kanji_id, kun_yomi) VALUES (10, 'うま-');
INSERT INTO kanji_kun_yomi (kanji_id, kun_yomi) VALUES (10, 'ま');
INSERT INTO kanji_kun_yomi (kanji_id, kun_yomi) VALUES (12, 'あら.う');
INSERT INTO kanji_kun_yomi (kanji_id, kun_yomi) VALUES (13, 'た.める');
INSERT INTO kanji_kun_yomi (kanji_id, kun_yomi) VALUES (13, 'たくわ.える');
INSERT INTO kanji_kun_yomi (kanji_id, kun_yomi) VALUES (15, 'ことわり');
INSERT INTO kanji_kun_yomi (kanji_id, kun_yomi) VALUES (16, 'たか.い');
INSERT INTO kanji_kun_yomi (kanji_id, kun_yomi) VALUES (16, 'たか');
INSERT INTO kanji_kun_yomi (kanji_id, kun_yomi) VALUES (16, '-だか');
INSERT INTO kanji_kun_yomi (kanji_id, kun_yomi) VALUES (16, 'たか.まる');
INSERT INTO kanji_kun_yomi (kanji_id, kun_yomi) VALUES (16, 'たか.める');
INSERT INTO kanji_kun_yomi (kanji_id, kun_yomi) VALUES (17, 'うてな');
INSERT INTO kanji_kun_yomi (kanji_id, kun_yomi) VALUES (17, 'われ');
INSERT INTO kanji_kun_yomi (kanji_id, kun_yomi) VALUES (17, 'つかさ');
INSERT INTO kanji_kun_yomi (kanji_id, kun_yomi) VALUES (18, 'きみ');
INSERT INTO kanji_kun_yomi (kanji_id, kun_yomi) VALUES (18, '-ぎみ');
INSERT INTO kanji_kun_yomi (kanji_id, kun_yomi) VALUES (19, 'あさ');
INSERT INTO kanji_kun_yomi (kanji_id, kun_yomi) VALUES (20, 'ひとみ');
INSERT INTO kanji_kun_yomi (kanji_id, kun_yomi) VALUES (21, 'ひがし');
INSERT INTO kanji_kun_yomi (kanji_id, kun_yomi) VALUES (22, 'にし');
INSERT INTO kanji_kun_yomi (kanji_id, kun_yomi) VALUES (23, 'よ');
INSERT INTO kanji_kun_yomi (kanji_id, kun_yomi) VALUES (23, 'よる');
INSERT INTO kanji_kun_yomi (kanji_id, kun_yomi) VALUES (24, 'いえ');
INSERT INTO kanji_kun_yomi (kanji_id, kun_yomi) VALUES (24, 'や');
INSERT INTO kanji_kun_yomi (kanji_id, kun_yomi) VALUES (24, 'うち');
INSERT INTO kanji_kun_yomi (kanji_id, kun_yomi) VALUES (26, 'く（う）');
INSERT INTO kanji_kun_yomi (kanji_id, kun_yomi) VALUES (26, 'た（べる）');
INSERT INTO kanji_kun_yomi (kanji_id, kun_yomi) VALUES (27, 'まる.い');
INSERT INTO kanji_kun_yomi (kanji_id, kun_yomi) VALUES (27, 'まる');
INSERT INTO kanji_kun_yomi (kanji_id, kun_yomi) VALUES (27, 'まど');
INSERT INTO kanji_kun_yomi (kanji_id, kun_yomi) VALUES (27, 'まど.か');
INSERT INTO kanji_kun_yomi (kanji_id, kun_yomi) VALUES (27, 'まろ.やか');
INSERT INTO kanji_kun_yomi (kanji_id, kun_yomi) VALUES (31, 'たよ.り');
INSERT INTO kanji_kun_yomi (kanji_id, kun_yomi) VALUES (32, 'つぼね');
INSERT INTO kanji_kun_yomi (kanji_id, kun_yomi) VALUES (35, 'みやこ');
INSERT INTO kanji_kun_yomi (kanji_id, kun_yomi) VALUES (37, 'おか.す');
INSERT INTO kanji_kun_yomi (kanji_id, kun_yomi) VALUES (38, 'けわ.しい');
INSERT INTO kanji_kun_yomi (kanji_id, kun_yomi) VALUES (40, 'あまつ');
INSERT INTO kanji_kun_yomi (kanji_id, kun_yomi) VALUES (40, 'あめ');
INSERT INTO kanji_kun_yomi (kanji_id, kun_yomi) VALUES (40, 'あま-');
INSERT INTO kanji_kun_yomi (kanji_id, kun_yomi) VALUES (41, 'しか');
INSERT INTO kanji_kun_yomi (kanji_id, kun_yomi) VALUES (41, 'しか.り');
INSERT INTO kanji_kun_yomi (kanji_id, kun_yomi) VALUES (41, 'しか.し');
INSERT INTO kanji_kun_yomi (kanji_id, kun_yomi) VALUES (41, 'さ');
INSERT INTO kanji_kun_yomi (kanji_id, kun_yomi) VALUES (45, 'おお-');
INSERT INTO kanji_kun_yomi (kanji_id, kun_yomi) VALUES (45, 'おお.きい');
INSERT INTO kanji_kun_yomi (kanji_id, kun_yomi) VALUES (45, '-おお.いに');
INSERT INTO kanji_kun_yomi (kanji_id, kun_yomi) VALUES (46, 'さか');
INSERT INTO kanji_kun_yomi (kanji_id, kun_yomi) VALUES (48, 'はや.い');
INSERT INTO kanji_kun_yomi (kanji_id, kun_yomi) VALUES (48, 'はや');
INSERT INTO kanji_kun_yomi (kanji_id, kun_yomi) VALUES (48, 'はや-');
INSERT INTO kanji_kun_yomi (kanji_id, kun_yomi) VALUES (48, 'はや.まる');
INSERT INTO kanji_kun_yomi (kanji_id, kun_yomi) VALUES (48, 'はや.める');
INSERT INTO kanji_kun_yomi (kanji_id, kun_yomi) VALUES (48, 'さ-');
INSERT INTO kanji_kun_yomi (kanji_id, kun_yomi) VALUES (49, 'はや.い');
INSERT INTO kanji_kun_yomi (kanji_id, kun_yomi) VALUES (49, 'はや-');
INSERT INTO kanji_kun_yomi (kanji_id, kun_yomi) VALUES (49, 'はや.める');
INSERT INTO kanji_kun_yomi (kanji_id, kun_yomi) VALUES (49, 'すみ.やか');
INSERT INTO kanji_kun_yomi (kanji_id, kun_yomi) VALUES (51, 'なか');
INSERT INTO kanji_kun_yomi (kanji_id, kun_yomi) VALUES (51, 'うち');
INSERT INTO kanji_kun_yomi (kanji_id, kun_yomi) VALUES (51, 'あた.る');
INSERT INTO kanji_kun_yomi (kanji_id, kun_yomi) VALUES (52, 'みち');
INSERT INTO kanji_kun_yomi (kanji_id, kun_yomi) VALUES (53, 'なか.ば');
INSERT INTO kanji_kun_yomi (kanji_id, kun_yomi) VALUES (54, 'はし');
INSERT INTO kanji_kun_yomi (kanji_id, kun_yomi) VALUES (54, 'は');
INSERT INTO kanji_kun_yomi (kanji_id, kun_yomi) VALUES (54, 'はた');
INSERT INTO kanji_kun_yomi (kanji_id, kun_yomi) VALUES (54, '-ばた');
INSERT INTO kanji_kun_yomi (kanji_id, kun_yomi) VALUES (54, 'はな');
INSERT INTO kanji_kun_yomi (kanji_id, kun_yomi) VALUES (56, 'よ');
INSERT INTO kanji_kun_yomi (kanji_id, kun_yomi) VALUES (59, 'わら.う');
INSERT INTO kanji_kun_yomi (kanji_id, kun_yomi) VALUES (59, 'え.む');
INSERT INTO kanji_kun_yomi (kanji_id, kun_yomi) VALUES (60, 'かお');
INSERT INTO kanji_kun_yomi (kanji_id, kun_yomi) VALUES (62, 'ほし');
INSERT INTO kanji_kun_yomi (kanji_id, kun_yomi) VALUES (62, '-ぼし');
INSERT INTO kanji_kun_yomi (kanji_id, kun_yomi) VALUES (63, 'そら');
INSERT INTO kanji_kun_yomi (kanji_id, kun_yomi) VALUES (63, 'あ.く');
INSERT INTO kanji_kun_yomi (kanji_id, kun_yomi) VALUES (63, 'あ.き');
INSERT INTO kanji_kun_yomi (kanji_id, kun_yomi) VALUES (63, 'あ.ける');
INSERT INTO kanji_kun_yomi (kanji_id, kun_yomi) VALUES (63, 'から');
INSERT INTO kanji_kun_yomi (kanji_id, kun_yomi) VALUES (63, 'す.く');
INSERT INTO kanji_kun_yomi (kanji_id, kun_yomi) VALUES (63, 'す.かす');
INSERT INTO kanji_kun_yomi (kanji_id, kun_yomi) VALUES (63, 'むな.しい');
INSERT INTO kanji_kun_yomi (kanji_id, kun_yomi) VALUES (65, 'すで.に');
INSERT INTO kanji_kun_yomi (kanji_id, kun_yomi) VALUES (68, 'まし.て');
INSERT INTO kanji_kun_yomi (kanji_id, kun_yomi) VALUES (68, 'いわ.んや');
INSERT INTO kanji_kun_yomi (kanji_id, kun_yomi) VALUES (68, 'おもむき');
INSERT INTO kanji_kun_yomi (kanji_id, kun_yomi) VALUES (70, 'ひと-');
INSERT INTO kanji_kun_yomi (kanji_id, kun_yomi) VALUES (70, 'ひと.つ');
INSERT INTO kanji_kun_yomi (kanji_id, kun_yomi) VALUES (71, 'き.る');
INSERT INTO kanji_kun_yomi (kanji_id, kun_yomi) VALUES (71, '-き.る');
INSERT INTO kanji_kun_yomi (kanji_id, kun_yomi) VALUES (71, 'き.り');
INSERT INTO kanji_kun_yomi (kanji_id, kun_yomi) VALUES (71, '-き.り');
INSERT INTO kanji_kun_yomi (kanji_id, kun_yomi) VALUES (71, '-ぎ.り');
INSERT INTO kanji_kun_yomi (kanji_id, kun_yomi) VALUES (71, 'き.れる');
INSERT INTO kanji_kun_yomi (kanji_id, kun_yomi) VALUES (71, '-き.れる');
INSERT INTO kanji_kun_yomi (kanji_id, kun_yomi) VALUES (71, 'き.れ');
INSERT INTO kanji_kun_yomi (kanji_id, kun_yomi) VALUES (71, '-き.れ');
INSERT INTO kanji_kun_yomi (kanji_id, kun_yomi) VALUES (71, '-ぎ.れ');
INSERT INTO kanji_kun_yomi (kanji_id, kun_yomi) VALUES (72, 'あ.う');
INSERT INTO kanji_kun_yomi (kanji_id, kun_yomi) VALUES (72, '-あ.う');
INSERT INTO kanji_kun_yomi (kanji_id, kun_yomi) VALUES (72, 'あ.い');
INSERT INTO kanji_kun_yomi (kanji_id, kun_yomi) VALUES (72, 'あい-');
INSERT INTO kanji_kun_yomi (kanji_id, kun_yomi) VALUES (72, '-あ.い');
INSERT INTO kanji_kun_yomi (kanji_id, kun_yomi) VALUES (72, '-あい');
INSERT INTO kanji_kun_yomi (kanji_id, kun_yomi) VALUES (72, 'あ.わす');
INSERT INTO kanji_kun_yomi (kanji_id, kun_yomi) VALUES (72, 'あ.わせる');
INSERT INTO kanji_kun_yomi (kanji_id, kun_yomi) VALUES (72, '-あ.わせる');
INSERT INTO kanji_kun_yomi (kanji_id, kun_yomi) VALUES (73, 'き.る');
INSERT INTO kanji_kun_yomi (kanji_id, kun_yomi) VALUES (73, '-き.る');
INSERT INTO kanji_kun_yomi (kanji_id, kun_yomi) VALUES (73, 'き.り');
INSERT INTO kanji_kun_yomi (kanji_id, kun_yomi) VALUES (73, '-き.り');
INSERT INTO kanji_kun_yomi (kanji_id, kun_yomi) VALUES (73, '-ぎ.り');
INSERT INTO kanji_kun_yomi (kanji_id, kun_yomi) VALUES (73, 'き.れる');
INSERT INTO kanji_kun_yomi (kanji_id, kun_yomi) VALUES (73, '-き.れる');
INSERT INTO kanji_kun_yomi (kanji_id, kun_yomi) VALUES (73, 'き.れ');
INSERT INTO kanji_kun_yomi (kanji_id, kun_yomi) VALUES (73, '-き.れ');
INSERT INTO kanji_kun_yomi (kanji_id, kun_yomi) VALUES (73, '-ぎ.れ');
INSERT INTO kanji_kun_yomi (kanji_id, kun_yomi) VALUES (75, 'なさ.け');
INSERT INTO kanji_kun_yomi (kanji_id, kun_yomi) VALUES (76, 'むく.いる');
INSERT INTO kanji_kun_yomi (kanji_id, kun_yomi) VALUES (78, 'つた.わる');
INSERT INTO kanji_kun_yomi (kanji_id, kun_yomi) VALUES (78, 'つた.える');
INSERT INTO kanji_kun_yomi (kanji_id, kun_yomi) VALUES (78, 'つた.う');
INSERT INTO kanji_kun_yomi (kanji_id, kun_yomi) VALUES (78, 'つだ.う');
INSERT INTO kanji_kun_yomi (kanji_id, kun_yomi) VALUES (78, '-づた.い');
INSERT INTO kanji_kun_yomi (kanji_id, kun_yomi) VALUES (78, 'つて');
INSERT INTO kanji_kun_yomi (kanji_id, kun_yomi) VALUES (79, '-たち');
INSERT INTO kanji_kun_yomi (kanji_id, kun_yomi) VALUES (81, 'な');
INSERT INTO kanji_kun_yomi (kanji_id, kun_yomi) VALUES (81, '-な');
INSERT INTO kanji_kun_yomi (kanji_id, kun_yomi) VALUES (82, 'まえ');
INSERT INTO kanji_kun_yomi (kanji_id, kun_yomi) VALUES (82, '-まえ');
INSERT INTO kanji_kun_yomi (kanji_id, kun_yomi) VALUES (84, 'まな.ぶ');
INSERT INTO kanji_kun_yomi (kanji_id, kun_yomi) VALUES (86, 'われ');
INSERT INTO kanji_kun_yomi (kanji_id, kun_yomi) VALUES (86, 'わが-');
INSERT INTO kanji_kun_yomi (kanji_id, kun_yomi) VALUES (86, 'あ-');
INSERT INTO kanji_kun_yomi (kanji_id, kun_yomi) VALUES (87, '-ばら');
INSERT INTO kanji_kun_yomi (kanji_id, kun_yomi) VALUES (87, 'やから');
INSERT INTO kanji_kun_yomi (kanji_id, kun_yomi) VALUES (87, 'やかい');
INSERT INTO kanji_kun_yomi (kanji_id, kun_yomi) VALUES (87, 'ともがら');
INSERT INTO kanji_kun_yomi (kanji_id, kun_yomi) VALUES (89, 'ふと.い');
INSERT INTO kanji_kun_yomi (kanji_id, kun_yomi) VALUES (89, 'ふと.る');
INSERT INTO kanji_kun_yomi (kanji_id, kun_yomi) VALUES (90, 'ひ');
INSERT INTO kanji_kun_yomi (kanji_id, kun_yomi) VALUES (92, 'と.る');
INSERT INTO kanji_kun_yomi (kanji_id, kun_yomi) VALUES (92, 'と.り');
INSERT INTO kanji_kun_yomi (kanji_id, kun_yomi) VALUES (92, 'と.り-');
INSERT INTO kanji_kun_yomi (kanji_id, kun_yomi) VALUES (92, 'とり');
INSERT INTO kanji_kun_yomi (kanji_id, kun_yomi) VALUES (92, '-ど.り');
INSERT INTO kanji_kun_yomi (kanji_id, kun_yomi) VALUES (93, '-こ.む');
INSERT INTO kanji_kun_yomi (kanji_id, kun_yomi) VALUES (93, 'こ.む');
INSERT INTO kanji_kun_yomi (kanji_id, kun_yomi) VALUES (93, 'こ.み');
INSERT INTO kanji_kun_yomi (kanji_id, kun_yomi) VALUES (93, '-こ.み');
INSERT INTO kanji_kun_yomi (kanji_id, kun_yomi) VALUES (93, 'こ.める');
INSERT INTO kanji_kun_yomi (kanji_id, kun_yomi) VALUES (95, 'ころも');
INSERT INTO kanji_kun_yomi (kanji_id, kun_yomi) VALUES (95, 'きぬ');
INSERT INTO kanji_kun_yomi (kanji_id, kun_yomi) VALUES (95, '-ぎ');
INSERT INTO kanji_kun_yomi (kanji_id, kun_yomi) VALUES (96, 'よそお.う');
INSERT INTO kanji_kun_yomi (kanji_id, kun_yomi) VALUES (96, 'よそお.い');
INSERT INTO kanji_kun_yomi (kanji_id, kun_yomi) VALUES (98, 'つよ.い');
INSERT INTO kanji_kun_yomi (kanji_id, kun_yomi) VALUES (98, 'つよ.まる');
INSERT INTO kanji_kun_yomi (kanji_id, kun_yomi) VALUES (98, 'つよ.める');
INSERT INTO kanji_kun_yomi (kanji_id, kun_yomi) VALUES (98, 'し.いる');
INSERT INTO kanji_kun_yomi (kanji_id, kun_yomi) VALUES (98, 'こわ.い');
INSERT INTO kanji_kun_yomi (kanji_id, kun_yomi) VALUES (99, 'うば.う');
INSERT INTO kanji_kun_yomi (kanji_id, kun_yomi) VALUES (101, 'くら.い');
INSERT INTO kanji_kun_yomi (kanji_id, kun_yomi) VALUES (101, 'くら.む');
INSERT INTO kanji_kun_yomi (kanji_id, kun_yomi) VALUES (101, 'くれ.る');
INSERT INTO kanji_kun_yomi (kanji_id, kun_yomi) VALUES (104, 'た.つ');
INSERT INTO kanji_kun_yomi (kanji_id, kun_yomi) VALUES (104, 'あば.く');
INSERT INTO kanji_kun_yomi (kanji_id, kun_yomi) VALUES (104, 'おこ.る');
INSERT INTO kanji_kun_yomi (kanji_id, kun_yomi) VALUES (104, 'つか.わす');
INSERT INTO kanji_kun_yomi (kanji_id, kun_yomi) VALUES (104, 'はな.つ');
INSERT INTO kanji_kun_yomi (kanji_id, kun_yomi) VALUES (105, 'つくえ');
INSERT INTO kanji_kun_yomi (kanji_id, kun_yomi) VALUES (107, 'あ.かり');
INSERT INTO kanji_kun_yomi (kanji_id, kun_yomi) VALUES (107, 'あか.るい');
INSERT INTO kanji_kun_yomi (kanji_id, kun_yomi) VALUES (107, 'あか.るむ');
INSERT INTO kanji_kun_yomi (kanji_id, kun_yomi) VALUES (107, 'あか.らむ');
INSERT INTO kanji_kun_yomi (kanji_id, kun_yomi) VALUES (107, 'あき.らか');
INSERT INTO kanji_kun_yomi (kanji_id, kun_yomi) VALUES (107, 'あ.ける');
INSERT INTO kanji_kun_yomi (kanji_id, kun_yomi) VALUES (107, '-あ.け');
INSERT INTO kanji_kun_yomi (kanji_id, kun_yomi) VALUES (107, 'あ.く');
INSERT INTO kanji_kun_yomi (kanji_id, kun_yomi) VALUES (107, 'あ.くる');
INSERT INTO kanji_kun_yomi (kanji_id, kun_yomi) VALUES (107, 'あ.かす');
INSERT INTO kanji_kun_yomi (kanji_id, kun_yomi) VALUES (109, 'あらかじ.め');
INSERT INTO kanji_kun_yomi (kanji_id, kun_yomi) VALUES (111, 'おだ.やか');
INSERT INTO kanji_kun_yomi (kanji_id, kun_yomi) VALUES (113, 'たっと.い');
INSERT INTO kanji_kun_yomi (kanji_id, kun_yomi) VALUES (113, 'とうと.い');
INSERT INTO kanji_kun_yomi (kanji_id, kun_yomi) VALUES (113, 'たっと.ぶ');
INSERT INTO kanji_kun_yomi (kanji_id, kun_yomi) VALUES (113, 'とうと.ぶ');
INSERT INTO kanji_kun_yomi (kanji_id, kun_yomi) VALUES (114, 'え');
INSERT INTO kanji_kun_yomi (kanji_id, kun_yomi) VALUES (114, 'おも.い');
INSERT INTO kanji_kun_yomi (kanji_id, kun_yomi) VALUES (114, 'おも.り');
INSERT INTO kanji_kun_yomi (kanji_id, kun_yomi) VALUES (114, 'おも.なう');
INSERT INTO kanji_kun_yomi (kanji_id, kun_yomi) VALUES (114, 'かさ.ねる');
INSERT INTO kanji_kun_yomi (kanji_id, kun_yomi) VALUES (114, 'かさ.なる');
INSERT INTO kanji_kun_yomi (kanji_id, kun_yomi) VALUES (114, 'おも');
INSERT INTO kanji_kun_yomi (kanji_id, kun_yomi) VALUES (115, 'しな');
INSERT INTO kanji_kun_yomi (kanji_id, kun_yomi) VALUES (117, 'い.る');
INSERT INTO kanji_kun_yomi (kanji_id, kun_yomi) VALUES (117, 'かなめ');
INSERT INTO kanji_kun_yomi (kanji_id, kun_yomi) VALUES (118, 'もと.める');
INSERT INTO kanji_kun_yomi (kanji_id, kun_yomi) VALUES (120, 'は.く');
INSERT INTO kanji_kun_yomi (kanji_id, kun_yomi) VALUES (121, 'のぞ.く');
INSERT INTO kanji_kun_yomi (kanji_id, kun_yomi) VALUES (121, '-よ.け');
INSERT INTO kanji_kun_yomi (kanji_id, kun_yomi) VALUES (123, 'あたた.か');
INSERT INTO kanji_kun_yomi (kanji_id, kun_yomi) VALUES (123, 'あたた.かい');
INSERT INTO kanji_kun_yomi (kanji_id, kun_yomi) VALUES (123, 'あたた.まる');
INSERT INTO kanji_kun_yomi (kanji_id, kun_yomi) VALUES (123, 'あたた.める');
INSERT INTO kanji_kun_yomi (kanji_id, kun_yomi) VALUES (123, 'ぬく');
INSERT INTO kanji_kun_yomi (kanji_id, kun_yomi) VALUES (124, 'いずみ');
INSERT INTO kanji_kun_yomi (kanji_id, kun_yomi) VALUES (126, 'はらわた');
INSERT INTO kanji_kun_yomi (kanji_id, kun_yomi) VALUES (127, 'お.ちる');
INSERT INTO kanji_kun_yomi (kanji_id, kun_yomi) VALUES (127, 'お.ち');
INSERT INTO kanji_kun_yomi (kanji_id, kun_yomi) VALUES (127, 'お.とす');
INSERT INTO kanji_kun_yomi (kanji_id, kun_yomi) VALUES (129, 'ひと.しい');
INSERT INTO kanji_kun_yomi (kanji_id, kun_yomi) VALUES (129, 'など');
INSERT INTO kanji_kun_yomi (kanji_id, kun_yomi) VALUES (129, '-ら');
INSERT INTO kanji_kun_yomi (kanji_id, kun_yomi) VALUES (130, 'あたい');
INSERT INTO kanji_kun_yomi (kanji_id, kun_yomi) VALUES (132, 'か.える');
INSERT INTO kanji_kun_yomi (kanji_id, kun_yomi) VALUES (132, 'か.え-');
INSERT INTO kanji_kun_yomi (kanji_id, kun_yomi) VALUES (132, 'か.わる');
INSERT INTO kanji_kun_yomi (kanji_id, kun_yomi) VALUES (134, 'さず.ける');
INSERT INTO kanji_kun_yomi (kanji_id, kun_yomi) VALUES (134, 'さず.かる');
INSERT INTO kanji_kun_yomi (kanji_id, kun_yomi) VALUES (136, 'おさ.める');
INSERT INTO kanji_kun_yomi (kanji_id, kun_yomi) VALUES (136, '-おさ.める');
INSERT INTO kanji_kun_yomi (kanji_id, kun_yomi) VALUES (136, 'おさ.まる');
INSERT INTO kanji_kun_yomi (kanji_id, kun_yomi) VALUES (137, 'え.る');
INSERT INTO kanji_kun_yomi (kanji_id, kun_yomi) VALUES (137, 'う.る');
INSERT INTO kanji_kun_yomi (kanji_id, kun_yomi) VALUES (139, 'とも');
INSERT INTO kanji_kun_yomi (kanji_id, kun_yomi) VALUES (139, 'とも.に');
INSERT INTO kanji_kun_yomi (kanji_id, kun_yomi) VALUES (139, '-ども');
INSERT INTO kanji_kun_yomi (kanji_id, kun_yomi) VALUES (140, 'おか.す');
INSERT INTO kanji_kun_yomi (kanji_id, kun_yomi) VALUES (143, 'ま.つ');
INSERT INTO kanji_kun_yomi (kanji_id, kun_yomi) VALUES (143, '-ま.ち');
INSERT INTO kanji_kun_yomi (kanji_id, kun_yomi) VALUES (145, 'たび');
INSERT INTO kanji_kun_yomi (kanji_id, kun_yomi) VALUES (145, '-た.い');
INSERT INTO kanji_kun_yomi (kanji_id, kun_yomi) VALUES (147, 'ほ.る');
INSERT INTO kanji_kun_yomi (kanji_id, kun_yomi) VALUES (148, 'お.きる');
INSERT INTO kanji_kun_yomi (kanji_id, kun_yomi) VALUES (148, 'お.こる');
INSERT INTO kanji_kun_yomi (kanji_id, kun_yomi) VALUES (148, 'お.こす');
INSERT INTO kanji_kun_yomi (kanji_id, kun_yomi) VALUES (148, 'おこ.す');
INSERT INTO kanji_kun_yomi (kanji_id, kun_yomi) VALUES (148, 'た.つ');
INSERT INTO kanji_kun_yomi (kanji_id, kun_yomi) VALUES (150, 'おも');
INSERT INTO kanji_kun_yomi (kanji_id, kun_yomi) VALUES (150, 'おもて');
INSERT INTO kanji_kun_yomi (kanji_id, kun_yomi) VALUES (150, 'つら');
INSERT INTO kanji_kun_yomi (kanji_id, kun_yomi) VALUES (151, 'たお.れる');
INSERT INTO kanji_kun_yomi (kanji_id, kun_yomi) VALUES (151, '-だお.れ');
INSERT INTO kanji_kun_yomi (kanji_id, kun_yomi) VALUES (151, 'たお.す');
INSERT INTO kanji_kun_yomi (kanji_id, kun_yomi) VALUES (151, 'さかさま');
INSERT INTO kanji_kun_yomi (kanji_id, kun_yomi) VALUES (151, 'さかさ');
INSERT INTO kanji_kun_yomi (kanji_id, kun_yomi) VALUES (151, 'さかしま');
INSERT INTO kanji_kun_yomi (kanji_id, kun_yomi) VALUES (153, 'ころ.がる');
INSERT INTO kanji_kun_yomi (kanji_id, kun_yomi) VALUES (153, 'ころ.げる');
INSERT INTO kanji_kun_yomi (kanji_id, kun_yomi) VALUES (153, 'ころ.がす');
INSERT INTO kanji_kun_yomi (kanji_id, kun_yomi) VALUES (153, 'ころ.ぶ');
INSERT INTO kanji_kun_yomi (kanji_id, kun_yomi) VALUES (153, 'まろ.ぶ');
INSERT INTO kanji_kun_yomi (kanji_id, kun_yomi) VALUES (153, 'うたた');
INSERT INTO kanji_kun_yomi (kanji_id, kun_yomi) VALUES (153, 'うつ.る');
INSERT INTO kanji_kun_yomi (kanji_id, kun_yomi) VALUES (153, 'くる.めく');
INSERT INTO kanji_kun_yomi (kanji_id, kun_yomi) VALUES (156, 'あつ.まる');
INSERT INTO kanji_kun_yomi (kanji_id, kun_yomi) VALUES (156, 'あつ.める');
INSERT INTO kanji_kun_yomi (kanji_id, kun_yomi) VALUES (156, 'つど.う');
INSERT INTO kanji_kun_yomi (kanji_id, kun_yomi) VALUES (159, 'ひ');
INSERT INTO kanji_kun_yomi (kanji_id, kun_yomi) VALUES (159, '-び');
INSERT INTO kanji_kun_yomi (kanji_id, kun_yomi) VALUES (159, '-か');
INSERT INTO kanji_kun_yomi (kanji_id, kun_yomi) VALUES (161, 'あと');
INSERT INTO kanji_kun_yomi (kanji_id, kun_yomi) VALUES (162, 'あと');
INSERT INTO kanji_kun_yomi (kanji_id, kun_yomi) VALUES (164, 'み.る');
INSERT INTO kanji_kun_yomi (kanji_id, kun_yomi) VALUES (164, 'み.える');
INSERT INTO kanji_kun_yomi (kanji_id, kun_yomi) VALUES (164, 'み.せる');
INSERT INTO kanji_kun_yomi (kanji_id, kun_yomi) VALUES (165, 'に.げる');
INSERT INTO kanji_kun_yomi (kanji_id, kun_yomi) VALUES (165, 'に.がす');
INSERT INTO kanji_kun_yomi (kanji_id, kun_yomi) VALUES (165, 'のが.す');
INSERT INTO kanji_kun_yomi (kanji_id, kun_yomi) VALUES (165, 'のが.れる');
INSERT INTO kanji_kun_yomi (kanji_id, kun_yomi) VALUES (167, 'あ.る');
INSERT INTO kanji_kun_yomi (kanji_id, kun_yomi) VALUES (168, 'き.く');
INSERT INTO kanji_kun_yomi (kanji_id, kun_yomi) VALUES (170, 'くび');
INSERT INTO kanji_kun_yomi (kanji_id, kun_yomi) VALUES (171, 'お');
INSERT INTO kanji_kun_yomi (kanji_id, kun_yomi) VALUES (173, 'わらべ');
INSERT INTO kanji_kun_yomi (kanji_id, kun_yomi) VALUES (174, 'はな.す');
INSERT INTO kanji_kun_yomi (kanji_id, kun_yomi) VALUES (174, 'はなし');
INSERT INTO kanji_kun_yomi (kanji_id, kun_yomi) VALUES (176, 'ふ.る');
INSERT INTO kanji_kun_yomi (kanji_id, kun_yomi) VALUES (176, 'ぶ.る');
INSERT INTO kanji_kun_yomi (kanji_id, kun_yomi) VALUES (176, 'ふ.り');
INSERT INTO kanji_kun_yomi (kanji_id, kun_yomi) VALUES (176, '-ぶ.り');
INSERT INTO kanji_kun_yomi (kanji_id, kun_yomi) VALUES (176, 'ふ.るう');
INSERT INTO kanji_kun_yomi (kanji_id, kun_yomi) VALUES (177, 'うご.く');
INSERT INTO kanji_kun_yomi (kanji_id, kun_yomi) VALUES (177, 'うご.かす');
INSERT INTO kanji_kun_yomi (kanji_id, kun_yomi) VALUES (180, 'み.る');
INSERT INTO kanji_kun_yomi (kanji_id, kun_yomi) VALUES (183, 'むね');
INSERT INTO kanji_kun_yomi (kanji_id, kun_yomi) VALUES (183, 'むな-');
INSERT INTO kanji_kun_yomi (kanji_id, kun_yomi) VALUES (185, 'さだ.める');
INSERT INTO kanji_kun_yomi (kanji_id, kun_yomi) VALUES (185, 'さだ.まる');
INSERT INTO kanji_kun_yomi (kanji_id, kun_yomi) VALUES (185, 'さだ.か');
INSERT INTO kanji_kun_yomi (kanji_id, kun_yomi) VALUES (188, 'くち');
INSERT INTO kanji_kun_yomi (kanji_id, kun_yomi) VALUES (189, 'あ.たる');
INSERT INTO kanji_kun_yomi (kanji_id, kun_yomi) VALUES (189, 'あ.たり');
INSERT INTO kanji_kun_yomi (kanji_id, kun_yomi) VALUES (189, 'あ.てる');
INSERT INTO kanji_kun_yomi (kanji_id, kun_yomi) VALUES (189, 'あ.て');
INSERT INTO kanji_kun_yomi (kanji_id, kun_yomi) VALUES (189, 'まさ.に');
INSERT INTO kanji_kun_yomi (kanji_id, kun_yomi) VALUES (189, 'まさ.にべし');
INSERT INTO kanji_kun_yomi (kanji_id, kun_yomi) VALUES (191, 'こ.い');
INSERT INTO kanji_kun_yomi (kanji_id, kun_yomi) VALUES (193, 'わざ');
INSERT INTO kanji_kun_yomi (kanji_id, kun_yomi) VALUES (14, 'かね');
INSERT INTO kanji_kun_yomi (kanji_id, kun_yomi) VALUES (14, 'かな-');
INSERT INTO kanji_kun_yomi (kanji_id, kun_yomi) VALUES (14, '-がね');


--
-- TOC entry 3336 (class 0 OID 16569)
-- Dependencies: 212
-- Data for Name: kanji_on_yomi; Type: TABLE DATA; Schema: public; Owner: -
--

INSERT INTO kanji_on_yomi (kanji_id, on_yomi) VALUES (9, 'タン');
INSERT INTO kanji_on_yomi (kanji_id, on_yomi) VALUES (10, 'バ');
INSERT INTO kanji_on_yomi (kanji_id, on_yomi) VALUES (11, 'カン');
INSERT INTO kanji_on_yomi (kanji_id, on_yomi) VALUES (12, 'セン');
INSERT INTO kanji_on_yomi (kanji_id, on_yomi) VALUES (13, 'チョ');
INSERT INTO kanji_on_yomi (kanji_id, on_yomi) VALUES (15, 'リ');
INSERT INTO kanji_on_yomi (kanji_id, on_yomi) VALUES (16, 'コウ');
INSERT INTO kanji_on_yomi (kanji_id, on_yomi) VALUES (17, 'ダイ');
INSERT INTO kanji_on_yomi (kanji_id, on_yomi) VALUES (17, 'タイ');
INSERT INTO kanji_on_yomi (kanji_id, on_yomi) VALUES (18, 'クン');
INSERT INTO kanji_on_yomi (kanji_id, on_yomi) VALUES (19, 'チョウ');
INSERT INTO kanji_on_yomi (kanji_id, on_yomi) VALUES (20, 'ドウ');
INSERT INTO kanji_on_yomi (kanji_id, on_yomi) VALUES (20, 'トウ');
INSERT INTO kanji_on_yomi (kanji_id, on_yomi) VALUES (21, 'トウ');
INSERT INTO kanji_on_yomi (kanji_id, on_yomi) VALUES (22, 'セイ');
INSERT INTO kanji_on_yomi (kanji_id, on_yomi) VALUES (22, 'サイ');
INSERT INTO kanji_on_yomi (kanji_id, on_yomi) VALUES (22, 'ス');
INSERT INTO kanji_on_yomi (kanji_id, on_yomi) VALUES (23, 'ヤ');
INSERT INTO kanji_on_yomi (kanji_id, on_yomi) VALUES (24, 'カ');
INSERT INTO kanji_on_yomi (kanji_id, on_yomi) VALUES (24, 'ケ');
INSERT INTO kanji_on_yomi (kanji_id, on_yomi) VALUES (25, 'ゾク');
INSERT INTO kanji_on_yomi (kanji_id, on_yomi) VALUES (26, 'ショク');
INSERT INTO kanji_on_yomi (kanji_id, on_yomi) VALUES (27, 'エン');
INSERT INTO kanji_on_yomi (kanji_id, on_yomi) VALUES (30, 'ユウ');
INSERT INTO kanji_on_yomi (kanji_id, on_yomi) VALUES (31, 'ベン');
INSERT INTO kanji_on_yomi (kanji_id, on_yomi) VALUES (31, 'ビン');
INSERT INTO kanji_on_yomi (kanji_id, on_yomi) VALUES (32, 'キョク');
INSERT INTO kanji_on_yomi (kanji_id, on_yomi) VALUES (35, 'キョウ');
INSERT INTO kanji_on_yomi (kanji_id, on_yomi) VALUES (35, 'ケイ');
INSERT INTO kanji_on_yomi (kanji_id, on_yomi) VALUES (35, 'キン');
INSERT INTO kanji_on_yomi (kanji_id, on_yomi) VALUES (37, 'ボウ');
INSERT INTO kanji_on_yomi (kanji_id, on_yomi) VALUES (38, 'ケン');
INSERT INTO kanji_on_yomi (kanji_id, on_yomi) VALUES (40, 'テン');
INSERT INTO kanji_on_yomi (kanji_id, on_yomi) VALUES (41, 'ゼン');
INSERT INTO kanji_on_yomi (kanji_id, on_yomi) VALUES (41, 'ネン');
INSERT INTO kanji_on_yomi (kanji_id, on_yomi) VALUES (45, 'ダイ');
INSERT INTO kanji_on_yomi (kanji_id, on_yomi) VALUES (45, 'タイ');
INSERT INTO kanji_on_yomi (kanji_id, on_yomi) VALUES (46, 'ハン');
INSERT INTO kanji_on_yomi (kanji_id, on_yomi) VALUES (48, 'ソウ');
INSERT INTO kanji_on_yomi (kanji_id, on_yomi) VALUES (48, 'サッ');
INSERT INTO kanji_on_yomi (kanji_id, on_yomi) VALUES (49, 'ソク');
INSERT INTO kanji_on_yomi (kanji_id, on_yomi) VALUES (51, 'チュウ');
INSERT INTO kanji_on_yomi (kanji_id, on_yomi) VALUES (52, 'ト');
INSERT INTO kanji_on_yomi (kanji_id, on_yomi) VALUES (53, 'ハン');
INSERT INTO kanji_on_yomi (kanji_id, on_yomi) VALUES (54, 'タン');
INSERT INTO kanji_on_yomi (kanji_id, on_yomi) VALUES (56, 'セイ');
INSERT INTO kanji_on_yomi (kanji_id, on_yomi) VALUES (56, 'セ');
INSERT INTO kanji_on_yomi (kanji_id, on_yomi) VALUES (56, 'ソウ');
INSERT INTO kanji_on_yomi (kanji_id, on_yomi) VALUES (57, 'カイ');
INSERT INTO kanji_on_yomi (kanji_id, on_yomi) VALUES (59, 'ショウ');
INSERT INTO kanji_on_yomi (kanji_id, on_yomi) VALUES (60, 'ガン');
INSERT INTO kanji_on_yomi (kanji_id, on_yomi) VALUES (62, 'セイ');
INSERT INTO kanji_on_yomi (kanji_id, on_yomi) VALUES (62, 'ショウ');
INSERT INTO kanji_on_yomi (kanji_id, on_yomi) VALUES (63, 'クウ');
INSERT INTO kanji_on_yomi (kanji_id, on_yomi) VALUES (65, 'キ');
INSERT INTO kanji_on_yomi (kanji_id, on_yomi) VALUES (67, 'ジョウ');
INSERT INTO kanji_on_yomi (kanji_id, on_yomi) VALUES (68, 'キョウ');
INSERT INTO kanji_on_yomi (kanji_id, on_yomi) VALUES (70, 'イチ');
INSERT INTO kanji_on_yomi (kanji_id, on_yomi) VALUES (70, 'イツ');
INSERT INTO kanji_on_yomi (kanji_id, on_yomi) VALUES (71, 'セツ');
INSERT INTO kanji_on_yomi (kanji_id, on_yomi) VALUES (71, 'サイ');
INSERT INTO kanji_on_yomi (kanji_id, on_yomi) VALUES (72, 'ゴウ');
INSERT INTO kanji_on_yomi (kanji_id, on_yomi) VALUES (72, 'ガッ');
INSERT INTO kanji_on_yomi (kanji_id, on_yomi) VALUES (72, 'カッ');
INSERT INTO kanji_on_yomi (kanji_id, on_yomi) VALUES (73, 'セツ');
INSERT INTO kanji_on_yomi (kanji_id, on_yomi) VALUES (73, 'サイ');
INSERT INTO kanji_on_yomi (kanji_id, on_yomi) VALUES (75, 'ジョウ');
INSERT INTO kanji_on_yomi (kanji_id, on_yomi) VALUES (75, 'セイ');
INSERT INTO kanji_on_yomi (kanji_id, on_yomi) VALUES (76, 'ホウ');
INSERT INTO kanji_on_yomi (kanji_id, on_yomi) VALUES (78, 'デン');
INSERT INTO kanji_on_yomi (kanji_id, on_yomi) VALUES (78, 'テン');
INSERT INTO kanji_on_yomi (kanji_id, on_yomi) VALUES (79, 'タツ');
INSERT INTO kanji_on_yomi (kanji_id, on_yomi) VALUES (79, 'ダ');
INSERT INTO kanji_on_yomi (kanji_id, on_yomi) VALUES (81, 'メイ');
INSERT INTO kanji_on_yomi (kanji_id, on_yomi) VALUES (81, 'ミョウ');
INSERT INTO kanji_on_yomi (kanji_id, on_yomi) VALUES (82, 'ゼン');
INSERT INTO kanji_on_yomi (kanji_id, on_yomi) VALUES (84, 'ガク');
INSERT INTO kanji_on_yomi (kanji_id, on_yomi) VALUES (86, 'ゴ');
INSERT INTO kanji_on_yomi (kanji_id, on_yomi) VALUES (87, 'ハイ');
INSERT INTO kanji_on_yomi (kanji_id, on_yomi) VALUES (89, 'タイ');
INSERT INTO kanji_on_yomi (kanji_id, on_yomi) VALUES (89, 'タ');
INSERT INTO kanji_on_yomi (kanji_id, on_yomi) VALUES (90, 'ヨウ');
INSERT INTO kanji_on_yomi (kanji_id, on_yomi) VALUES (92, 'シュ');
INSERT INTO kanji_on_yomi (kanji_id, on_yomi) VALUES (95, 'イ');
INSERT INTO kanji_on_yomi (kanji_id, on_yomi) VALUES (95, 'エ');
INSERT INTO kanji_on_yomi (kanji_id, on_yomi) VALUES (96, 'ソウ');
INSERT INTO kanji_on_yomi (kanji_id, on_yomi) VALUES (96, 'ショウ');
INSERT INTO kanji_on_yomi (kanji_id, on_yomi) VALUES (98, 'キョウ');
INSERT INTO kanji_on_yomi (kanji_id, on_yomi) VALUES (98, 'ゴウ');
INSERT INTO kanji_on_yomi (kanji_id, on_yomi) VALUES (99, 'ダツ');
INSERT INTO kanji_on_yomi (kanji_id, on_yomi) VALUES (101, 'アン');
INSERT INTO kanji_on_yomi (kanji_id, on_yomi) VALUES (102, 'ショウ');
INSERT INTO kanji_on_yomi (kanji_id, on_yomi) VALUES (104, 'ハツ');
INSERT INTO kanji_on_yomi (kanji_id, on_yomi) VALUES (104, 'ホツ');
INSERT INTO kanji_on_yomi (kanji_id, on_yomi) VALUES (105, 'アン');
INSERT INTO kanji_on_yomi (kanji_id, on_yomi) VALUES (107, 'メイ');
INSERT INTO kanji_on_yomi (kanji_id, on_yomi) VALUES (107, 'ミョウ');
INSERT INTO kanji_on_yomi (kanji_id, on_yomi) VALUES (107, 'ミン');
INSERT INTO kanji_on_yomi (kanji_id, on_yomi) VALUES (109, 'ヨ');
INSERT INTO kanji_on_yomi (kanji_id, on_yomi) VALUES (109, 'シャ');
INSERT INTO kanji_on_yomi (kanji_id, on_yomi) VALUES (111, 'オン');
INSERT INTO kanji_on_yomi (kanji_id, on_yomi) VALUES (113, 'キ');
INSERT INTO kanji_on_yomi (kanji_id, on_yomi) VALUES (114, 'ジュウ');
INSERT INTO kanji_on_yomi (kanji_id, on_yomi) VALUES (114, 'チョウ');
INSERT INTO kanji_on_yomi (kanji_id, on_yomi) VALUES (115, 'ヒン');
INSERT INTO kanji_on_yomi (kanji_id, on_yomi) VALUES (115, 'ホン');
INSERT INTO kanji_on_yomi (kanji_id, on_yomi) VALUES (117, 'ヨウ');
INSERT INTO kanji_on_yomi (kanji_id, on_yomi) VALUES (118, 'キュウ');
INSERT INTO kanji_on_yomi (kanji_id, on_yomi) VALUES (118, 'グ');
INSERT INTO kanji_on_yomi (kanji_id, on_yomi) VALUES (120, 'ソウ');
INSERT INTO kanji_on_yomi (kanji_id, on_yomi) VALUES (120, 'シュ');
INSERT INTO kanji_on_yomi (kanji_id, on_yomi) VALUES (121, 'ジョ');
INSERT INTO kanji_on_yomi (kanji_id, on_yomi) VALUES (121, 'ジ');
INSERT INTO kanji_on_yomi (kanji_id, on_yomi) VALUES (123, 'オン');
INSERT INTO kanji_on_yomi (kanji_id, on_yomi) VALUES (124, 'セン');
INSERT INTO kanji_on_yomi (kanji_id, on_yomi) VALUES (126, 'フ');
INSERT INTO kanji_on_yomi (kanji_id, on_yomi) VALUES (127, 'ラク');
INSERT INTO kanji_on_yomi (kanji_id, on_yomi) VALUES (129, 'トウ');
INSERT INTO kanji_on_yomi (kanji_id, on_yomi) VALUES (130, 'カ');
INSERT INTO kanji_on_yomi (kanji_id, on_yomi) VALUES (130, 'ケ');
INSERT INTO kanji_on_yomi (kanji_id, on_yomi) VALUES (132, 'タイ');
INSERT INTO kanji_on_yomi (kanji_id, on_yomi) VALUES (134, 'ジュ');
INSERT INTO kanji_on_yomi (kanji_id, on_yomi) VALUES (136, 'ノウ');
INSERT INTO kanji_on_yomi (kanji_id, on_yomi) VALUES (136, 'ナッ');
INSERT INTO kanji_on_yomi (kanji_id, on_yomi) VALUES (136, 'ナ');
INSERT INTO kanji_on_yomi (kanji_id, on_yomi) VALUES (136, 'ナン');
INSERT INTO kanji_on_yomi (kanji_id, on_yomi) VALUES (136, 'トウ');
INSERT INTO kanji_on_yomi (kanji_id, on_yomi) VALUES (137, 'トク');
INSERT INTO kanji_on_yomi (kanji_id, on_yomi) VALUES (139, 'キョウ');
INSERT INTO kanji_on_yomi (kanji_id, on_yomi) VALUES (140, 'ハン');
INSERT INTO kanji_on_yomi (kanji_id, on_yomi) VALUES (140, 'ボン');
INSERT INTO kanji_on_yomi (kanji_id, on_yomi) VALUES (142, 'キ');
INSERT INTO kanji_on_yomi (kanji_id, on_yomi) VALUES (142, 'ゴ');
INSERT INTO kanji_on_yomi (kanji_id, on_yomi) VALUES (143, 'タイ');
INSERT INTO kanji_on_yomi (kanji_id, on_yomi) VALUES (145, 'ド');
INSERT INTO kanji_on_yomi (kanji_id, on_yomi) VALUES (145, 'ト');
INSERT INTO kanji_on_yomi (kanji_id, on_yomi) VALUES (145, 'タク');
INSERT INTO kanji_on_yomi (kanji_id, on_yomi) VALUES (147, 'クツ');
INSERT INTO kanji_on_yomi (kanji_id, on_yomi) VALUES (148, 'キ');
INSERT INTO kanji_on_yomi (kanji_id, on_yomi) VALUES (150, 'メン');
INSERT INTO kanji_on_yomi (kanji_id, on_yomi) VALUES (150, 'ベン');
INSERT INTO kanji_on_yomi (kanji_id, on_yomi) VALUES (151, 'トウ');
INSERT INTO kanji_on_yomi (kanji_id, on_yomi) VALUES (153, 'テン');
INSERT INTO kanji_on_yomi (kanji_id, on_yomi) VALUES (156, 'シュウ');
INSERT INTO kanji_on_yomi (kanji_id, on_yomi) VALUES (158, 'ヨク');
INSERT INTO kanji_on_yomi (kanji_id, on_yomi) VALUES (159, 'ニチ');
INSERT INTO kanji_on_yomi (kanji_id, on_yomi) VALUES (159, 'ジツ');
INSERT INTO kanji_on_yomi (kanji_id, on_yomi) VALUES (161, 'コン');
INSERT INTO kanji_on_yomi (kanji_id, on_yomi) VALUES (162, 'セキ');
INSERT INTO kanji_on_yomi (kanji_id, on_yomi) VALUES (164, 'ケン');
INSERT INTO kanji_on_yomi (kanji_id, on_yomi) VALUES (165, 'トウ');
INSERT INTO kanji_on_yomi (kanji_id, on_yomi) VALUES (167, 'ユウ');
INSERT INTO kanji_on_yomi (kanji_id, on_yomi) VALUES (167, 'ウ');
INSERT INTO kanji_on_yomi (kanji_id, on_yomi) VALUES (168, 'リ');
INSERT INTO kanji_on_yomi (kanji_id, on_yomi) VALUES (170, 'シュ');
INSERT INTO kanji_on_yomi (kanji_id, on_yomi) VALUES (171, 'ビ');
INSERT INTO kanji_on_yomi (kanji_id, on_yomi) VALUES (173, 'ドウ');
INSERT INTO kanji_on_yomi (kanji_id, on_yomi) VALUES (174, 'ワ');
INSERT INTO kanji_on_yomi (kanji_id, on_yomi) VALUES (176, 'シン');
INSERT INTO kanji_on_yomi (kanji_id, on_yomi) VALUES (177, 'ドウ');
INSERT INTO kanji_on_yomi (kanji_id, on_yomi) VALUES (179, 'カン');
INSERT INTO kanji_on_yomi (kanji_id, on_yomi) VALUES (180, 'シ');
INSERT INTO kanji_on_yomi (kanji_id, on_yomi) VALUES (181, 'ヤク');
INSERT INTO kanji_on_yomi (kanji_id, on_yomi) VALUES (181, 'エキ');
INSERT INTO kanji_on_yomi (kanji_id, on_yomi) VALUES (183, 'キョウ');
INSERT INTO kanji_on_yomi (kanji_id, on_yomi) VALUES (185, 'テイ');
INSERT INTO kanji_on_yomi (kanji_id, on_yomi) VALUES (185, 'ジョウ');
INSERT INTO kanji_on_yomi (kanji_id, on_yomi) VALUES (186, 'ギ');
INSERT INTO kanji_on_yomi (kanji_id, on_yomi) VALUES (188, 'コウ');
INSERT INTO kanji_on_yomi (kanji_id, on_yomi) VALUES (188, 'ク');
INSERT INTO kanji_on_yomi (kanji_id, on_yomi) VALUES (189, 'トウ');
INSERT INTO kanji_on_yomi (kanji_id, on_yomi) VALUES (191, 'ノウ');
INSERT INTO kanji_on_yomi (kanji_id, on_yomi) VALUES (193, 'ギョウ');
INSERT INTO kanji_on_yomi (kanji_id, on_yomi) VALUES (193, 'ゴウ');
INSERT INTO kanji_on_yomi (kanji_id, on_yomi) VALUES (14, 'キン');
INSERT INTO kanji_on_yomi (kanji_id, on_yomi) VALUES (14, 'コン');
INSERT INTO kanji_on_yomi (kanji_id, on_yomi) VALUES (14, 'ゴン');


--
-- TOC entry 3337 (class 0 OID 16577)
-- Dependencies: 213
-- Data for Name: kanji_translation; Type: TABLE DATA; Schema: public; Owner: -
--

INSERT INTO kanji_translation (kanji_id, translation_label, translation_lang) VALUES (9, 'grope', 'en');
INSERT INTO kanji_translation (kanji_id, translation_label, translation_lang) VALUES (9, 'search', 'en');
INSERT INTO kanji_translation (kanji_id, translation_label, translation_lang) VALUES (9, 'look for', 'en');
INSERT INTO kanji_translation (kanji_id, translation_label, translation_lang) VALUES (10, 'horse', 'en');
INSERT INTO kanji_translation (kanji_id, translation_label, translation_lang) VALUES (11, 'emotion', 'en');
INSERT INTO kanji_translation (kanji_id, translation_label, translation_lang) VALUES (11, 'feeling', 'en');
INSERT INTO kanji_translation (kanji_id, translation_label, translation_lang) VALUES (11, 'sensation', 'en');
INSERT INTO kanji_translation (kanji_id, translation_label, translation_lang) VALUES (12, 'wash', 'en');
INSERT INTO kanji_translation (kanji_id, translation_label, translation_lang) VALUES (12, 'inquire into', 'en');
INSERT INTO kanji_translation (kanji_id, translation_label, translation_lang) VALUES (12, 'probe', 'en');
INSERT INTO kanji_translation (kanji_id, translation_label, translation_lang) VALUES (13, 'savings', 'en');
INSERT INTO kanji_translation (kanji_id, translation_label, translation_lang) VALUES (13, 'store', 'en');
INSERT INTO kanji_translation (kanji_id, translation_label, translation_lang) VALUES (13, 'lay in', 'en');
INSERT INTO kanji_translation (kanji_id, translation_label, translation_lang) VALUES (13, 'keep', 'en');
INSERT INTO kanji_translation (kanji_id, translation_label, translation_lang) VALUES (13, 'wear mustache', 'en');
INSERT INTO kanji_translation (kanji_id, translation_label, translation_lang) VALUES (15, 'logic', 'en');
INSERT INTO kanji_translation (kanji_id, translation_label, translation_lang) VALUES (15, 'arrangement', 'en');
INSERT INTO kanji_translation (kanji_id, translation_label, translation_lang) VALUES (15, 'reason', 'en');
INSERT INTO kanji_translation (kanji_id, translation_label, translation_lang) VALUES (15, 'justice', 'en');
INSERT INTO kanji_translation (kanji_id, translation_label, translation_lang) VALUES (15, 'truth', 'en');
INSERT INTO kanji_translation (kanji_id, translation_label, translation_lang) VALUES (16, 'tall', 'en');
INSERT INTO kanji_translation (kanji_id, translation_label, translation_lang) VALUES (16, 'high', 'en');
INSERT INTO kanji_translation (kanji_id, translation_label, translation_lang) VALUES (16, 'expensive', 'en');
INSERT INTO kanji_translation (kanji_id, translation_label, translation_lang) VALUES (17, 'pedestal', 'en');
INSERT INTO kanji_translation (kanji_id, translation_label, translation_lang) VALUES (17, 'a stand', 'en');
INSERT INTO kanji_translation (kanji_id, translation_label, translation_lang) VALUES (17, 'counter for machines and vehicles', 'en');
INSERT INTO kanji_translation (kanji_id, translation_label, translation_lang) VALUES (18, 'mister', 'en');
INSERT INTO kanji_translation (kanji_id, translation_label, translation_lang) VALUES (18, 'you', 'en');
INSERT INTO kanji_translation (kanji_id, translation_label, translation_lang) VALUES (18, 'ruler', 'en');
INSERT INTO kanji_translation (kanji_id, translation_label, translation_lang) VALUES (18, 'male name suffix', 'en');
INSERT INTO kanji_translation (kanji_id, translation_label, translation_lang) VALUES (19, 'morning', 'en');
INSERT INTO kanji_translation (kanji_id, translation_label, translation_lang) VALUES (19, 'dynasty', 'en');
INSERT INTO kanji_translation (kanji_id, translation_label, translation_lang) VALUES (19, 'regime', 'en');
INSERT INTO kanji_translation (kanji_id, translation_label, translation_lang) VALUES (19, 'epoch', 'en');
INSERT INTO kanji_translation (kanji_id, translation_label, translation_lang) VALUES (19, 'period', 'en');
INSERT INTO kanji_translation (kanji_id, translation_label, translation_lang) VALUES (19, '(North) Korea', 'en');
INSERT INTO kanji_translation (kanji_id, translation_label, translation_lang) VALUES (20, 'pupil (of eye)', 'en');
INSERT INTO kanji_translation (kanji_id, translation_label, translation_lang) VALUES (21, 'east', 'en');
INSERT INTO kanji_translation (kanji_id, translation_label, translation_lang) VALUES (22, 'west', 'en');
INSERT INTO kanji_translation (kanji_id, translation_label, translation_lang) VALUES (22, 'Spain', 'en');
INSERT INTO kanji_translation (kanji_id, translation_label, translation_lang) VALUES (23, 'night', 'en');
INSERT INTO kanji_translation (kanji_id, translation_label, translation_lang) VALUES (23, 'evening', 'en');
INSERT INTO kanji_translation (kanji_id, translation_label, translation_lang) VALUES (24, 'house', 'en');
INSERT INTO kanji_translation (kanji_id, translation_label, translation_lang) VALUES (24, 'home', 'en');
INSERT INTO kanji_translation (kanji_id, translation_label, translation_lang) VALUES (24, 'family', 'en');
INSERT INTO kanji_translation (kanji_id, translation_label, translation_lang) VALUES (24, 'professional', 'en');
INSERT INTO kanji_translation (kanji_id, translation_label, translation_lang) VALUES (24, 'expert', 'en');
INSERT INTO kanji_translation (kanji_id, translation_label, translation_lang) VALUES (24, 'performer', 'en');
INSERT INTO kanji_translation (kanji_id, translation_label, translation_lang) VALUES (25, 'tribe', 'en');
INSERT INTO kanji_translation (kanji_id, translation_label, translation_lang) VALUES (25, 'family', 'en');
INSERT INTO kanji_translation (kanji_id, translation_label, translation_lang) VALUES (26, 'nourriture', 'en');
INSERT INTO kanji_translation (kanji_id, translation_label, translation_lang) VALUES (26, 'manger', 'en');
INSERT INTO kanji_translation (kanji_id, translation_label, translation_lang) VALUES (27, 'circle', 'en');
INSERT INTO kanji_translation (kanji_id, translation_label, translation_lang) VALUES (27, 'yen', 'en');
INSERT INTO kanji_translation (kanji_id, translation_label, translation_lang) VALUES (27, 'round', 'en');
INSERT INTO kanji_translation (kanji_id, translation_label, translation_lang) VALUES (30, 'mail', 'en');
INSERT INTO kanji_translation (kanji_id, translation_label, translation_lang) VALUES (30, 'stagecoach stop', 'en');
INSERT INTO kanji_translation (kanji_id, translation_label, translation_lang) VALUES (31, 'convenience', 'en');
INSERT INTO kanji_translation (kanji_id, translation_label, translation_lang) VALUES (31, 'facility', 'en');
INSERT INTO kanji_translation (kanji_id, translation_label, translation_lang) VALUES (31, 'excrement', 'en');
INSERT INTO kanji_translation (kanji_id, translation_label, translation_lang) VALUES (31, 'feces', 'en');
INSERT INTO kanji_translation (kanji_id, translation_label, translation_lang) VALUES (31, 'letter', 'en');
INSERT INTO kanji_translation (kanji_id, translation_label, translation_lang) VALUES (31, 'chance', 'en');
INSERT INTO kanji_translation (kanji_id, translation_label, translation_lang) VALUES (32, 'bureau', 'en');
INSERT INTO kanji_translation (kanji_id, translation_label, translation_lang) VALUES (32, 'board', 'en');
INSERT INTO kanji_translation (kanji_id, translation_label, translation_lang) VALUES (32, 'office', 'en');
INSERT INTO kanji_translation (kanji_id, translation_label, translation_lang) VALUES (32, 'affair', 'en');
INSERT INTO kanji_translation (kanji_id, translation_label, translation_lang) VALUES (32, 'conclusion', 'en');
INSERT INTO kanji_translation (kanji_id, translation_label, translation_lang) VALUES (32, 'court lady', 'en');
INSERT INTO kanji_translation (kanji_id, translation_label, translation_lang) VALUES (32, 'lady-in-waiting', 'en');
INSERT INTO kanji_translation (kanji_id, translation_label, translation_lang) VALUES (32, 'her apartment', 'en');
INSERT INTO kanji_translation (kanji_id, translation_label, translation_lang) VALUES (35, 'capital', 'en');
INSERT INTO kanji_translation (kanji_id, translation_label, translation_lang) VALUES (35, '10**16', 'en');
INSERT INTO kanji_translation (kanji_id, translation_label, translation_lang) VALUES (37, 'risk', 'en');
INSERT INTO kanji_translation (kanji_id, translation_label, translation_lang) VALUES (37, 'face', 'en');
INSERT INTO kanji_translation (kanji_id, translation_label, translation_lang) VALUES (37, 'defy', 'en');
INSERT INTO kanji_translation (kanji_id, translation_label, translation_lang) VALUES (37, 'dare', 'en');
INSERT INTO kanji_translation (kanji_id, translation_label, translation_lang) VALUES (37, 'damage', 'en');
INSERT INTO kanji_translation (kanji_id, translation_label, translation_lang) VALUES (37, 'assume (a name)', 'en');
INSERT INTO kanji_translation (kanji_id, translation_label, translation_lang) VALUES (38, 'precipitous', 'en');
INSERT INTO kanji_translation (kanji_id, translation_label, translation_lang) VALUES (38, 'inaccessible place', 'en');
INSERT INTO kanji_translation (kanji_id, translation_label, translation_lang) VALUES (38, 'impregnable position', 'en');
INSERT INTO kanji_translation (kanji_id, translation_label, translation_lang) VALUES (38, 'steep place', 'en');
INSERT INTO kanji_translation (kanji_id, translation_label, translation_lang) VALUES (38, 'sharp eyes', 'en');
INSERT INTO kanji_translation (kanji_id, translation_label, translation_lang) VALUES (40, 'heavens', 'en');
INSERT INTO kanji_translation (kanji_id, translation_label, translation_lang) VALUES (40, 'sky', 'en');
INSERT INTO kanji_translation (kanji_id, translation_label, translation_lang) VALUES (40, 'imperial', 'en');
INSERT INTO kanji_translation (kanji_id, translation_label, translation_lang) VALUES (41, 'sort of thing', 'en');
INSERT INTO kanji_translation (kanji_id, translation_label, translation_lang) VALUES (41, 'so', 'en');
INSERT INTO kanji_translation (kanji_id, translation_label, translation_lang) VALUES (41, 'if so', 'en');
INSERT INTO kanji_translation (kanji_id, translation_label, translation_lang) VALUES (41, 'in that case', 'en');
INSERT INTO kanji_translation (kanji_id, translation_label, translation_lang) VALUES (41, 'well', 'en');
INSERT INTO kanji_translation (kanji_id, translation_label, translation_lang) VALUES (45, 'large', 'en');
INSERT INTO kanji_translation (kanji_id, translation_label, translation_lang) VALUES (45, 'big', 'en');
INSERT INTO kanji_translation (kanji_id, translation_label, translation_lang) VALUES (46, 'heights', 'en');
INSERT INTO kanji_translation (kanji_id, translation_label, translation_lang) VALUES (46, 'slope', 'en');
INSERT INTO kanji_translation (kanji_id, translation_label, translation_lang) VALUES (48, 'early', 'en');
INSERT INTO kanji_translation (kanji_id, translation_label, translation_lang) VALUES (48, 'fast', 'en');
INSERT INTO kanji_translation (kanji_id, translation_label, translation_lang) VALUES (49, 'quick', 'en');
INSERT INTO kanji_translation (kanji_id, translation_label, translation_lang) VALUES (49, 'fast', 'en');
INSERT INTO kanji_translation (kanji_id, translation_label, translation_lang) VALUES (51, 'in', 'en');
INSERT INTO kanji_translation (kanji_id, translation_label, translation_lang) VALUES (51, 'inside', 'en');
INSERT INTO kanji_translation (kanji_id, translation_label, translation_lang) VALUES (51, 'middle', 'en');
INSERT INTO kanji_translation (kanji_id, translation_label, translation_lang) VALUES (51, 'mean', 'en');
INSERT INTO kanji_translation (kanji_id, translation_label, translation_lang) VALUES (51, 'center', 'en');
INSERT INTO kanji_translation (kanji_id, translation_label, translation_lang) VALUES (52, 'route', 'en');
INSERT INTO kanji_translation (kanji_id, translation_label, translation_lang) VALUES (52, 'way', 'en');
INSERT INTO kanji_translation (kanji_id, translation_label, translation_lang) VALUES (52, 'road', 'en');
INSERT INTO kanji_translation (kanji_id, translation_label, translation_lang) VALUES (53, 'half', 'en');
INSERT INTO kanji_translation (kanji_id, translation_label, translation_lang) VALUES (53, 'middle', 'en');
INSERT INTO kanji_translation (kanji_id, translation_label, translation_lang) VALUES (53, 'odd number', 'en');
INSERT INTO kanji_translation (kanji_id, translation_label, translation_lang) VALUES (53, 'semi-', 'en');
INSERT INTO kanji_translation (kanji_id, translation_label, translation_lang) VALUES (53, 'part-', 'en');
INSERT INTO kanji_translation (kanji_id, translation_label, translation_lang) VALUES (54, 'edge', 'en');
INSERT INTO kanji_translation (kanji_id, translation_label, translation_lang) VALUES (54, 'origin', 'en');
INSERT INTO kanji_translation (kanji_id, translation_label, translation_lang) VALUES (54, 'end', 'en');
INSERT INTO kanji_translation (kanji_id, translation_label, translation_lang) VALUES (54, 'point', 'en');
INSERT INTO kanji_translation (kanji_id, translation_label, translation_lang) VALUES (54, 'border', 'en');
INSERT INTO kanji_translation (kanji_id, translation_label, translation_lang) VALUES (54, 'verge', 'en');
INSERT INTO kanji_translation (kanji_id, translation_label, translation_lang) VALUES (54, 'cape', 'en');
INSERT INTO kanji_translation (kanji_id, translation_label, translation_lang) VALUES (56, 'generation', 'en');
INSERT INTO kanji_translation (kanji_id, translation_label, translation_lang) VALUES (56, 'world', 'en');
INSERT INTO kanji_translation (kanji_id, translation_label, translation_lang) VALUES (56, 'society', 'en');
INSERT INTO kanji_translation (kanji_id, translation_label, translation_lang) VALUES (56, 'public', 'en');
INSERT INTO kanji_translation (kanji_id, translation_label, translation_lang) VALUES (57, 'world', 'en');
INSERT INTO kanji_translation (kanji_id, translation_label, translation_lang) VALUES (57, 'boundary', 'en');
INSERT INTO kanji_translation (kanji_id, translation_label, translation_lang) VALUES (59, 'laugh', 'en');
INSERT INTO kanji_translation (kanji_id, translation_label, translation_lang) VALUES (60, 'face', 'en');
INSERT INTO kanji_translation (kanji_id, translation_label, translation_lang) VALUES (60, 'expression', 'en');
INSERT INTO kanji_translation (kanji_id, translation_label, translation_lang) VALUES (62, 'star', 'en');
INSERT INTO kanji_translation (kanji_id, translation_label, translation_lang) VALUES (62, 'spot', 'en');
INSERT INTO kanji_translation (kanji_id, translation_label, translation_lang) VALUES (62, 'dot', 'en');
INSERT INTO kanji_translation (kanji_id, translation_label, translation_lang) VALUES (62, 'mark', 'en');
INSERT INTO kanji_translation (kanji_id, translation_label, translation_lang) VALUES (63, 'empty', 'en');
INSERT INTO kanji_translation (kanji_id, translation_label, translation_lang) VALUES (63, 'sky', 'en');
INSERT INTO kanji_translation (kanji_id, translation_label, translation_lang) VALUES (63, 'void', 'en');
INSERT INTO kanji_translation (kanji_id, translation_label, translation_lang) VALUES (63, 'vacant', 'en');
INSERT INTO kanji_translation (kanji_id, translation_label, translation_lang) VALUES (63, 'vacuum', 'en');
INSERT INTO kanji_translation (kanji_id, translation_label, translation_lang) VALUES (65, 'previously', 'en');
INSERT INTO kanji_translation (kanji_id, translation_label, translation_lang) VALUES (65, 'already', 'en');
INSERT INTO kanji_translation (kanji_id, translation_label, translation_lang) VALUES (65, 'long ago', 'en');
INSERT INTO kanji_translation (kanji_id, translation_label, translation_lang) VALUES (67, 'status quo', 'en');
INSERT INTO kanji_translation (kanji_id, translation_label, translation_lang) VALUES (67, 'conditions', 'en');
INSERT INTO kanji_translation (kanji_id, translation_label, translation_lang) VALUES (67, 'circumstances', 'en');
INSERT INTO kanji_translation (kanji_id, translation_label, translation_lang) VALUES (67, 'form', 'en');
INSERT INTO kanji_translation (kanji_id, translation_label, translation_lang) VALUES (67, 'appearance', 'en');
INSERT INTO kanji_translation (kanji_id, translation_label, translation_lang) VALUES (68, 'condition', 'en');
INSERT INTO kanji_translation (kanji_id, translation_label, translation_lang) VALUES (68, 'situation', 'en');
INSERT INTO kanji_translation (kanji_id, translation_label, translation_lang) VALUES (70, 'one', 'en');
INSERT INTO kanji_translation (kanji_id, translation_label, translation_lang) VALUES (70, 'one radical (no.1)', 'en');
INSERT INTO kanji_translation (kanji_id, translation_label, translation_lang) VALUES (71, 'cut', 'en');
INSERT INTO kanji_translation (kanji_id, translation_label, translation_lang) VALUES (71, 'cutoff', 'en');
INSERT INTO kanji_translation (kanji_id, translation_label, translation_lang) VALUES (71, 'be sharp', 'en');
INSERT INTO kanji_translation (kanji_id, translation_label, translation_lang) VALUES (72, 'fit', 'en');
INSERT INTO kanji_translation (kanji_id, translation_label, translation_lang) VALUES (72, 'suit', 'en');
INSERT INTO kanji_translation (kanji_id, translation_label, translation_lang) VALUES (72, 'join', 'en');
INSERT INTO kanji_translation (kanji_id, translation_label, translation_lang) VALUES (72, '0.1', 'en');
INSERT INTO kanji_translation (kanji_id, translation_label, translation_lang) VALUES (73, 'cut', 'en');
INSERT INTO kanji_translation (kanji_id, translation_label, translation_lang) VALUES (73, 'cutoff', 'en');
INSERT INTO kanji_translation (kanji_id, translation_label, translation_lang) VALUES (73, 'be sharp', 'en');
INSERT INTO kanji_translation (kanji_id, translation_label, translation_lang) VALUES (75, 'feelings', 'en');
INSERT INTO kanji_translation (kanji_id, translation_label, translation_lang) VALUES (75, 'emotion', 'en');
INSERT INTO kanji_translation (kanji_id, translation_label, translation_lang) VALUES (75, 'passion', 'en');
INSERT INTO kanji_translation (kanji_id, translation_label, translation_lang) VALUES (75, 'sympathy', 'en');
INSERT INTO kanji_translation (kanji_id, translation_label, translation_lang) VALUES (75, 'circumstances', 'en');
INSERT INTO kanji_translation (kanji_id, translation_label, translation_lang) VALUES (75, 'facts', 'en');
INSERT INTO kanji_translation (kanji_id, translation_label, translation_lang) VALUES (76, 'report', 'en');
INSERT INTO kanji_translation (kanji_id, translation_label, translation_lang) VALUES (76, 'news', 'en');
INSERT INTO kanji_translation (kanji_id, translation_label, translation_lang) VALUES (76, 'reward', 'en');
INSERT INTO kanji_translation (kanji_id, translation_label, translation_lang) VALUES (76, 'retribution', 'en');
INSERT INTO kanji_translation (kanji_id, translation_label, translation_lang) VALUES (78, 'transmit', 'en');
INSERT INTO kanji_translation (kanji_id, translation_label, translation_lang) VALUES (78, 'go along', 'en');
INSERT INTO kanji_translation (kanji_id, translation_label, translation_lang) VALUES (78, 'walk along', 'en');
INSERT INTO kanji_translation (kanji_id, translation_label, translation_lang) VALUES (78, 'follow', 'en');
INSERT INTO kanji_translation (kanji_id, translation_label, translation_lang) VALUES (78, 'report', 'en');
INSERT INTO kanji_translation (kanji_id, translation_label, translation_lang) VALUES (78, 'communicate', 'en');
INSERT INTO kanji_translation (kanji_id, translation_label, translation_lang) VALUES (78, 'legend', 'en');
INSERT INTO kanji_translation (kanji_id, translation_label, translation_lang) VALUES (78, 'tradition', 'en');
INSERT INTO kanji_translation (kanji_id, translation_label, translation_lang) VALUES (79, 'accomplished', 'en');
INSERT INTO kanji_translation (kanji_id, translation_label, translation_lang) VALUES (79, 'reach', 'en');
INSERT INTO kanji_translation (kanji_id, translation_label, translation_lang) VALUES (79, 'arrive', 'en');
INSERT INTO kanji_translation (kanji_id, translation_label, translation_lang) VALUES (79, 'attain', 'en');
INSERT INTO kanji_translation (kanji_id, translation_label, translation_lang) VALUES (81, 'name', 'en');
INSERT INTO kanji_translation (kanji_id, translation_label, translation_lang) VALUES (81, 'noted', 'en');
INSERT INTO kanji_translation (kanji_id, translation_label, translation_lang) VALUES (81, 'distinguished', 'en');
INSERT INTO kanji_translation (kanji_id, translation_label, translation_lang) VALUES (81, 'reputation', 'en');
INSERT INTO kanji_translation (kanji_id, translation_label, translation_lang) VALUES (82, 'in front', 'en');
INSERT INTO kanji_translation (kanji_id, translation_label, translation_lang) VALUES (82, 'before', 'en');
INSERT INTO kanji_translation (kanji_id, translation_label, translation_lang) VALUES (84, 'study', 'en');
INSERT INTO kanji_translation (kanji_id, translation_label, translation_lang) VALUES (84, 'learning', 'en');
INSERT INTO kanji_translation (kanji_id, translation_label, translation_lang) VALUES (84, 'science', 'en');
INSERT INTO kanji_translation (kanji_id, translation_label, translation_lang) VALUES (86, 'I', 'en');
INSERT INTO kanji_translation (kanji_id, translation_label, translation_lang) VALUES (86, 'my', 'en');
INSERT INTO kanji_translation (kanji_id, translation_label, translation_lang) VALUES (86, 'our', 'en');
INSERT INTO kanji_translation (kanji_id, translation_label, translation_lang) VALUES (86, 'one''s own', 'en');
INSERT INTO kanji_translation (kanji_id, translation_label, translation_lang) VALUES (87, 'comrade', 'en');
INSERT INTO kanji_translation (kanji_id, translation_label, translation_lang) VALUES (87, 'fellow', 'en');
INSERT INTO kanji_translation (kanji_id, translation_label, translation_lang) VALUES (87, 'people', 'en');
INSERT INTO kanji_translation (kanji_id, translation_label, translation_lang) VALUES (87, 'companions', 'en');
INSERT INTO kanji_translation (kanji_id, translation_label, translation_lang) VALUES (89, 'plump', 'en');
INSERT INTO kanji_translation (kanji_id, translation_label, translation_lang) VALUES (89, 'thick', 'en');
INSERT INTO kanji_translation (kanji_id, translation_label, translation_lang) VALUES (89, 'big around', 'en');
INSERT INTO kanji_translation (kanji_id, translation_label, translation_lang) VALUES (90, 'sunshine', 'en');
INSERT INTO kanji_translation (kanji_id, translation_label, translation_lang) VALUES (90, 'yang principle', 'en');
INSERT INTO kanji_translation (kanji_id, translation_label, translation_lang) VALUES (90, 'positive', 'en');
INSERT INTO kanji_translation (kanji_id, translation_label, translation_lang) VALUES (90, 'male', 'en');
INSERT INTO kanji_translation (kanji_id, translation_label, translation_lang) VALUES (90, 'heaven', 'en');
INSERT INTO kanji_translation (kanji_id, translation_label, translation_lang) VALUES (90, 'daytime', 'en');
INSERT INTO kanji_translation (kanji_id, translation_label, translation_lang) VALUES (92, 'take', 'en');
INSERT INTO kanji_translation (kanji_id, translation_label, translation_lang) VALUES (92, 'fetch', 'en');
INSERT INTO kanji_translation (kanji_id, translation_label, translation_lang) VALUES (92, 'take up', 'en');
INSERT INTO kanji_translation (kanji_id, translation_label, translation_lang) VALUES (93, 'crowded', 'en');
INSERT INTO kanji_translation (kanji_id, translation_label, translation_lang) VALUES (93, 'mixture', 'en');
INSERT INTO kanji_translation (kanji_id, translation_label, translation_lang) VALUES (93, 'in bulk', 'en');
INSERT INTO kanji_translation (kanji_id, translation_label, translation_lang) VALUES (93, 'included', 'en');
INSERT INTO kanji_translation (kanji_id, translation_label, translation_lang) VALUES (93, '(kokuji)', 'en');
INSERT INTO kanji_translation (kanji_id, translation_label, translation_lang) VALUES (95, 'garment', 'en');
INSERT INTO kanji_translation (kanji_id, translation_label, translation_lang) VALUES (95, 'clothes', 'en');
INSERT INTO kanji_translation (kanji_id, translation_label, translation_lang) VALUES (95, 'dressing', 'en');
INSERT INTO kanji_translation (kanji_id, translation_label, translation_lang) VALUES (96, 'attire', 'en');
INSERT INTO kanji_translation (kanji_id, translation_label, translation_lang) VALUES (96, 'dress', 'en');
INSERT INTO kanji_translation (kanji_id, translation_label, translation_lang) VALUES (96, 'pretend', 'en');
INSERT INTO kanji_translation (kanji_id, translation_label, translation_lang) VALUES (96, 'disguise', 'en');
INSERT INTO kanji_translation (kanji_id, translation_label, translation_lang) VALUES (96, 'profess', 'en');
INSERT INTO kanji_translation (kanji_id, translation_label, translation_lang) VALUES (98, 'strong', 'en');
INSERT INTO kanji_translation (kanji_id, translation_label, translation_lang) VALUES (99, 'rob', 'en');
INSERT INTO kanji_translation (kanji_id, translation_label, translation_lang) VALUES (99, 'take by force', 'en');
INSERT INTO kanji_translation (kanji_id, translation_label, translation_lang) VALUES (99, 'snatch away', 'en');
INSERT INTO kanji_translation (kanji_id, translation_label, translation_lang) VALUES (99, 'dispossess', 'en');
INSERT INTO kanji_translation (kanji_id, translation_label, translation_lang) VALUES (99, 'plunder', 'en');
INSERT INTO kanji_translation (kanji_id, translation_label, translation_lang) VALUES (99, 'usurp', 'en');
INSERT INTO kanji_translation (kanji_id, translation_label, translation_lang) VALUES (101, 'darkness', 'en');
INSERT INTO kanji_translation (kanji_id, translation_label, translation_lang) VALUES (101, 'disappear', 'en');
INSERT INTO kanji_translation (kanji_id, translation_label, translation_lang) VALUES (101, 'shade', 'en');
INSERT INTO kanji_translation (kanji_id, translation_label, translation_lang) VALUES (101, 'informal', 'en');
INSERT INTO kanji_translation (kanji_id, translation_label, translation_lang) VALUES (101, 'grow dark', 'en');
INSERT INTO kanji_translation (kanji_id, translation_label, translation_lang) VALUES (101, 'be blinded', 'en');
INSERT INTO kanji_translation (kanji_id, translation_label, translation_lang) VALUES (102, 'reef', 'en');
INSERT INTO kanji_translation (kanji_id, translation_label, translation_lang) VALUES (102, 'sunken rock', 'en');
INSERT INTO kanji_translation (kanji_id, translation_label, translation_lang) VALUES (104, 'departure', 'en');
INSERT INTO kanji_translation (kanji_id, translation_label, translation_lang) VALUES (104, 'discharge', 'en');
INSERT INTO kanji_translation (kanji_id, translation_label, translation_lang) VALUES (104, 'publish', 'en');
INSERT INTO kanji_translation (kanji_id, translation_label, translation_lang) VALUES (104, 'emit', 'en');
INSERT INTO kanji_translation (kanji_id, translation_label, translation_lang) VALUES (104, 'start from', 'en');
INSERT INTO kanji_translation (kanji_id, translation_label, translation_lang) VALUES (104, 'disclose', 'en');
INSERT INTO kanji_translation (kanji_id, translation_label, translation_lang) VALUES (104, 'counter for gunshots', 'en');
INSERT INTO kanji_translation (kanji_id, translation_label, translation_lang) VALUES (105, 'plan', 'en');
INSERT INTO kanji_translation (kanji_id, translation_label, translation_lang) VALUES (105, 'suggestion', 'en');
INSERT INTO kanji_translation (kanji_id, translation_label, translation_lang) VALUES (105, 'draft', 'en');
INSERT INTO kanji_translation (kanji_id, translation_label, translation_lang) VALUES (105, 'ponder', 'en');
INSERT INTO kanji_translation (kanji_id, translation_label, translation_lang) VALUES (105, 'fear', 'en');
INSERT INTO kanji_translation (kanji_id, translation_label, translation_lang) VALUES (105, 'proposition', 'en');
INSERT INTO kanji_translation (kanji_id, translation_label, translation_lang) VALUES (105, 'idea', 'en');
INSERT INTO kanji_translation (kanji_id, translation_label, translation_lang) VALUES (105, 'expectation', 'en');
INSERT INTO kanji_translation (kanji_id, translation_label, translation_lang) VALUES (105, 'worry', 'en');
INSERT INTO kanji_translation (kanji_id, translation_label, translation_lang) VALUES (105, 'table', 'en');
INSERT INTO kanji_translation (kanji_id, translation_label, translation_lang) VALUES (105, 'bench', 'en');
INSERT INTO kanji_translation (kanji_id, translation_label, translation_lang) VALUES (107, 'bright', 'en');
INSERT INTO kanji_translation (kanji_id, translation_label, translation_lang) VALUES (107, 'light', 'en');
INSERT INTO kanji_translation (kanji_id, translation_label, translation_lang) VALUES (109, 'beforehand', 'en');
INSERT INTO kanji_translation (kanji_id, translation_label, translation_lang) VALUES (109, 'previous', 'en');
INSERT INTO kanji_translation (kanji_id, translation_label, translation_lang) VALUES (109, 'myself', 'en');
INSERT INTO kanji_translation (kanji_id, translation_label, translation_lang) VALUES (109, 'I', 'en');
INSERT INTO kanji_translation (kanji_id, translation_label, translation_lang) VALUES (111, 'calm', 'en');
INSERT INTO kanji_translation (kanji_id, translation_label, translation_lang) VALUES (111, 'quiet', 'en');
INSERT INTO kanji_translation (kanji_id, translation_label, translation_lang) VALUES (111, 'moderation', 'en');
INSERT INTO kanji_translation (kanji_id, translation_label, translation_lang) VALUES (113, 'precious', 'en');
INSERT INTO kanji_translation (kanji_id, translation_label, translation_lang) VALUES (113, '"value"', 'en');
INSERT INTO kanji_translation (kanji_id, translation_label, translation_lang) VALUES (113, 'prize', 'en');
INSERT INTO kanji_translation (kanji_id, translation_label, translation_lang) VALUES (113, 'esteem', 'en');
INSERT INTO kanji_translation (kanji_id, translation_label, translation_lang) VALUES (113, 'honor', 'en');
INSERT INTO kanji_translation (kanji_id, translation_label, translation_lang) VALUES (114, 'heavy', 'en');
INSERT INTO kanji_translation (kanji_id, translation_label, translation_lang) VALUES (114, 'important', 'en');
INSERT INTO kanji_translation (kanji_id, translation_label, translation_lang) VALUES (114, 'esteem', 'en');
INSERT INTO kanji_translation (kanji_id, translation_label, translation_lang) VALUES (114, 'respect', 'en');
INSERT INTO kanji_translation (kanji_id, translation_label, translation_lang) VALUES (114, 'heap up', 'en');
INSERT INTO kanji_translation (kanji_id, translation_label, translation_lang) VALUES (114, 'pile up', 'en');
INSERT INTO kanji_translation (kanji_id, translation_label, translation_lang) VALUES (114, 'nest of boxes', 'en');
INSERT INTO kanji_translation (kanji_id, translation_label, translation_lang) VALUES (114, '-fold', 'en');
INSERT INTO kanji_translation (kanji_id, translation_label, translation_lang) VALUES (115, 'goods', 'en');
INSERT INTO kanji_translation (kanji_id, translation_label, translation_lang) VALUES (115, 'refinement', 'en');
INSERT INTO kanji_translation (kanji_id, translation_label, translation_lang) VALUES (115, 'dignity', 'en');
INSERT INTO kanji_translation (kanji_id, translation_label, translation_lang) VALUES (115, 'article', 'en');
INSERT INTO kanji_translation (kanji_id, translation_label, translation_lang) VALUES (115, 'counter for meal courses', 'en');
INSERT INTO kanji_translation (kanji_id, translation_label, translation_lang) VALUES (117, 'need', 'en');
INSERT INTO kanji_translation (kanji_id, translation_label, translation_lang) VALUES (117, 'main point', 'en');
INSERT INTO kanji_translation (kanji_id, translation_label, translation_lang) VALUES (117, 'essence', 'en');
INSERT INTO kanji_translation (kanji_id, translation_label, translation_lang) VALUES (117, 'pivot', 'en');
INSERT INTO kanji_translation (kanji_id, translation_label, translation_lang) VALUES (117, 'key to', 'en');
INSERT INTO kanji_translation (kanji_id, translation_label, translation_lang) VALUES (118, 'request', 'en');
INSERT INTO kanji_translation (kanji_id, translation_label, translation_lang) VALUES (118, 'want', 'en');
INSERT INTO kanji_translation (kanji_id, translation_label, translation_lang) VALUES (118, 'wish for', 'en');
INSERT INTO kanji_translation (kanji_id, translation_label, translation_lang) VALUES (118, 'require', 'en');
INSERT INTO kanji_translation (kanji_id, translation_label, translation_lang) VALUES (118, 'demand', 'en');
INSERT INTO kanji_translation (kanji_id, translation_label, translation_lang) VALUES (120, 'sweep', 'en');
INSERT INTO kanji_translation (kanji_id, translation_label, translation_lang) VALUES (120, 'brush', 'en');
INSERT INTO kanji_translation (kanji_id, translation_label, translation_lang) VALUES (121, 'exclude', 'en');
INSERT INTO kanji_translation (kanji_id, translation_label, translation_lang) VALUES (121, 'division (x/3)', 'en');
INSERT INTO kanji_translation (kanji_id, translation_label, translation_lang) VALUES (121, 'remove', 'en');
INSERT INTO kanji_translation (kanji_id, translation_label, translation_lang) VALUES (121, 'abolish', 'en');
INSERT INTO kanji_translation (kanji_id, translation_label, translation_lang) VALUES (121, 'cancel', 'en');
INSERT INTO kanji_translation (kanji_id, translation_label, translation_lang) VALUES (121, 'except', 'en');
INSERT INTO kanji_translation (kanji_id, translation_label, translation_lang) VALUES (123, 'warm', 'en');
INSERT INTO kanji_translation (kanji_id, translation_label, translation_lang) VALUES (124, 'spring', 'en');
INSERT INTO kanji_translation (kanji_id, translation_label, translation_lang) VALUES (124, 'fountain', 'en');
INSERT INTO kanji_translation (kanji_id, translation_label, translation_lang) VALUES (126, 'viscera', 'en');
INSERT INTO kanji_translation (kanji_id, translation_label, translation_lang) VALUES (126, 'bowels', 'en');
INSERT INTO kanji_translation (kanji_id, translation_label, translation_lang) VALUES (127, 'fall', 'en');
INSERT INTO kanji_translation (kanji_id, translation_label, translation_lang) VALUES (127, 'drop', 'en');
INSERT INTO kanji_translation (kanji_id, translation_label, translation_lang) VALUES (127, 'come down', 'en');
INSERT INTO kanji_translation (kanji_id, translation_label, translation_lang) VALUES (127, 'village', 'en');
INSERT INTO kanji_translation (kanji_id, translation_label, translation_lang) VALUES (127, 'hamlet', 'en');
INSERT INTO kanji_translation (kanji_id, translation_label, translation_lang) VALUES (129, 'etc.', 'en');
INSERT INTO kanji_translation (kanji_id, translation_label, translation_lang) VALUES (129, 'and so forth', 'en');
INSERT INTO kanji_translation (kanji_id, translation_label, translation_lang) VALUES (129, 'class (first)', 'en');
INSERT INTO kanji_translation (kanji_id, translation_label, translation_lang) VALUES (129, 'quality', 'en');
INSERT INTO kanji_translation (kanji_id, translation_label, translation_lang) VALUES (129, 'equal', 'en');
INSERT INTO kanji_translation (kanji_id, translation_label, translation_lang) VALUES (129, 'similar', 'en');
INSERT INTO kanji_translation (kanji_id, translation_label, translation_lang) VALUES (130, '"value"', 'en');
INSERT INTO kanji_translation (kanji_id, translation_label, translation_lang) VALUES (130, 'price', 'en');
INSERT INTO kanji_translation (kanji_id, translation_label, translation_lang) VALUES (132, 'exchange', 'en');
INSERT INTO kanji_translation (kanji_id, translation_label, translation_lang) VALUES (132, 'spare', 'en');
INSERT INTO kanji_translation (kanji_id, translation_label, translation_lang) VALUES (132, 'substitute', 'en');
INSERT INTO kanji_translation (kanji_id, translation_label, translation_lang) VALUES (132, 'per-', 'en');
INSERT INTO kanji_translation (kanji_id, translation_label, translation_lang) VALUES (134, 'impart', 'en');
INSERT INTO kanji_translation (kanji_id, translation_label, translation_lang) VALUES (134, 'instruct', 'en');
INSERT INTO kanji_translation (kanji_id, translation_label, translation_lang) VALUES (134, 'grant', 'en');
INSERT INTO kanji_translation (kanji_id, translation_label, translation_lang) VALUES (134, 'confer', 'en');
INSERT INTO kanji_translation (kanji_id, translation_label, translation_lang) VALUES (136, 'settlement', 'en');
INSERT INTO kanji_translation (kanji_id, translation_label, translation_lang) VALUES (136, 'obtain', 'en');
INSERT INTO kanji_translation (kanji_id, translation_label, translation_lang) VALUES (136, 'reap', 'en');
INSERT INTO kanji_translation (kanji_id, translation_label, translation_lang) VALUES (136, 'pay', 'en');
INSERT INTO kanji_translation (kanji_id, translation_label, translation_lang) VALUES (136, 'supply', 'en');
INSERT INTO kanji_translation (kanji_id, translation_label, translation_lang) VALUES (136, 'store', 'en');
INSERT INTO kanji_translation (kanji_id, translation_label, translation_lang) VALUES (137, 'gain', 'en');
INSERT INTO kanji_translation (kanji_id, translation_label, translation_lang) VALUES (137, 'get', 'en');
INSERT INTO kanji_translation (kanji_id, translation_label, translation_lang) VALUES (137, 'find', 'en');
INSERT INTO kanji_translation (kanji_id, translation_label, translation_lang) VALUES (137, 'earn', 'en');
INSERT INTO kanji_translation (kanji_id, translation_label, translation_lang) VALUES (137, 'acquire', 'en');
INSERT INTO kanji_translation (kanji_id, translation_label, translation_lang) VALUES (137, 'can', 'en');
INSERT INTO kanji_translation (kanji_id, translation_label, translation_lang) VALUES (137, 'may', 'en');
INSERT INTO kanji_translation (kanji_id, translation_label, translation_lang) VALUES (137, 'able to', 'en');
INSERT INTO kanji_translation (kanji_id, translation_label, translation_lang) VALUES (137, 'profit', 'en');
INSERT INTO kanji_translation (kanji_id, translation_label, translation_lang) VALUES (137, 'advantage', 'en');
INSERT INTO kanji_translation (kanji_id, translation_label, translation_lang) VALUES (137, 'benefit', 'en');
INSERT INTO kanji_translation (kanji_id, translation_label, translation_lang) VALUES (139, 'together', 'en');
INSERT INTO kanji_translation (kanji_id, translation_label, translation_lang) VALUES (139, 'both', 'en');
INSERT INTO kanji_translation (kanji_id, translation_label, translation_lang) VALUES (139, 'neither', 'en');
INSERT INTO kanji_translation (kanji_id, translation_label, translation_lang) VALUES (139, 'all', 'en');
INSERT INTO kanji_translation (kanji_id, translation_label, translation_lang) VALUES (139, 'and', 'en');
INSERT INTO kanji_translation (kanji_id, translation_label, translation_lang) VALUES (139, 'alike', 'en');
INSERT INTO kanji_translation (kanji_id, translation_label, translation_lang) VALUES (139, 'with', 'en');
INSERT INTO kanji_translation (kanji_id, translation_label, translation_lang) VALUES (140, 'crime', 'en');
INSERT INTO kanji_translation (kanji_id, translation_label, translation_lang) VALUES (140, 'sin', 'en');
INSERT INTO kanji_translation (kanji_id, translation_label, translation_lang) VALUES (140, 'offense', 'en');
INSERT INTO kanji_translation (kanji_id, translation_label, translation_lang) VALUES (142, 'period', 'en');
INSERT INTO kanji_translation (kanji_id, translation_label, translation_lang) VALUES (142, 'time', 'en');
INSERT INTO kanji_translation (kanji_id, translation_label, translation_lang) VALUES (142, 'date', 'en');
INSERT INTO kanji_translation (kanji_id, translation_label, translation_lang) VALUES (142, 'term', 'en');
INSERT INTO kanji_translation (kanji_id, translation_label, translation_lang) VALUES (143, 'wait', 'en');
INSERT INTO kanji_translation (kanji_id, translation_label, translation_lang) VALUES (143, 'depend on', 'en');
INSERT INTO kanji_translation (kanji_id, translation_label, translation_lang) VALUES (145, 'degrees', 'en');
INSERT INTO kanji_translation (kanji_id, translation_label, translation_lang) VALUES (145, 'occurrence', 'en');
INSERT INTO kanji_translation (kanji_id, translation_label, translation_lang) VALUES (145, 'time', 'en');
INSERT INTO kanji_translation (kanji_id, translation_label, translation_lang) VALUES (145, 'counter for occurrences', 'en');
INSERT INTO kanji_translation (kanji_id, translation_label, translation_lang) VALUES (145, 'consider', 'en');
INSERT INTO kanji_translation (kanji_id, translation_label, translation_lang) VALUES (145, 'attitude', 'en');
INSERT INTO kanji_translation (kanji_id, translation_label, translation_lang) VALUES (147, 'dig', 'en');
INSERT INTO kanji_translation (kanji_id, translation_label, translation_lang) VALUES (147, 'delve', 'en');
INSERT INTO kanji_translation (kanji_id, translation_label, translation_lang) VALUES (147, 'excavate', 'en');
INSERT INTO kanji_translation (kanji_id, translation_label, translation_lang) VALUES (148, 'rouse', 'en');
INSERT INTO kanji_translation (kanji_id, translation_label, translation_lang) VALUES (148, 'wake up', 'en');
INSERT INTO kanji_translation (kanji_id, translation_label, translation_lang) VALUES (148, 'get up', 'en');
INSERT INTO kanji_translation (kanji_id, translation_label, translation_lang) VALUES (150, 'mask', 'en');
INSERT INTO kanji_translation (kanji_id, translation_label, translation_lang) VALUES (150, 'face', 'en');
INSERT INTO kanji_translation (kanji_id, translation_label, translation_lang) VALUES (150, 'features', 'en');
INSERT INTO kanji_translation (kanji_id, translation_label, translation_lang) VALUES (150, 'surface', 'en');
INSERT INTO kanji_translation (kanji_id, translation_label, translation_lang) VALUES (151, 'overthrow', 'en');
INSERT INTO kanji_translation (kanji_id, translation_label, translation_lang) VALUES (151, 'fall', 'en');
INSERT INTO kanji_translation (kanji_id, translation_label, translation_lang) VALUES (151, 'collapse', 'en');
INSERT INTO kanji_translation (kanji_id, translation_label, translation_lang) VALUES (151, 'drop', 'en');
INSERT INTO kanji_translation (kanji_id, translation_label, translation_lang) VALUES (151, 'break down', 'en');
INSERT INTO kanji_translation (kanji_id, translation_label, translation_lang) VALUES (153, 'revolve', 'en');
INSERT INTO kanji_translation (kanji_id, translation_label, translation_lang) VALUES (153, 'turn around', 'en');
INSERT INTO kanji_translation (kanji_id, translation_label, translation_lang) VALUES (153, 'change', 'en');
INSERT INTO kanji_translation (kanji_id, translation_label, translation_lang) VALUES (156, 'gather', 'en');
INSERT INTO kanji_translation (kanji_id, translation_label, translation_lang) VALUES (156, 'meet', 'en');
INSERT INTO kanji_translation (kanji_id, translation_label, translation_lang) VALUES (156, 'congregate', 'en');
INSERT INTO kanji_translation (kanji_id, translation_label, translation_lang) VALUES (156, 'swarm', 'en');
INSERT INTO kanji_translation (kanji_id, translation_label, translation_lang) VALUES (156, 'flock', 'en');
INSERT INTO kanji_translation (kanji_id, translation_label, translation_lang) VALUES (158, 'the following', 'en');
INSERT INTO kanji_translation (kanji_id, translation_label, translation_lang) VALUES (158, 'next', 'en');
INSERT INTO kanji_translation (kanji_id, translation_label, translation_lang) VALUES (159, 'day', 'en');
INSERT INTO kanji_translation (kanji_id, translation_label, translation_lang) VALUES (159, 'sun', 'en');
INSERT INTO kanji_translation (kanji_id, translation_label, translation_lang) VALUES (159, 'Japan', 'en');
INSERT INTO kanji_translation (kanji_id, translation_label, translation_lang) VALUES (159, 'counter for days', 'en');
INSERT INTO kanji_translation (kanji_id, translation_label, translation_lang) VALUES (161, 'mark', 'en');
INSERT INTO kanji_translation (kanji_id, translation_label, translation_lang) VALUES (161, 'foot print', 'en');
INSERT INTO kanji_translation (kanji_id, translation_label, translation_lang) VALUES (162, 'tracks', 'en');
INSERT INTO kanji_translation (kanji_id, translation_label, translation_lang) VALUES (162, 'mark', 'en');
INSERT INTO kanji_translation (kanji_id, translation_label, translation_lang) VALUES (162, 'print', 'en');
INSERT INTO kanji_translation (kanji_id, translation_label, translation_lang) VALUES (162, 'impression', 'en');
INSERT INTO kanji_translation (kanji_id, translation_label, translation_lang) VALUES (164, 'see', 'en');
INSERT INTO kanji_translation (kanji_id, translation_label, translation_lang) VALUES (164, 'hopes', 'en');
INSERT INTO kanji_translation (kanji_id, translation_label, translation_lang) VALUES (164, 'chances', 'en');
INSERT INTO kanji_translation (kanji_id, translation_label, translation_lang) VALUES (164, 'idea', 'en');
INSERT INTO kanji_translation (kanji_id, translation_label, translation_lang) VALUES (164, 'opinion', 'en');
INSERT INTO kanji_translation (kanji_id, translation_label, translation_lang) VALUES (164, 'look at', 'en');
INSERT INTO kanji_translation (kanji_id, translation_label, translation_lang) VALUES (164, 'visible', 'en');
INSERT INTO kanji_translation (kanji_id, translation_label, translation_lang) VALUES (165, 'escape', 'en');
INSERT INTO kanji_translation (kanji_id, translation_label, translation_lang) VALUES (165, 'flee', 'en');
INSERT INTO kanji_translation (kanji_id, translation_label, translation_lang) VALUES (165, 'shirk', 'en');
INSERT INTO kanji_translation (kanji_id, translation_label, translation_lang) VALUES (165, 'evade', 'en');
INSERT INTO kanji_translation (kanji_id, translation_label, translation_lang) VALUES (165, 'set free', 'en');
INSERT INTO kanji_translation (kanji_id, translation_label, translation_lang) VALUES (167, 'possess', 'en');
INSERT INTO kanji_translation (kanji_id, translation_label, translation_lang) VALUES (167, 'have', 'en');
INSERT INTO kanji_translation (kanji_id, translation_label, translation_lang) VALUES (167, 'exist', 'en');
INSERT INTO kanji_translation (kanji_id, translation_label, translation_lang) VALUES (167, 'happen', 'en');
INSERT INTO kanji_translation (kanji_id, translation_label, translation_lang) VALUES (167, 'occur', 'en');
INSERT INTO kanji_translation (kanji_id, translation_label, translation_lang) VALUES (167, 'approx', 'en');
INSERT INTO kanji_translation (kanji_id, translation_label, translation_lang) VALUES (168, 'profit', 'en');
INSERT INTO kanji_translation (kanji_id, translation_label, translation_lang) VALUES (168, 'advantage', 'en');
INSERT INTO kanji_translation (kanji_id, translation_label, translation_lang) VALUES (168, 'benefit', 'en');
INSERT INTO kanji_translation (kanji_id, translation_label, translation_lang) VALUES (170, 'neck', 'en');
INSERT INTO kanji_translation (kanji_id, translation_label, translation_lang) VALUES (170, 'counter for songs and poems', 'en');
INSERT INTO kanji_translation (kanji_id, translation_label, translation_lang) VALUES (171, 'tail', 'en');
INSERT INTO kanji_translation (kanji_id, translation_label, translation_lang) VALUES (171, 'end', 'en');
INSERT INTO kanji_translation (kanji_id, translation_label, translation_lang) VALUES (171, 'counter for fish', 'en');
INSERT INTO kanji_translation (kanji_id, translation_label, translation_lang) VALUES (171, 'lower slope of mountain', 'en');
INSERT INTO kanji_translation (kanji_id, translation_label, translation_lang) VALUES (173, 'juvenile', 'en');
INSERT INTO kanji_translation (kanji_id, translation_label, translation_lang) VALUES (173, 'child', 'en');
INSERT INTO kanji_translation (kanji_id, translation_label, translation_lang) VALUES (174, 'tale', 'en');
INSERT INTO kanji_translation (kanji_id, translation_label, translation_lang) VALUES (174, 'talk', 'en');
INSERT INTO kanji_translation (kanji_id, translation_label, translation_lang) VALUES (176, 'shake', 'en');
INSERT INTO kanji_translation (kanji_id, translation_label, translation_lang) VALUES (176, 'wave', 'en');
INSERT INTO kanji_translation (kanji_id, translation_label, translation_lang) VALUES (176, 'wag', 'en');
INSERT INTO kanji_translation (kanji_id, translation_label, translation_lang) VALUES (176, 'swing', 'en');
INSERT INTO kanji_translation (kanji_id, translation_label, translation_lang) VALUES (177, 'move', 'en');
INSERT INTO kanji_translation (kanji_id, translation_label, translation_lang) VALUES (177, 'motion', 'en');
INSERT INTO kanji_translation (kanji_id, translation_label, translation_lang) VALUES (177, 'change', 'en');
INSERT INTO kanji_translation (kanji_id, translation_label, translation_lang) VALUES (177, 'confusion', 'en');
INSERT INTO kanji_translation (kanji_id, translation_label, translation_lang) VALUES (177, 'shift', 'en');
INSERT INTO kanji_translation (kanji_id, translation_label, translation_lang) VALUES (177, 'shake', 'en');
INSERT INTO kanji_translation (kanji_id, translation_label, translation_lang) VALUES (179, 'oversee', 'en');
INSERT INTO kanji_translation (kanji_id, translation_label, translation_lang) VALUES (179, 'official', 'en');
INSERT INTO kanji_translation (kanji_id, translation_label, translation_lang) VALUES (179, 'govt office', 'en');
INSERT INTO kanji_translation (kanji_id, translation_label, translation_lang) VALUES (179, 'rule', 'en');
INSERT INTO kanji_translation (kanji_id, translation_label, translation_lang) VALUES (179, 'administer', 'en');
INSERT INTO kanji_translation (kanji_id, translation_label, translation_lang) VALUES (180, 'inspection', 'en');
INSERT INTO kanji_translation (kanji_id, translation_label, translation_lang) VALUES (180, 'regard as', 'en');
INSERT INTO kanji_translation (kanji_id, translation_label, translation_lang) VALUES (180, 'see', 'en');
INSERT INTO kanji_translation (kanji_id, translation_label, translation_lang) VALUES (180, 'look at', 'en');
INSERT INTO kanji_translation (kanji_id, translation_label, translation_lang) VALUES (181, 'duty', 'en');
INSERT INTO kanji_translation (kanji_id, translation_label, translation_lang) VALUES (181, 'war', 'en');
INSERT INTO kanji_translation (kanji_id, translation_label, translation_lang) VALUES (181, 'campaign', 'en');
INSERT INTO kanji_translation (kanji_id, translation_label, translation_lang) VALUES (181, 'drafted labor', 'en');
INSERT INTO kanji_translation (kanji_id, translation_label, translation_lang) VALUES (181, 'office', 'en');
INSERT INTO kanji_translation (kanji_id, translation_label, translation_lang) VALUES (181, 'service', 'en');
INSERT INTO kanji_translation (kanji_id, translation_label, translation_lang) VALUES (181, 'role', 'en');
INSERT INTO kanji_translation (kanji_id, translation_label, translation_lang) VALUES (183, 'bosom', 'en');
INSERT INTO kanji_translation (kanji_id, translation_label, translation_lang) VALUES (183, 'breast', 'en');
INSERT INTO kanji_translation (kanji_id, translation_label, translation_lang) VALUES (183, 'chest', 'en');
INSERT INTO kanji_translation (kanji_id, translation_label, translation_lang) VALUES (183, 'heart', 'en');
INSERT INTO kanji_translation (kanji_id, translation_label, translation_lang) VALUES (183, 'feelings', 'en');
INSERT INTO kanji_translation (kanji_id, translation_label, translation_lang) VALUES (185, 'determine', 'en');
INSERT INTO kanji_translation (kanji_id, translation_label, translation_lang) VALUES (185, 'fix', 'en');
INSERT INTO kanji_translation (kanji_id, translation_label, translation_lang) VALUES (185, 'establish', 'en');
INSERT INTO kanji_translation (kanji_id, translation_label, translation_lang) VALUES (185, 'decide', 'en');
INSERT INTO kanji_translation (kanji_id, translation_label, translation_lang) VALUES (186, 'righteousness', 'en');
INSERT INTO kanji_translation (kanji_id, translation_label, translation_lang) VALUES (186, 'justice', 'en');
INSERT INTO kanji_translation (kanji_id, translation_label, translation_lang) VALUES (186, 'morality', 'en');
INSERT INTO kanji_translation (kanji_id, translation_label, translation_lang) VALUES (186, 'honor', 'en');
INSERT INTO kanji_translation (kanji_id, translation_label, translation_lang) VALUES (186, 'loyalty', 'en');
INSERT INTO kanji_translation (kanji_id, translation_label, translation_lang) VALUES (186, 'meaning', 'en');
INSERT INTO kanji_translation (kanji_id, translation_label, translation_lang) VALUES (188, 'mouth', 'en');
INSERT INTO kanji_translation (kanji_id, translation_label, translation_lang) VALUES (189, 'hit', 'en');
INSERT INTO kanji_translation (kanji_id, translation_label, translation_lang) VALUES (189, 'right', 'en');
INSERT INTO kanji_translation (kanji_id, translation_label, translation_lang) VALUES (189, 'appropriate', 'en');
INSERT INTO kanji_translation (kanji_id, translation_label, translation_lang) VALUES (189, 'himself', 'en');
INSERT INTO kanji_translation (kanji_id, translation_label, translation_lang) VALUES (191, 'concentrated', 'en');
INSERT INTO kanji_translation (kanji_id, translation_label, translation_lang) VALUES (191, 'thick', 'en');
INSERT INTO kanji_translation (kanji_id, translation_label, translation_lang) VALUES (191, 'dark', 'en');
INSERT INTO kanji_translation (kanji_id, translation_label, translation_lang) VALUES (191, 'undiluted', 'en');
INSERT INTO kanji_translation (kanji_id, translation_label, translation_lang) VALUES (193, 'business', 'en');
INSERT INTO kanji_translation (kanji_id, translation_label, translation_lang) VALUES (193, 'vocation', 'en');
INSERT INTO kanji_translation (kanji_id, translation_label, translation_lang) VALUES (193, 'arts', 'en');
INSERT INTO kanji_translation (kanji_id, translation_label, translation_lang) VALUES (193, 'performance', 'en');
INSERT INTO kanji_translation (kanji_id, translation_label, translation_lang) VALUES (14, 'or', 'en');
INSERT INTO kanji_translation (kanji_id, translation_label, translation_lang) VALUES (14, 'argent (au sens monétaire)', 'en');

--
-- TOC entry 3321 (class 0 OID 16586)
-- Dependencies: 215
-- Data for Name: word; Type: TABLE DATA; Schema: public; Owner: -
--

INSERT INTO word (id, furigana_value, time_stamp, "value") VALUES (42, 'ゆうびんきょく', '2020-04-15 01:35:16', '郵便局');
INSERT INTO word (id, furigana_value, time_stamp, "value") VALUES (43, 'かぞく', '2020-04-15 01:39:25', '家族');
INSERT INTO word (id, furigana_value, time_stamp, "value") VALUES (44, 'おおさか', '2020-04-15 11:02:48', '大阪');
INSERT INTO word (id, furigana_value, time_stamp, "value") VALUES (47, 'さっそく', '2020-04-15 11:04:52', '早速');
INSERT INTO word (id, furigana_value, time_stamp, "value") VALUES (50, 'ちゅうとはんば', '2020-04-15 11:22:19', '中途半端');
INSERT INTO word (id, furigana_value, time_stamp, "value") VALUES (55, 'せかい', '2020-04-15 14:21:22', '世界');
INSERT INTO word (id, furigana_value, time_stamp, "value") VALUES (58, 'えがお', '2020-04-15 14:31:20', '笑顔');
INSERT INTO word (id, furigana_value, time_stamp, "value") VALUES (61, 'ほしぞら', '2020-04-15 14:34:37', '星空');
INSERT INTO word (id, furigana_value, time_stamp, "value") VALUES (64, 'すでに', '2020-04-15 15:44:53', '既に');
INSERT INTO word (id, furigana_value, time_stamp, "value") VALUES (66, 'じょうきょう', '2020-04-15 20:38:50', '状況');
INSERT INTO word (id, furigana_value, time_stamp, "value") VALUES (69, 'いっさいがっさい', '2020-04-15 22:25:38', '一切合切');
INSERT INTO word (id, furigana_value, time_stamp, "value") VALUES (74, 'じょうほう', '2020-04-15 22:29:12', '情報');
INSERT INTO word (id, furigana_value, time_stamp, "value") VALUES (77, 'でんたつ', '2020-04-15 22:30:00', '伝達');
INSERT INTO word (id, furigana_value, time_stamp, "value") VALUES (80, 'なまえ', '2020-04-15 22:44:38', '名前');
INSERT INTO word (id, furigana_value, time_stamp, "value") VALUES (83, 'だいがく', '2020-04-15 22:45:59', '大学');
INSERT INTO word (id, furigana_value, time_stamp, "value") VALUES (85, 'わがはい', '2020-04-16 00:38:36', '吾輩');
INSERT INTO word (id, furigana_value, time_stamp, "value") VALUES (88, 'たいよう', '2020-04-16 00:46:23', '太陽');
INSERT INTO word (id, furigana_value, time_stamp, "value") VALUES (91, 'おとりこみちゅう', '2020-04-17 23:23:26', 'お取り込み中');
INSERT INTO word (id, furigana_value, time_stamp, "value") VALUES (94, 'いしょう', '2020-04-17 23:24:18', '衣装');
INSERT INTO word (id, furigana_value, time_stamp, "value") VALUES (97, 'ごうだつ', '2020-04-17 23:56:51', '強奪');
INSERT INTO word (id, furigana_value, time_stamp, "value") VALUES (100, 'あんしょう', '2020-04-18 00:00:30', '暗礁');
INSERT INTO word (id, furigana_value, time_stamp, "value") VALUES (103, 'はつあん', '2020-04-18 00:03:49', '発案');
INSERT INTO word (id, furigana_value, time_stamp, "value") VALUES (106, 'はつめい', '2020-04-18 00:05:13', '発明');
INSERT INTO word (id, furigana_value, time_stamp, "value") VALUES (108, 'よかん', '2020-04-18 00:08:12', '予感');
INSERT INTO word (id, furigana_value, time_stamp, "value") VALUES (110, 'おんびん', '2020-04-18 00:11:01', '穏便');
INSERT INTO word (id, furigana_value, time_stamp, "value") VALUES (112, 'きちょうひん', '2020-04-18 00:20:24', '貴重品');
INSERT INTO word (id, furigana_value, time_stamp, "value") VALUES (116, 'ようきゅう', '2020-04-18 00:27:39', '要求');
INSERT INTO word (id, furigana_value, time_stamp, "value") VALUES (119, 'そうじ', '2020-04-18 00:30:35', '掃除');
INSERT INTO word (id, furigana_value, time_stamp, "value") VALUES (122, 'おんせん', '2020-04-18 17:28:25', '温泉');
INSERT INTO word (id, furigana_value, time_stamp, "value") VALUES (125, 'ふにおちん', '2020-04-18 22:58:45', '腑に落ちん');
INSERT INTO word (id, furigana_value, time_stamp, "value") VALUES (128, 'とうか', '2020-04-18 23:49:57', '等価');
INSERT INTO word (id, furigana_value, time_stamp, "value") VALUES (131, 'すりかえる', '2020-04-18 23:59:51', 'すり替える');
INSERT INTO word (id, furigana_value, time_stamp, "value") VALUES (133, 'でんじゅ', '2020-04-19 00:02:58', '伝授');
INSERT INTO word (id, furigana_value, time_stamp, "value") VALUES (135, 'なっとくする', '2020-04-19 22:55:36', '納得する');
INSERT INTO word (id, furigana_value, time_stamp, "value") VALUES (138, 'きょうはん', '2020-04-19 22:56:39', '共犯');
INSERT INTO word (id, furigana_value, time_stamp, "value") VALUES (141, 'きたい', '2020-04-19 23:07:13', '期待');
INSERT INTO word (id, furigana_value, time_stamp, "value") VALUES (144, 'このたび', '2020-04-19 23:10:39', 'この度');
INSERT INTO word (id, furigana_value, time_stamp, "value") VALUES (146, 'ほりおこす', '2020-04-19 23:41:28', '掘り起こす ');
INSERT INTO word (id, furigana_value, time_stamp, "value") VALUES (149, 'めんどう', '2020-04-19 23:42:44', '面倒');
INSERT INTO word (id, furigana_value, time_stamp, "value") VALUES (152, 'ころがってる', '2020-04-19 23:56:39', '転がってる');
INSERT INTO word (id, furigana_value, time_stamp, "value") VALUES (154, 'みょうちょう', '2020-04-21 23:55:37', '明朝');
INSERT INTO word (id, furigana_value, time_stamp, "value") VALUES (155, 'しゅうごう', '2020-04-21 23:57:31', '集合');
INSERT INTO word (id, furigana_value, time_stamp, "value") VALUES (157, 'よくじつ', '2020-04-22 00:09:03', '翌日');
INSERT INTO word (id, furigana_value, time_stamp, "value") VALUES (160, 'こんせき', '2020-04-22 00:23:02', '痕跡');
INSERT INTO word (id, furigana_value, time_stamp, "value") VALUES (163, 'みのがす', '2020-04-22 00:34:14', '見逃す');
INSERT INTO word (id, furigana_value, time_stamp, "value") VALUES (166, 'ゆうり', '2020-04-25 23:06:37', '有利');
INSERT INTO word (id, furigana_value, time_stamp, "value") VALUES (169, 'しゅび', '2020-04-25 23:18:30', '首尾');
INSERT INTO word (id, furigana_value, time_stamp, "value") VALUES (172, 'どうわ', '2020-04-25 23:25:18', '童話');
INSERT INTO word (id, furigana_value, time_stamp, "value") VALUES (175, 'しんどう', '2020-04-26 00:04:18', '振動');
INSERT INTO word (id, furigana_value, time_stamp, "value") VALUES (178, 'かんしやく', '2020-04-26 00:17:14', '監視役');
INSERT INTO word (id, furigana_value, time_stamp, "value") VALUES (182, 'どきょう', '2020-04-26 21:32:48', '度胸');
INSERT INTO word (id, furigana_value, time_stamp, "value") VALUES (184, 'ていぎ', '2020-04-26 21:57:23', '定義');
INSERT INTO word (id, furigana_value, time_stamp, "value") VALUES (187, 'くちあたり', '2020-04-27 22:56:16', '口当たり');
INSERT INTO word (id, furigana_value, time_stamp, "value") VALUES (190, 'こい', '2020-04-27 23:04:38', '濃い');
INSERT INTO word (id, furigana_value, time_stamp, "value") VALUES (192, 'じゅぎょう', '2021-11-17 21:59:38', '授業');


--
-- TOC entry 3340 (class 0 OID 16593)
-- Dependencies: 216
-- Data for Name: word_kanji; Type: TABLE DATA; Schema: public; Owner: -
--

INSERT INTO word_kanji (word_id, kanji_id) VALUES (42, 30);
INSERT INTO word_kanji (word_id, kanji_id) VALUES (42, 31);
INSERT INTO word_kanji (word_id, kanji_id) VALUES (42, 32);
INSERT INTO word_kanji (word_id, kanji_id) VALUES (43, 24);
INSERT INTO word_kanji (word_id, kanji_id) VALUES (43, 25);
INSERT INTO word_kanji (word_id, kanji_id) VALUES (44, 45);
INSERT INTO word_kanji (word_id, kanji_id) VALUES (44, 46);
INSERT INTO word_kanji (word_id, kanji_id) VALUES (47, 48);
INSERT INTO word_kanji (word_id, kanji_id) VALUES (47, 49);
INSERT INTO word_kanji (word_id, kanji_id) VALUES (50, 51);
INSERT INTO word_kanji (word_id, kanji_id) VALUES (50, 52);
INSERT INTO word_kanji (word_id, kanji_id) VALUES (50, 53);
INSERT INTO word_kanji (word_id, kanji_id) VALUES (50, 54);
INSERT INTO word_kanji (word_id, kanji_id) VALUES (55, 56);
INSERT INTO word_kanji (word_id, kanji_id) VALUES (55, 57);
INSERT INTO word_kanji (word_id, kanji_id) VALUES (58, 59);
INSERT INTO word_kanji (word_id, kanji_id) VALUES (58, 60);
INSERT INTO word_kanji (word_id, kanji_id) VALUES (61, 62);
INSERT INTO word_kanji (word_id, kanji_id) VALUES (61, 63);
INSERT INTO word_kanji (word_id, kanji_id) VALUES (64, 65);
INSERT INTO word_kanji (word_id, kanji_id) VALUES (66, 67);
INSERT INTO word_kanji (word_id, kanji_id) VALUES (66, 68);
INSERT INTO word_kanji (word_id, kanji_id) VALUES (69, 70);
INSERT INTO word_kanji (word_id, kanji_id) VALUES (69, 71);
INSERT INTO word_kanji (word_id, kanji_id) VALUES (69, 72);
INSERT INTO word_kanji (word_id, kanji_id) VALUES (69, 73);
INSERT INTO word_kanji (word_id, kanji_id) VALUES (74, 75);
INSERT INTO word_kanji (word_id, kanji_id) VALUES (74, 76);
INSERT INTO word_kanji (word_id, kanji_id) VALUES (77, 78);
INSERT INTO word_kanji (word_id, kanji_id) VALUES (77, 79);
INSERT INTO word_kanji (word_id, kanji_id) VALUES (80, 81);
INSERT INTO word_kanji (word_id, kanji_id) VALUES (80, 82);
INSERT INTO word_kanji (word_id, kanji_id) VALUES (83, 45);
INSERT INTO word_kanji (word_id, kanji_id) VALUES (83, 84);
INSERT INTO word_kanji (word_id, kanji_id) VALUES (85, 86);
INSERT INTO word_kanji (word_id, kanji_id) VALUES (85, 87);
INSERT INTO word_kanji (word_id, kanji_id) VALUES (88, 89);
INSERT INTO word_kanji (word_id, kanji_id) VALUES (88, 90);
INSERT INTO word_kanji (word_id, kanji_id) VALUES (91, 92);
INSERT INTO word_kanji (word_id, kanji_id) VALUES (91, 93);
INSERT INTO word_kanji (word_id, kanji_id) VALUES (91, 51);
INSERT INTO word_kanji (word_id, kanji_id) VALUES (94, 95);
INSERT INTO word_kanji (word_id, kanji_id) VALUES (94, 96);
INSERT INTO word_kanji (word_id, kanji_id) VALUES (97, 98);
INSERT INTO word_kanji (word_id, kanji_id) VALUES (97, 99);
INSERT INTO word_kanji (word_id, kanji_id) VALUES (100, 101);
INSERT INTO word_kanji (word_id, kanji_id) VALUES (100, 102);
INSERT INTO word_kanji (word_id, kanji_id) VALUES (103, 104);
INSERT INTO word_kanji (word_id, kanji_id) VALUES (103, 105);
INSERT INTO word_kanji (word_id, kanji_id) VALUES (106, 104);
INSERT INTO word_kanji (word_id, kanji_id) VALUES (106, 107);
INSERT INTO word_kanji (word_id, kanji_id) VALUES (108, 109);
INSERT INTO word_kanji (word_id, kanji_id) VALUES (108, 11);
INSERT INTO word_kanji (word_id, kanji_id) VALUES (110, 111);
INSERT INTO word_kanji (word_id, kanji_id) VALUES (110, 31);
INSERT INTO word_kanji (word_id, kanji_id) VALUES (112, 113);
INSERT INTO word_kanji (word_id, kanji_id) VALUES (112, 114);
INSERT INTO word_kanji (word_id, kanji_id) VALUES (112, 115);
INSERT INTO word_kanji (word_id, kanji_id) VALUES (116, 117);
INSERT INTO word_kanji (word_id, kanji_id) VALUES (116, 118);
INSERT INTO word_kanji (word_id, kanji_id) VALUES (119, 120);
INSERT INTO word_kanji (word_id, kanji_id) VALUES (119, 121);
INSERT INTO word_kanji (word_id, kanji_id) VALUES (122, 123);
INSERT INTO word_kanji (word_id, kanji_id) VALUES (122, 124);
INSERT INTO word_kanji (word_id, kanji_id) VALUES (125, 126);
INSERT INTO word_kanji (word_id, kanji_id) VALUES (125, 127);
INSERT INTO word_kanji (word_id, kanji_id) VALUES (128, 129);
INSERT INTO word_kanji (word_id, kanji_id) VALUES (128, 130);
INSERT INTO word_kanji (word_id, kanji_id) VALUES (131, 132);
INSERT INTO word_kanji (word_id, kanji_id) VALUES (133, 78);
INSERT INTO word_kanji (word_id, kanji_id) VALUES (133, 134);
INSERT INTO word_kanji (word_id, kanji_id) VALUES (135, 136);
INSERT INTO word_kanji (word_id, kanji_id) VALUES (135, 137);
INSERT INTO word_kanji (word_id, kanji_id) VALUES (138, 139);
INSERT INTO word_kanji (word_id, kanji_id) VALUES (138, 140);
INSERT INTO word_kanji (word_id, kanji_id) VALUES (141, 142);
INSERT INTO word_kanji (word_id, kanji_id) VALUES (141, 143);
INSERT INTO word_kanji (word_id, kanji_id) VALUES (144, 145);
INSERT INTO word_kanji (word_id, kanji_id) VALUES (146, 147);
INSERT INTO word_kanji (word_id, kanji_id) VALUES (146, 148);
INSERT INTO word_kanji (word_id, kanji_id) VALUES (149, 150);
INSERT INTO word_kanji (word_id, kanji_id) VALUES (149, 151);
INSERT INTO word_kanji (word_id, kanji_id) VALUES (152, 153);
INSERT INTO word_kanji (word_id, kanji_id) VALUES (154, 107);
INSERT INTO word_kanji (word_id, kanji_id) VALUES (154, 19);
INSERT INTO word_kanji (word_id, kanji_id) VALUES (155, 156);
INSERT INTO word_kanji (word_id, kanji_id) VALUES (155, 72);
INSERT INTO word_kanji (word_id, kanji_id) VALUES (157, 158);
INSERT INTO word_kanji (word_id, kanji_id) VALUES (157, 159);
INSERT INTO word_kanji (word_id, kanji_id) VALUES (160, 161);
INSERT INTO word_kanji (word_id, kanji_id) VALUES (160, 162);
INSERT INTO word_kanji (word_id, kanji_id) VALUES (163, 164);
INSERT INTO word_kanji (word_id, kanji_id) VALUES (163, 165);
INSERT INTO word_kanji (word_id, kanji_id) VALUES (166, 167);
INSERT INTO word_kanji (word_id, kanji_id) VALUES (166, 168);
INSERT INTO word_kanji (word_id, kanji_id) VALUES (169, 170);
INSERT INTO word_kanji (word_id, kanji_id) VALUES (169, 171);
INSERT INTO word_kanji (word_id, kanji_id) VALUES (172, 173);
INSERT INTO word_kanji (word_id, kanji_id) VALUES (172, 174);
INSERT INTO word_kanji (word_id, kanji_id) VALUES (175, 176);
INSERT INTO word_kanji (word_id, kanji_id) VALUES (175, 177);
INSERT INTO word_kanji (word_id, kanji_id) VALUES (178, 179);
INSERT INTO word_kanji (word_id, kanji_id) VALUES (178, 180);
INSERT INTO word_kanji (word_id, kanji_id) VALUES (178, 181);
INSERT INTO word_kanji (word_id, kanji_id) VALUES (182, 145);
INSERT INTO word_kanji (word_id, kanji_id) VALUES (182, 183);
INSERT INTO word_kanji (word_id, kanji_id) VALUES (184, 185);
INSERT INTO word_kanji (word_id, kanji_id) VALUES (184, 186);
INSERT INTO word_kanji (word_id, kanji_id) VALUES (187, 188);
INSERT INTO word_kanji (word_id, kanji_id) VALUES (187, 189);
INSERT INTO word_kanji (word_id, kanji_id) VALUES (190, 191);
INSERT INTO word_kanji (word_id, kanji_id) VALUES (192, 134);
INSERT INTO word_kanji (word_id, kanji_id) VALUES (192, 193);

INSERT INTO word_translation (word_id, translation_label, translation_lang) VALUES (42, 'Bureau de poste', 'en');
INSERT INTO word_translation (word_id, translation_label, translation_lang) VALUES (43, 'famille', 'en');
INSERT INTO word_translation (word_id, translation_label, translation_lang) VALUES (44, 'Osaka', 'en');
INSERT INTO word_translation (word_id, translation_label, translation_lang) VALUES (47, 'Immédiatement', 'en');
INSERT INTO word_translation (word_id, translation_label, translation_lang) VALUES (50, 'Incomplet, ne pas aller au bout', 'en');
INSERT INTO word_translation (word_id, translation_label, translation_lang) VALUES (55, 'Monde', 'en');
INSERT INTO word_translation (word_id, translation_label, translation_lang) VALUES (58, 'Sourire', 'en');
INSERT INTO word_translation (word_id, translation_label, translation_lang) VALUES (61, 'Ciel étoilé', 'en');
INSERT INTO word_translation (word_id, translation_label, translation_lang) VALUES (64, 'Déjà', 'en');
INSERT INTO word_translation (word_id, translation_label, translation_lang) VALUES (66, 'Condition, circonstance, situatation', 'en');
INSERT INTO word_translation (word_id, translation_label, translation_lang) VALUES (69, 'Tout ensemble, bout à bout', 'en');
INSERT INTO word_translation (word_id, translation_label, translation_lang) VALUES (74, 'Information', 'en');
INSERT INTO word_translation (word_id, translation_label, translation_lang) VALUES (77, 'Transfert, transmission', 'en');
INSERT INTO word_translation (word_id, translation_label, translation_lang) VALUES (80, 'Nom', 'en');
INSERT INTO word_translation (word_id, translation_label, translation_lang) VALUES (83, 'Université', 'en');
INSERT INTO word_translation (word_id, translation_label, translation_lang) VALUES (85, 'Je (Gintama)', 'en');
INSERT INTO word_translation (word_id, translation_label, translation_lang) VALUES (88, 'Le soleil', 'en');
INSERT INTO word_translation (word_id, translation_label, translation_lang) VALUES (91, 'Être occupé, déranger', 'en');
INSERT INTO word_translation (word_id, translation_label, translation_lang) VALUES (94, 'Déguisement', 'en');
INSERT INTO word_translation (word_id, translation_label, translation_lang) VALUES (97, 'Vol, braquage', 'en');
INSERT INTO word_translation (word_id, translation_label, translation_lang) VALUES (100, 'Récif', 'en');
INSERT INTO word_translation (word_id, translation_label, translation_lang) VALUES (103, 'Proposition, suggestion, idée', 'en');
INSERT INTO word_translation (word_id, translation_label, translation_lang) VALUES (106, 'Invention', 'en');
INSERT INTO word_translation (word_id, translation_label, translation_lang) VALUES (108, 'Pressentiment', 'en');
INSERT INTO word_translation (word_id, translation_label, translation_lang) VALUES (110, 'Amiable, amical, paisiblement', 'en');
INSERT INTO word_translation (word_id, translation_label, translation_lang) VALUES (112, 'Objets de valeur', 'en');
INSERT INTO word_translation (word_id, translation_label, translation_lang) VALUES (116, 'Demande, requête', 'en');
INSERT INTO word_translation (word_id, translation_label, translation_lang) VALUES (119, 'Nettoyage, ménage', 'en');
INSERT INTO word_translation (word_id, translation_label, translation_lang) VALUES (122, 'Source chaude, thermale', 'en');
INSERT INTO word_translation (word_id, translation_label, translation_lang) VALUES (125, 'Ne pas digérer', 'en');
INSERT INTO word_translation (word_id, translation_label, translation_lang) VALUES (128, 'équivalent', 'en');
INSERT INTO word_translation (word_id, translation_label, translation_lang) VALUES (131, 'Substituer', 'en');
INSERT INTO word_translation (word_id, translation_label, translation_lang) VALUES (133, 'Initiation, enseignement', 'en');
INSERT INTO word_translation (word_id, translation_label, translation_lang) VALUES (135, 'être d''accord', 'en');
INSERT INTO word_translation (word_id, translation_label, translation_lang) VALUES (138, 'Complice', 'en');
INSERT INTO word_translation (word_id, translation_label, translation_lang) VALUES (141, 'Attentes (expectations)', 'en');
INSERT INTO word_translation (word_id, translation_label, translation_lang) VALUES (144, 'Cette fois', 'en');
INSERT INTO word_translation (word_id, translation_label, translation_lang) VALUES (146, 'Déterrer, creuser', 'en');
INSERT INTO word_translation (word_id, translation_label, translation_lang) VALUES (149, 'Gêne, trouble', 'en');
INSERT INTO word_translation (word_id, translation_label, translation_lang) VALUES (152, 'Rouler sur le sol', 'en');
INSERT INTO word_translation (word_id, translation_label, translation_lang) VALUES (154, 'Demain matin', 'en');
INSERT INTO word_translation (word_id, translation_label, translation_lang) VALUES (155, 'Ensemble, rassemblement', 'en');
INSERT INTO word_translation (word_id, translation_label, translation_lang) VALUES (157, 'Le jour suivant', 'en');
INSERT INTO word_translation (word_id, translation_label, translation_lang) VALUES (160, 'Trace', 'en');
INSERT INTO word_translation (word_id, translation_label, translation_lang) VALUES (163, 'Manquer (louper)', 'en');
INSERT INTO word_translation (word_id, translation_label, translation_lang) VALUES (166, 'Avantageux, profitable', 'en');
INSERT INTO word_translation (word_id, translation_label, translation_lang) VALUES (169, 'Du début à la fin', 'en');
INSERT INTO word_translation (word_id, translation_label, translation_lang) VALUES (172, 'Conte de fées, pour enfants', 'en');
INSERT INTO word_translation (word_id, translation_label, translation_lang) VALUES (175, 'Ocillation, vibration', 'en');
INSERT INTO word_translation (word_id, translation_label, translation_lang) VALUES (178, 'Moniteur, superviseur', 'en');
INSERT INTO word_translation (word_id, translation_label, translation_lang) VALUES (182, 'Courage', 'en');
INSERT INTO word_translation (word_id, translation_label, translation_lang) VALUES (184, 'Définition', 'en');
INSERT INTO word_translation (word_id, translation_label, translation_lang) VALUES (187, 'Le goût', 'en');
INSERT INTO word_translation (word_id, translation_label, translation_lang) VALUES (190, 'Riche, profond, prononcé', 'en');
INSERT INTO word_translation (word_id, translation_label, translation_lang) VALUES (192, 'Cours (classe)', 'en');
