--
-- TOC entry 3334 (class 0 OID 16556)
-- Dependencies: 210
-- Data for Name: kanji; Type: TABLE DATA; Schema: public; Owner: -
--

INSERT INTO kanji (id, time_stamp, "value") VALUES (9, '2020-04-13 10:07:37', '探');
INSERT INTO kanji (id, time_stamp, "value") VALUES (10, '2020-04-13 10:12:02', '馬');
INSERT INTO kanji (id, time_stamp, "value") VALUES (11, '2020-04-13 10:12:20', '感');
INSERT INTO kanji (id, time_stamp, "value") VALUES (12, '2020-04-13 10:12:38', '洗');
INSERT INTO kanji (id, time_stamp, "value") VALUES (13, '2020-04-13 10:12:57', '貯');
INSERT INTO kanji (id, time_stamp, "value") VALUES (15, '2020-04-14 00:42:28', '理');
INSERT INTO kanji (id, time_stamp, "value") VALUES (16, '2020-04-14 00:44:15', '高');
INSERT INTO kanji (id, time_stamp, "value") VALUES (17, '2020-04-14 00:53:23', '台');
INSERT INTO kanji (id, time_stamp, "value") VALUES (18, '2020-04-14 01:21:52', '君');
INSERT INTO kanji (id, time_stamp, "value") VALUES (19, '2020-04-14 01:32:13', '朝');
INSERT INTO kanji (id, time_stamp, "value") VALUES (20, '2020-04-14 01:35:24', '瞳');
INSERT INTO kanji (id, time_stamp, "value") VALUES (21, '2020-04-14 01:39:23', '東');
INSERT INTO kanji (id, time_stamp, "value") VALUES (22, '2020-04-14 01:41:18', '西');
INSERT INTO kanji (id, time_stamp, "value") VALUES (23, '2020-04-14 11:05:54', '夜');
INSERT INTO kanji (id, time_stamp, "value") VALUES (24, '2020-04-14 11:06:53', '家');
INSERT INTO kanji (id, time_stamp, "value") VALUES (25, '2020-04-14 11:46:34', '族');
INSERT INTO kanji (id, time_stamp, "value") VALUES (26, '2020-04-14 11:50:46', '食');
INSERT INTO kanji (id, time_stamp, "value") VALUES (27, '2020-04-14 11:52:31', '円');
INSERT INTO kanji (id, time_stamp, "value") VALUES (30, '2020-04-14 21:49:07', '郵');
INSERT INTO kanji (id, time_stamp, "value") VALUES (31, '2020-04-14 21:49:08', '便');
INSERT INTO kanji (id, time_stamp, "value") VALUES (32, '2020-04-14 21:49:08', '局');
INSERT INTO kanji (id, time_stamp, "value") VALUES (35, '2020-04-14 23:42:29', '京');
INSERT INTO kanji (id, time_stamp, "value") VALUES (37, '2020-04-14 23:43:41', '冒');
INSERT INTO kanji (id, time_stamp, "value") VALUES (38, '2020-04-14 23:43:41', '険');
INSERT INTO kanji (id, time_stamp, "value") VALUES (40, '2020-04-15 00:10:47', '天');
INSERT INTO kanji (id, time_stamp, "value") VALUES (41, '2020-04-15 00:10:47', '然');
INSERT INTO kanji (id, time_stamp, "value") VALUES (45, '2020-04-15 11:02:48', '大');
INSERT INTO kanji (id, time_stamp, "value") VALUES (46, '2020-04-15 11:02:48', '阪');
INSERT INTO kanji (id, time_stamp, "value") VALUES (48, '2020-04-15 11:04:52', '早');
INSERT INTO kanji (id, time_stamp, "value") VALUES (49, '2020-04-15 11:04:52', '速');
INSERT INTO kanji (id, time_stamp, "value") VALUES (51, '2020-04-15 11:22:19', '中');
INSERT INTO kanji (id, time_stamp, "value") VALUES (52, '2020-04-15 11:22:19', '途');
INSERT INTO kanji (id, time_stamp, "value") VALUES (53, '2020-04-15 11:22:19', '半');
INSERT INTO kanji (id, time_stamp, "value") VALUES (54, '2020-04-15 11:22:19', '端');
INSERT INTO kanji (id, time_stamp, "value") VALUES (56, '2020-04-15 14:21:22', '世');
INSERT INTO kanji (id, time_stamp, "value") VALUES (57, '2020-04-15 14:21:22', '界');
INSERT INTO kanji (id, time_stamp, "value") VALUES (59, '2020-04-15 14:31:20', '笑');
INSERT INTO kanji (id, time_stamp, "value") VALUES (60, '2020-04-15 14:31:20', '顔');
INSERT INTO kanji (id, time_stamp, "value") VALUES (62, '2020-04-15 14:34:37', '星');
INSERT INTO kanji (id, time_stamp, "value") VALUES (63, '2020-04-15 14:34:37', '空');
INSERT INTO kanji (id, time_stamp, "value") VALUES (65, '2020-04-15 15:44:53', '既');
INSERT INTO kanji (id, time_stamp, "value") VALUES (67, '2020-04-15 20:38:50', '状');
INSERT INTO kanji (id, time_stamp, "value") VALUES (68, '2020-04-15 20:38:50', '況');
INSERT INTO kanji (id, time_stamp, "value") VALUES (70, '2020-04-15 22:25:38', '一');
INSERT INTO kanji (id, time_stamp, "value") VALUES (71, '2020-04-15 22:25:38', '切');
INSERT INTO kanji (id, time_stamp, "value") VALUES (72, '2020-04-15 22:25:38', '合');
INSERT INTO kanji (id, time_stamp, "value") VALUES (73, '2020-04-15 22:25:38', '切');
INSERT INTO kanji (id, time_stamp, "value") VALUES (75, '2020-04-15 22:29:12', '情');
INSERT INTO kanji (id, time_stamp, "value") VALUES (76, '2020-04-15 22:29:12', '報');
INSERT INTO kanji (id, time_stamp, "value") VALUES (78, '2020-04-15 22:30:00', '伝');
INSERT INTO kanji (id, time_stamp, "value") VALUES (79, '2020-04-15 22:30:00', '達');
INSERT INTO kanji (id, time_stamp, "value") VALUES (81, '2020-04-15 22:44:40', '名');
INSERT INTO kanji (id, time_stamp, "value") VALUES (82, '2020-04-15 22:44:41', '前');
INSERT INTO kanji (id, time_stamp, "value") VALUES (84, '2020-04-15 22:45:59', '学');
INSERT INTO kanji (id, time_stamp, "value") VALUES (86, '2020-04-16 00:38:36', '吾');
INSERT INTO kanji (id, time_stamp, "value") VALUES (87, '2020-04-16 00:38:36', '輩');
INSERT INTO kanji (id, time_stamp, "value") VALUES (89, '2020-04-16 00:46:23', '太');
INSERT INTO kanji (id, time_stamp, "value") VALUES (90, '2020-04-16 00:46:23', '陽');
INSERT INTO kanji (id, time_stamp, "value") VALUES (92, '2020-04-17 23:23:26', '取');
INSERT INTO kanji (id, time_stamp, "value") VALUES (93, '2020-04-17 23:23:26', '込');
INSERT INTO kanji (id, time_stamp, "value") VALUES (95, '2020-04-17 23:24:18', '衣');
INSERT INTO kanji (id, time_stamp, "value") VALUES (96, '2020-04-17 23:24:18', '装');
INSERT INTO kanji (id, time_stamp, "value") VALUES (98, '2020-04-17 23:56:52', '強');
INSERT INTO kanji (id, time_stamp, "value") VALUES (99, '2020-04-17 23:56:52', '奪');
INSERT INTO kanji (id, time_stamp, "value") VALUES (101, '2020-04-18 00:00:30', '暗');
INSERT INTO kanji (id, time_stamp, "value") VALUES (102, '2020-04-18 00:00:30', '礁');
INSERT INTO kanji (id, time_stamp, "value") VALUES (104, '2020-04-18 00:03:49', '発');
INSERT INTO kanji (id, time_stamp, "value") VALUES (105, '2020-04-18 00:03:49', '案');
INSERT INTO kanji (id, time_stamp, "value") VALUES (107, '2020-04-18 00:05:13', '明');
INSERT INTO kanji (id, time_stamp, "value") VALUES (109, '2020-04-18 00:08:12', '予');
INSERT INTO kanji (id, time_stamp, "value") VALUES (111, '2020-04-18 00:11:01', '穏');
INSERT INTO kanji (id, time_stamp, "value") VALUES (113, '2020-04-18 00:20:24', '貴');
INSERT INTO kanji (id, time_stamp, "value") VALUES (114, '2020-04-18 00:20:24', '重');
INSERT INTO kanji (id, time_stamp, "value") VALUES (115, '2020-04-18 00:20:24', '品');
INSERT INTO kanji (id, time_stamp, "value") VALUES (117, '2020-04-18 00:27:39', '要');
INSERT INTO kanji (id, time_stamp, "value") VALUES (118, '2020-04-18 00:27:39', '求');
INSERT INTO kanji (id, time_stamp, "value") VALUES (120, '2020-04-18 00:30:35', '掃');
INSERT INTO kanji (id, time_stamp, "value") VALUES (121, '2020-04-18 00:30:35', '除');
INSERT INTO kanji (id, time_stamp, "value") VALUES (123, '2020-04-18 17:28:25', '温');
INSERT INTO kanji (id, time_stamp, "value") VALUES (124, '2020-04-18 17:28:25', '泉');
INSERT INTO kanji (id, time_stamp, "value") VALUES (126, '2020-04-18 22:58:45', '腑');
INSERT INTO kanji (id, time_stamp, "value") VALUES (127, '2020-04-18 22:58:45', '落');
INSERT INTO kanji (id, time_stamp, "value") VALUES (129, '2020-04-18 23:49:57', '等');
INSERT INTO kanji (id, time_stamp, "value") VALUES (130, '2020-04-18 23:49:57', '価');
INSERT INTO kanji (id, time_stamp, "value") VALUES (132, '2020-04-18 23:59:51', '替');
INSERT INTO kanji (id, time_stamp, "value") VALUES (134, '2020-04-19 00:02:58', '授');
INSERT INTO kanji (id, time_stamp, "value") VALUES (136, '2020-04-19 22:55:36', '納');
INSERT INTO kanji (id, time_stamp, "value") VALUES (137, '2020-04-19 22:55:36', '得');
INSERT INTO kanji (id, time_stamp, "value") VALUES (139, '2020-04-19 22:56:39', '共');
INSERT INTO kanji (id, time_stamp, "value") VALUES (140, '2020-04-19 22:56:39', '犯');
INSERT INTO kanji (id, time_stamp, "value") VALUES (142, '2020-04-19 23:07:13', '期');
INSERT INTO kanji (id, time_stamp, "value") VALUES (143, '2020-04-19 23:07:13', '待');
INSERT INTO kanji (id, time_stamp, "value") VALUES (145, '2020-04-19 23:10:40', '度');
INSERT INTO kanji (id, time_stamp, "value") VALUES (147, '2020-04-19 23:41:28', '掘');
INSERT INTO kanji (id, time_stamp, "value") VALUES (148, '2020-04-19 23:41:28', '起');
INSERT INTO kanji (id, time_stamp, "value") VALUES (150, '2020-04-19 23:42:44', '面');
INSERT INTO kanji (id, time_stamp, "value") VALUES (151, '2020-04-19 23:42:44', '倒');
INSERT INTO kanji (id, time_stamp, "value") VALUES (153, '2020-04-19 23:56:39', '転');
INSERT INTO kanji (id, time_stamp, "value") VALUES (156, '2020-04-21 23:57:31', '集');
INSERT INTO kanji (id, time_stamp, "value") VALUES (158, '2020-04-22 00:09:03', '翌');
INSERT INTO kanji (id, time_stamp, "value") VALUES (159, '2020-04-22 00:09:03', '日');
INSERT INTO kanji (id, time_stamp, "value") VALUES (161, '2020-04-22 00:23:02', '痕');
INSERT INTO kanji (id, time_stamp, "value") VALUES (162, '2020-04-22 00:23:02', '跡');
INSERT INTO kanji (id, time_stamp, "value") VALUES (164, '2020-04-22 00:34:14', '見');
INSERT INTO kanji (id, time_stamp, "value") VALUES (165, '2020-04-22 00:34:14', '逃');
INSERT INTO kanji (id, time_stamp, "value") VALUES (167, '2020-04-25 23:06:38', '有');
INSERT INTO kanji (id, time_stamp, "value") VALUES (168, '2020-04-25 23:06:38', '利');
INSERT INTO kanji (id, time_stamp, "value") VALUES (170, '2020-04-25 23:18:31', '首');
INSERT INTO kanji (id, time_stamp, "value") VALUES (171, '2020-04-25 23:18:31', '尾');
INSERT INTO kanji (id, time_stamp, "value") VALUES (173, '2020-04-25 23:25:18', '童');
INSERT INTO kanji (id, time_stamp, "value") VALUES (174, '2020-04-25 23:25:18', '話');
INSERT INTO kanji (id, time_stamp, "value") VALUES (176, '2020-04-26 00:04:18', '振');
INSERT INTO kanji (id, time_stamp, "value") VALUES (177, '2020-04-26 00:04:18', '動');
INSERT INTO kanji (id, time_stamp, "value") VALUES (179, '2020-04-26 00:17:14', '監');
INSERT INTO kanji (id, time_stamp, "value") VALUES (180, '2020-04-26 00:17:14', '視');
INSERT INTO kanji (id, time_stamp, "value") VALUES (181, '2020-04-26 00:17:14', '役');
INSERT INTO kanji (id, time_stamp, "value") VALUES (183, '2020-04-26 21:32:49', '胸');
INSERT INTO kanji (id, time_stamp, "value") VALUES (185, '2020-04-26 21:57:23', '定');
INSERT INTO kanji (id, time_stamp, "value") VALUES (186, '2020-04-26 21:57:23', '義');
INSERT INTO kanji (id, time_stamp, "value") VALUES (188, '2020-04-27 22:56:16', '口');
INSERT INTO kanji (id, time_stamp, "value") VALUES (189, '2020-04-27 22:56:16', '当');
INSERT INTO kanji (id, time_stamp, "value") VALUES (191, '2020-04-27 23:04:38', '濃');
INSERT INTO kanji (id, time_stamp, "value") VALUES (193, '2021-11-17 21:59:39', '業');
INSERT INTO kanji (id, time_stamp, "value") VALUES (14, '2021-12-02 13:50:57.544342', '金');


--
-- TOC entry 3335 (class 0 OID 16561)
-- Dependencies: 211
-- Data for Name: kanji_kun_yomi; Type: TABLE DATA; Schema: public; Owner: -
--

INSERT INTO kanji_kun_yomi (kanji_id, kun_yomi) VALUES (9, 'さぐ.る');
INSERT INTO kanji_kun_yomi (kanji_id, kun_yomi) VALUES (9, 'さが.す');
INSERT INTO kanji_kun_yomi (kanji_id, kun_yomi) VALUES (10, 'うま');
INSERT INTO kanji_kun_yomi (kanji_id, kun_yomi) VALUES (10, 'うま-');
INSERT INTO kanji_kun_yomi (kanji_id, kun_yomi) VALUES (10, 'ま');
INSERT INTO kanji_kun_yomi (kanji_id, kun_yomi) VALUES (12, 'あら.う');
INSERT INTO kanji_kun_yomi (kanji_id, kun_yomi) VALUES (13, 'た.める');
INSERT INTO kanji_kun_yomi (kanji_id, kun_yomi) VALUES (13, 'たくわ.える');
INSERT INTO kanji_kun_yomi (kanji_id, kun_yomi) VALUES (15, 'ことわり');
INSERT INTO kanji_kun_yomi (kanji_id, kun_yomi) VALUES (16, 'たか.い');
INSERT INTO kanji_kun_yomi (kanji_id, kun_yomi) VALUES (16, 'たか');
INSERT INTO kanji_kun_yomi (kanji_id, kun_yomi) VALUES (16, '-だか');
INSERT INTO kanji_kun_yomi (kanji_id, kun_yomi) VALUES (16, 'たか.まる');
INSERT INTO kanji_kun_yomi (kanji_id, kun_yomi) VALUES (16, 'たか.める');
INSERT INTO kanji_kun_yomi (kanji_id, kun_yomi) VALUES (17, 'うてな');
INSERT INTO kanji_kun_yomi (kanji_id, kun_yomi) VALUES (17, 'われ');
INSERT INTO kanji_kun_yomi (kanji_id, kun_yomi) VALUES (17, 'つかさ');
INSERT INTO kanji_kun_yomi (kanji_id, kun_yomi) VALUES (18, 'きみ');
INSERT INTO kanji_kun_yomi (kanji_id, kun_yomi) VALUES (18, '-ぎみ');
INSERT INTO kanji_kun_yomi (kanji_id, kun_yomi) VALUES (19, 'あさ');
INSERT INTO kanji_kun_yomi (kanji_id, kun_yomi) VALUES (20, 'ひとみ');
INSERT INTO kanji_kun_yomi (kanji_id, kun_yomi) VALUES (21, 'ひがし');
INSERT INTO kanji_kun_yomi (kanji_id, kun_yomi) VALUES (22, 'にし');
INSERT INTO kanji_kun_yomi (kanji_id, kun_yomi) VALUES (23, 'よ');
INSERT INTO kanji_kun_yomi (kanji_id, kun_yomi) VALUES (23, 'よる');
INSERT INTO kanji_kun_yomi (kanji_id, kun_yomi) VALUES (24, 'いえ');
INSERT INTO kanji_kun_yomi (kanji_id, kun_yomi) VALUES (24, 'や');
INSERT INTO kanji_kun_yomi (kanji_id, kun_yomi) VALUES (24, 'うち');
INSERT INTO kanji_kun_yomi (kanji_id, kun_yomi) VALUES (26, 'く（う）');
INSERT INTO kanji_kun_yomi (kanji_id, kun_yomi) VALUES (26, 'た（べる）');
INSERT INTO kanji_kun_yomi (kanji_id, kun_yomi) VALUES (27, 'まる.い');
INSERT INTO kanji_kun_yomi (kanji_id, kun_yomi) VALUES (27, 'まる');
INSERT INTO kanji_kun_yomi (kanji_id, kun_yomi) VALUES (27, 'まど');
INSERT INTO kanji_kun_yomi (kanji_id, kun_yomi) VALUES (27, 'まど.か');
INSERT INTO kanji_kun_yomi (kanji_id, kun_yomi) VALUES (27, 'まろ.やか');
INSERT INTO kanji_kun_yomi (kanji_id, kun_yomi) VALUES (31, 'たよ.り');
INSERT INTO kanji_kun_yomi (kanji_id, kun_yomi) VALUES (32, 'つぼね');
INSERT INTO kanji_kun_yomi (kanji_id, kun_yomi) VALUES (35, 'みやこ');
INSERT INTO kanji_kun_yomi (kanji_id, kun_yomi) VALUES (37, 'おか.す');
INSERT INTO kanji_kun_yomi (kanji_id, kun_yomi) VALUES (38, 'けわ.しい');
INSERT INTO kanji_kun_yomi (kanji_id, kun_yomi) VALUES (40, 'あまつ');
INSERT INTO kanji_kun_yomi (kanji_id, kun_yomi) VALUES (40, 'あめ');
INSERT INTO kanji_kun_yomi (kanji_id, kun_yomi) VALUES (40, 'あま-');
INSERT INTO kanji_kun_yomi (kanji_id, kun_yomi) VALUES (41, 'しか');
INSERT INTO kanji_kun_yomi (kanji_id, kun_yomi) VALUES (41, 'しか.り');
INSERT INTO kanji_kun_yomi (kanji_id, kun_yomi) VALUES (41, 'しか.し');
INSERT INTO kanji_kun_yomi (kanji_id, kun_yomi) VALUES (41, 'さ');
INSERT INTO kanji_kun_yomi (kanji_id, kun_yomi) VALUES (45, 'おお-');
INSERT INTO kanji_kun_yomi (kanji_id, kun_yomi) VALUES (45, 'おお.きい');
INSERT INTO kanji_kun_yomi (kanji_id, kun_yomi) VALUES (45, '-おお.いに');
INSERT INTO kanji_kun_yomi (kanji_id, kun_yomi) VALUES (46, 'さか');
INSERT INTO kanji_kun_yomi (kanji_id, kun_yomi) VALUES (48, 'はや.い');
INSERT INTO kanji_kun_yomi (kanji_id, kun_yomi) VALUES (48, 'はや');
INSERT INTO kanji_kun_yomi (kanji_id, kun_yomi) VALUES (48, 'はや-');
INSERT INTO kanji_kun_yomi (kanji_id, kun_yomi) VALUES (48, 'はや.まる');
INSERT INTO kanji_kun_yomi (kanji_id, kun_yomi) VALUES (48, 'はや.める');
INSERT INTO kanji_kun_yomi (kanji_id, kun_yomi) VALUES (48, 'さ-');
INSERT INTO kanji_kun_yomi (kanji_id, kun_yomi) VALUES (49, 'はや.い');
INSERT INTO kanji_kun_yomi (kanji_id, kun_yomi) VALUES (49, 'はや-');
INSERT INTO kanji_kun_yomi (kanji_id, kun_yomi) VALUES (49, 'はや.める');
INSERT INTO kanji_kun_yomi (kanji_id, kun_yomi) VALUES (49, 'すみ.やか');
INSERT INTO kanji_kun_yomi (kanji_id, kun_yomi) VALUES (51, 'なか');
INSERT INTO kanji_kun_yomi (kanji_id, kun_yomi) VALUES (51, 'うち');
INSERT INTO kanji_kun_yomi (kanji_id, kun_yomi) VALUES (51, 'あた.る');
INSERT INTO kanji_kun_yomi (kanji_id, kun_yomi) VALUES (52, 'みち');
INSERT INTO kanji_kun_yomi (kanji_id, kun_yomi) VALUES (53, 'なか.ば');
INSERT INTO kanji_kun_yomi (kanji_id, kun_yomi) VALUES (54, 'はし');
INSERT INTO kanji_kun_yomi (kanji_id, kun_yomi) VALUES (54, 'は');
INSERT INTO kanji_kun_yomi (kanji_id, kun_yomi) VALUES (54, 'はた');
INSERT INTO kanji_kun_yomi (kanji_id, kun_yomi) VALUES (54, '-ばた');
INSERT INTO kanji_kun_yomi (kanji_id, kun_yomi) VALUES (54, 'はな');
INSERT INTO kanji_kun_yomi (kanji_id, kun_yomi) VALUES (56, 'よ');
INSERT INTO kanji_kun_yomi (kanji_id, kun_yomi) VALUES (59, 'わら.う');
INSERT INTO kanji_kun_yomi (kanji_id, kun_yomi) VALUES (59, 'え.む');
INSERT INTO kanji_kun_yomi (kanji_id, kun_yomi) VALUES (60, 'かお');
INSERT INTO kanji_kun_yomi (kanji_id, kun_yomi) VALUES (62, 'ほし');
INSERT INTO kanji_kun_yomi (kanji_id, kun_yomi) VALUES (62, '-ぼし');
INSERT INTO kanji_kun_yomi (kanji_id, kun_yomi) VALUES (63, 'そら');
INSERT INTO kanji_kun_yomi (kanji_id, kun_yomi) VALUES (63, 'あ.く');
INSERT INTO kanji_kun_yomi (kanji_id, kun_yomi) VALUES (63, 'あ.き');
INSERT INTO kanji_kun_yomi (kanji_id, kun_yomi) VALUES (63, 'あ.ける');
INSERT INTO kanji_kun_yomi (kanji_id, kun_yomi) VALUES (63, 'から');
INSERT INTO kanji_kun_yomi (kanji_id, kun_yomi) VALUES (63, 'す.く');
INSERT INTO kanji_kun_yomi (kanji_id, kun_yomi) VALUES (63, 'す.かす');
INSERT INTO kanji_kun_yomi (kanji_id, kun_yomi) VALUES (63, 'むな.しい');
INSERT INTO kanji_kun_yomi (kanji_id, kun_yomi) VALUES (65, 'すで.に');
INSERT INTO kanji_kun_yomi (kanji_id, kun_yomi) VALUES (68, 'まし.て');
INSERT INTO kanji_kun_yomi (kanji_id, kun_yomi) VALUES (68, 'いわ.んや');
INSERT INTO kanji_kun_yomi (kanji_id, kun_yomi) VALUES (68, 'おもむき');
INSERT INTO kanji_kun_yomi (kanji_id, kun_yomi) VALUES (70, 'ひと-');
INSERT INTO kanji_kun_yomi (kanji_id, kun_yomi) VALUES (70, 'ひと.つ');
INSERT INTO kanji_kun_yomi (kanji_id, kun_yomi) VALUES (71, 'き.る');
INSERT INTO kanji_kun_yomi (kanji_id, kun_yomi) VALUES (71, '-き.る');
INSERT INTO kanji_kun_yomi (kanji_id, kun_yomi) VALUES (71, 'き.り');
INSERT INTO kanji_kun_yomi (kanji_id, kun_yomi) VALUES (71, '-き.り');
INSERT INTO kanji_kun_yomi (kanji_id, kun_yomi) VALUES (71, '-ぎ.り');
INSERT INTO kanji_kun_yomi (kanji_id, kun_yomi) VALUES (71, 'き.れる');
INSERT INTO kanji_kun_yomi (kanji_id, kun_yomi) VALUES (71, '-き.れる');
INSERT INTO kanji_kun_yomi (kanji_id, kun_yomi) VALUES (71, 'き.れ');
INSERT INTO kanji_kun_yomi (kanji_id, kun_yomi) VALUES (71, '-き.れ');
INSERT INTO kanji_kun_yomi (kanji_id, kun_yomi) VALUES (71, '-ぎ.れ');
INSERT INTO kanji_kun_yomi (kanji_id, kun_yomi) VALUES (72, 'あ.う');
INSERT INTO kanji_kun_yomi (kanji_id, kun_yomi) VALUES (72, '-あ.う');
INSERT INTO kanji_kun_yomi (kanji_id, kun_yomi) VALUES (72, 'あ.い');
INSERT INTO kanji_kun_yomi (kanji_id, kun_yomi) VALUES (72, 'あい-');
INSERT INTO kanji_kun_yomi (kanji_id, kun_yomi) VALUES (72, '-あ.い');
INSERT INTO kanji_kun_yomi (kanji_id, kun_yomi) VALUES (72, '-あい');
INSERT INTO kanji_kun_yomi (kanji_id, kun_yomi) VALUES (72, 'あ.わす');
INSERT INTO kanji_kun_yomi (kanji_id, kun_yomi) VALUES (72, 'あ.わせる');
INSERT INTO kanji_kun_yomi (kanji_id, kun_yomi) VALUES (72, '-あ.わせる');
INSERT INTO kanji_kun_yomi (kanji_id, kun_yomi) VALUES (73, 'き.る');
INSERT INTO kanji_kun_yomi (kanji_id, kun_yomi) VALUES (73, '-き.る');
INSERT INTO kanji_kun_yomi (kanji_id, kun_yomi) VALUES (73, 'き.り');
INSERT INTO kanji_kun_yomi (kanji_id, kun_yomi) VALUES (73, '-き.り');
INSERT INTO kanji_kun_yomi (kanji_id, kun_yomi) VALUES (73, '-ぎ.り');
INSERT INTO kanji_kun_yomi (kanji_id, kun_yomi) VALUES (73, 'き.れる');
INSERT INTO kanji_kun_yomi (kanji_id, kun_yomi) VALUES (73, '-き.れる');
INSERT INTO kanji_kun_yomi (kanji_id, kun_yomi) VALUES (73, 'き.れ');
INSERT INTO kanji_kun_yomi (kanji_id, kun_yomi) VALUES (73, '-き.れ');
INSERT INTO kanji_kun_yomi (kanji_id, kun_yomi) VALUES (73, '-ぎ.れ');
INSERT INTO kanji_kun_yomi (kanji_id, kun_yomi) VALUES (75, 'なさ.け');
INSERT INTO kanji_kun_yomi (kanji_id, kun_yomi) VALUES (76, 'むく.いる');
INSERT INTO kanji_kun_yomi (kanji_id, kun_yomi) VALUES (78, 'つた.わる');
INSERT INTO kanji_kun_yomi (kanji_id, kun_yomi) VALUES (78, 'つた.える');
INSERT INTO kanji_kun_yomi (kanji_id, kun_yomi) VALUES (78, 'つた.う');
INSERT INTO kanji_kun_yomi (kanji_id, kun_yomi) VALUES (78, 'つだ.う');
INSERT INTO kanji_kun_yomi (kanji_id, kun_yomi) VALUES (78, '-づた.い');
INSERT INTO kanji_kun_yomi (kanji_id, kun_yomi) VALUES (78, 'つて');
INSERT INTO kanji_kun_yomi (kanji_id, kun_yomi) VALUES (79, '-たち');
INSERT INTO kanji_kun_yomi (kanji_id, kun_yomi) VALUES (81, 'な');
INSERT INTO kanji_kun_yomi (kanji_id, kun_yomi) VALUES (81, '-な');
INSERT INTO kanji_kun_yomi (kanji_id, kun_yomi) VALUES (82, 'まえ');
INSERT INTO kanji_kun_yomi (kanji_id, kun_yomi) VALUES (82, '-まえ');
INSERT INTO kanji_kun_yomi (kanji_id, kun_yomi) VALUES (84, 'まな.ぶ');
INSERT INTO kanji_kun_yomi (kanji_id, kun_yomi) VALUES (86, 'われ');
INSERT INTO kanji_kun_yomi (kanji_id, kun_yomi) VALUES (86, 'わが-');
INSERT INTO kanji_kun_yomi (kanji_id, kun_yomi) VALUES (86, 'あ-');
INSERT INTO kanji_kun_yomi (kanji_id, kun_yomi) VALUES (87, '-ばら');
INSERT INTO kanji_kun_yomi (kanji_id, kun_yomi) VALUES (87, 'やから');
INSERT INTO kanji_kun_yomi (kanji_id, kun_yomi) VALUES (87, 'やかい');
INSERT INTO kanji_kun_yomi (kanji_id, kun_yomi) VALUES (87, 'ともがら');
INSERT INTO kanji_kun_yomi (kanji_id, kun_yomi) VALUES (89, 'ふと.い');
INSERT INTO kanji_kun_yomi (kanji_id, kun_yomi) VALUES (89, 'ふと.る');
INSERT INTO kanji_kun_yomi (kanji_id, kun_yomi) VALUES (90, 'ひ');
INSERT INTO kanji_kun_yomi (kanji_id, kun_yomi) VALUES (92, 'と.る');
INSERT INTO kanji_kun_yomi (kanji_id, kun_yomi) VALUES (92, 'と.り');
INSERT INTO kanji_kun_yomi (kanji_id, kun_yomi) VALUES (92, 'と.り-');
INSERT INTO kanji_kun_yomi (kanji_id, kun_yomi) VALUES (92, 'とり');
INSERT INTO kanji_kun_yomi (kanji_id, kun_yomi) VALUES (92, '-ど.り');
INSERT INTO kanji_kun_yomi (kanji_id, kun_yomi) VALUES (93, '-こ.む');
INSERT INTO kanji_kun_yomi (kanji_id, kun_yomi) VALUES (93, 'こ.む');
INSERT INTO kanji_kun_yomi (kanji_id, kun_yomi) VALUES (93, 'こ.み');
INSERT INTO kanji_kun_yomi (kanji_id, kun_yomi) VALUES (93, '-こ.み');
INSERT INTO kanji_kun_yomi (kanji_id, kun_yomi) VALUES (93, 'こ.める');
INSERT INTO kanji_kun_yomi (kanji_id, kun_yomi) VALUES (95, 'ころも');
INSERT INTO kanji_kun_yomi (kanji_id, kun_yomi) VALUES (95, 'きぬ');
INSERT INTO kanji_kun_yomi (kanji_id, kun_yomi) VALUES (95, '-ぎ');
INSERT INTO kanji_kun_yomi (kanji_id, kun_yomi) VALUES (96, 'よそお.う');
INSERT INTO kanji_kun_yomi (kanji_id, kun_yomi) VALUES (96, 'よそお.い');
INSERT INTO kanji_kun_yomi (kanji_id, kun_yomi) VALUES (98, 'つよ.い');
INSERT INTO kanji_kun_yomi (kanji_id, kun_yomi) VALUES (98, 'つよ.まる');
INSERT INTO kanji_kun_yomi (kanji_id, kun_yomi) VALUES (98, 'つよ.める');
INSERT INTO kanji_kun_yomi (kanji_id, kun_yomi) VALUES (98, 'し.いる');
INSERT INTO kanji_kun_yomi (kanji_id, kun_yomi) VALUES (98, 'こわ.い');
INSERT INTO kanji_kun_yomi (kanji_id, kun_yomi) VALUES (99, 'うば.う');
INSERT INTO kanji_kun_yomi (kanji_id, kun_yomi) VALUES (101, 'くら.い');
INSERT INTO kanji_kun_yomi (kanji_id, kun_yomi) VALUES (101, 'くら.む');
INSERT INTO kanji_kun_yomi (kanji_id, kun_yomi) VALUES (101, 'くれ.る');
INSERT INTO kanji_kun_yomi (kanji_id, kun_yomi) VALUES (104, 'た.つ');
INSERT INTO kanji_kun_yomi (kanji_id, kun_yomi) VALUES (104, 'あば.く');
INSERT INTO kanji_kun_yomi (kanji_id, kun_yomi) VALUES (104, 'おこ.る');
INSERT INTO kanji_kun_yomi (kanji_id, kun_yomi) VALUES (104, 'つか.わす');
INSERT INTO kanji_kun_yomi (kanji_id, kun_yomi) VALUES (104, 'はな.つ');
INSERT INTO kanji_kun_yomi (kanji_id, kun_yomi) VALUES (105, 'つくえ');
INSERT INTO kanji_kun_yomi (kanji_id, kun_yomi) VALUES (107, 'あ.かり');
INSERT INTO kanji_kun_yomi (kanji_id, kun_yomi) VALUES (107, 'あか.るい');
INSERT INTO kanji_kun_yomi (kanji_id, kun_yomi) VALUES (107, 'あか.るむ');
INSERT INTO kanji_kun_yomi (kanji_id, kun_yomi) VALUES (107, 'あか.らむ');
INSERT INTO kanji_kun_yomi (kanji_id, kun_yomi) VALUES (107, 'あき.らか');
INSERT INTO kanji_kun_yomi (kanji_id, kun_yomi) VALUES (107, 'あ.ける');
INSERT INTO kanji_kun_yomi (kanji_id, kun_yomi) VALUES (107, '-あ.け');
INSERT INTO kanji_kun_yomi (kanji_id, kun_yomi) VALUES (107, 'あ.く');
INSERT INTO kanji_kun_yomi (kanji_id, kun_yomi) VALUES (107, 'あ.くる');
INSERT INTO kanji_kun_yomi (kanji_id, kun_yomi) VALUES (107, 'あ.かす');
INSERT INTO kanji_kun_yomi (kanji_id, kun_yomi) VALUES (109, 'あらかじ.め');
INSERT INTO kanji_kun_yomi (kanji_id, kun_yomi) VALUES (111, 'おだ.やか');
INSERT INTO kanji_kun_yomi (kanji_id, kun_yomi) VALUES (113, 'たっと.い');
INSERT INTO kanji_kun_yomi (kanji_id, kun_yomi) VALUES (113, 'とうと.い');
INSERT INTO kanji_kun_yomi (kanji_id, kun_yomi) VALUES (113, 'たっと.ぶ');
INSERT INTO kanji_kun_yomi (kanji_id, kun_yomi) VALUES (113, 'とうと.ぶ');
INSERT INTO kanji_kun_yomi (kanji_id, kun_yomi) VALUES (114, 'え');
INSERT INTO kanji_kun_yomi (kanji_id, kun_yomi) VALUES (114, 'おも.い');
INSERT INTO kanji_kun_yomi (kanji_id, kun_yomi) VALUES (114, 'おも.り');
INSERT INTO kanji_kun_yomi (kanji_id, kun_yomi) VALUES (114, 'おも.なう');
INSERT INTO kanji_kun_yomi (kanji_id, kun_yomi) VALUES (114, 'かさ.ねる');
INSERT INTO kanji_kun_yomi (kanji_id, kun_yomi) VALUES (114, 'かさ.なる');
INSERT INTO kanji_kun_yomi (kanji_id, kun_yomi) VALUES (114, 'おも');
INSERT INTO kanji_kun_yomi (kanji_id, kun_yomi) VALUES (115, 'しな');
INSERT INTO kanji_kun_yomi (kanji_id, kun_yomi) VALUES (117, 'い.る');
INSERT INTO kanji_kun_yomi (kanji_id, kun_yomi) VALUES (117, 'かなめ');
INSERT INTO kanji_kun_yomi (kanji_id, kun_yomi) VALUES (118, 'もと.める');
INSERT INTO kanji_kun_yomi (kanji_id, kun_yomi) VALUES (120, 'は.く');
INSERT INTO kanji_kun_yomi (kanji_id, kun_yomi) VALUES (121, 'のぞ.く');
INSERT INTO kanji_kun_yomi (kanji_id, kun_yomi) VALUES (121, '-よ.け');
INSERT INTO kanji_kun_yomi (kanji_id, kun_yomi) VALUES (123, 'あたた.か');
INSERT INTO kanji_kun_yomi (kanji_id, kun_yomi) VALUES (123, 'あたた.かい');
INSERT INTO kanji_kun_yomi (kanji_id, kun_yomi) VALUES (123, 'あたた.まる');
INSERT INTO kanji_kun_yomi (kanji_id, kun_yomi) VALUES (123, 'あたた.める');
INSERT INTO kanji_kun_yomi (kanji_id, kun_yomi) VALUES (123, 'ぬく');
INSERT INTO kanji_kun_yomi (kanji_id, kun_yomi) VALUES (124, 'いずみ');
INSERT INTO kanji_kun_yomi (kanji_id, kun_yomi) VALUES (126, 'はらわた');
INSERT INTO kanji_kun_yomi (kanji_id, kun_yomi) VALUES (127, 'お.ちる');
INSERT INTO kanji_kun_yomi (kanji_id, kun_yomi) VALUES (127, 'お.ち');
INSERT INTO kanji_kun_yomi (kanji_id, kun_yomi) VALUES (127, 'お.とす');
INSERT INTO kanji_kun_yomi (kanji_id, kun_yomi) VALUES (129, 'ひと.しい');
INSERT INTO kanji_kun_yomi (kanji_id, kun_yomi) VALUES (129, 'など');
INSERT INTO kanji_kun_yomi (kanji_id, kun_yomi) VALUES (129, '-ら');
INSERT INTO kanji_kun_yomi (kanji_id, kun_yomi) VALUES (130, 'あたい');
INSERT INTO kanji_kun_yomi (kanji_id, kun_yomi) VALUES (132, 'か.える');
INSERT INTO kanji_kun_yomi (kanji_id, kun_yomi) VALUES (132, 'か.え-');
INSERT INTO kanji_kun_yomi (kanji_id, kun_yomi) VALUES (132, 'か.わる');
INSERT INTO kanji_kun_yomi (kanji_id, kun_yomi) VALUES (134, 'さず.ける');
INSERT INTO kanji_kun_yomi (kanji_id, kun_yomi) VALUES (134, 'さず.かる');
INSERT INTO kanji_kun_yomi (kanji_id, kun_yomi) VALUES (136, 'おさ.める');
INSERT INTO kanji_kun_yomi (kanji_id, kun_yomi) VALUES (136, '-おさ.める');
INSERT INTO kanji_kun_yomi (kanji_id, kun_yomi) VALUES (136, 'おさ.まる');
INSERT INTO kanji_kun_yomi (kanji_id, kun_yomi) VALUES (137, 'え.る');
INSERT INTO kanji_kun_yomi (kanji_id, kun_yomi) VALUES (137, 'う.る');
INSERT INTO kanji_kun_yomi (kanji_id, kun_yomi) VALUES (139, 'とも');
INSERT INTO kanji_kun_yomi (kanji_id, kun_yomi) VALUES (139, 'とも.に');
INSERT INTO kanji_kun_yomi (kanji_id, kun_yomi) VALUES (139, '-ども');
INSERT INTO kanji_kun_yomi (kanji_id, kun_yomi) VALUES (140, 'おか.す');
INSERT INTO kanji_kun_yomi (kanji_id, kun_yomi) VALUES (143, 'ま.つ');
INSERT INTO kanji_kun_yomi (kanji_id, kun_yomi) VALUES (143, '-ま.ち');
INSERT INTO kanji_kun_yomi (kanji_id, kun_yomi) VALUES (145, 'たび');
INSERT INTO kanji_kun_yomi (kanji_id, kun_yomi) VALUES (145, '-た.い');
INSERT INTO kanji_kun_yomi (kanji_id, kun_yomi) VALUES (147, 'ほ.る');
INSERT INTO kanji_kun_yomi (kanji_id, kun_yomi) VALUES (148, 'お.きる');
INSERT INTO kanji_kun_yomi (kanji_id, kun_yomi) VALUES (148, 'お.こる');
INSERT INTO kanji_kun_yomi (kanji_id, kun_yomi) VALUES (148, 'お.こす');
INSERT INTO kanji_kun_yomi (kanji_id, kun_yomi) VALUES (148, 'おこ.す');
INSERT INTO kanji_kun_yomi (kanji_id, kun_yomi) VALUES (148, 'た.つ');
INSERT INTO kanji_kun_yomi (kanji_id, kun_yomi) VALUES (150, 'おも');
INSERT INTO kanji_kun_yomi (kanji_id, kun_yomi) VALUES (150, 'おもて');
INSERT INTO kanji_kun_yomi (kanji_id, kun_yomi) VALUES (150, 'つら');
INSERT INTO kanji_kun_yomi (kanji_id, kun_yomi) VALUES (151, 'たお.れる');
INSERT INTO kanji_kun_yomi (kanji_id, kun_yomi) VALUES (151, '-だお.れ');
INSERT INTO kanji_kun_yomi (kanji_id, kun_yomi) VALUES (151, 'たお.す');
INSERT INTO kanji_kun_yomi (kanji_id, kun_yomi) VALUES (151, 'さかさま');
INSERT INTO kanji_kun_yomi (kanji_id, kun_yomi) VALUES (151, 'さかさ');
INSERT INTO kanji_kun_yomi (kanji_id, kun_yomi) VALUES (151, 'さかしま');
INSERT INTO kanji_kun_yomi (kanji_id, kun_yomi) VALUES (153, 'ころ.がる');
INSERT INTO kanji_kun_yomi (kanji_id, kun_yomi) VALUES (153, 'ころ.げる');
INSERT INTO kanji_kun_yomi (kanji_id, kun_yomi) VALUES (153, 'ころ.がす');
INSERT INTO kanji_kun_yomi (kanji_id, kun_yomi) VALUES (153, 'ころ.ぶ');
INSERT INTO kanji_kun_yomi (kanji_id, kun_yomi) VALUES (153, 'まろ.ぶ');
INSERT INTO kanji_kun_yomi (kanji_id, kun_yomi) VALUES (153, 'うたた');
INSERT INTO kanji_kun_yomi (kanji_id, kun_yomi) VALUES (153, 'うつ.る');
INSERT INTO kanji_kun_yomi (kanji_id, kun_yomi) VALUES (153, 'くる.めく');
INSERT INTO kanji_kun_yomi (kanji_id, kun_yomi) VALUES (156, 'あつ.まる');
INSERT INTO kanji_kun_yomi (kanji_id, kun_yomi) VALUES (156, 'あつ.める');
INSERT INTO kanji_kun_yomi (kanji_id, kun_yomi) VALUES (156, 'つど.う');
INSERT INTO kanji_kun_yomi (kanji_id, kun_yomi) VALUES (159, 'ひ');
INSERT INTO kanji_kun_yomi (kanji_id, kun_yomi) VALUES (159, '-び');
INSERT INTO kanji_kun_yomi (kanji_id, kun_yomi) VALUES (159, '-か');
INSERT INTO kanji_kun_yomi (kanji_id, kun_yomi) VALUES (161, 'あと');
INSERT INTO kanji_kun_yomi (kanji_id, kun_yomi) VALUES (162, 'あと');
INSERT INTO kanji_kun_yomi (kanji_id, kun_yomi) VALUES (164, 'み.る');
INSERT INTO kanji_kun_yomi (kanji_id, kun_yomi) VALUES (164, 'み.える');
INSERT INTO kanji_kun_yomi (kanji_id, kun_yomi) VALUES (164, 'み.せる');
INSERT INTO kanji_kun_yomi (kanji_id, kun_yomi) VALUES (165, 'に.げる');
INSERT INTO kanji_kun_yomi (kanji_id, kun_yomi) VALUES (165, 'に.がす');
INSERT INTO kanji_kun_yomi (kanji_id, kun_yomi) VALUES (165, 'のが.す');
INSERT INTO kanji_kun_yomi (kanji_id, kun_yomi) VALUES (165, 'のが.れる');
INSERT INTO kanji_kun_yomi (kanji_id, kun_yomi) VALUES (167, 'あ.る');
INSERT INTO kanji_kun_yomi (kanji_id, kun_yomi) VALUES (168, 'き.く');
INSERT INTO kanji_kun_yomi (kanji_id, kun_yomi) VALUES (170, 'くび');
INSERT INTO kanji_kun_yomi (kanji_id, kun_yomi) VALUES (171, 'お');
INSERT INTO kanji_kun_yomi (kanji_id, kun_yomi) VALUES (173, 'わらべ');
INSERT INTO kanji_kun_yomi (kanji_id, kun_yomi) VALUES (174, 'はな.す');
INSERT INTO kanji_kun_yomi (kanji_id, kun_yomi) VALUES (174, 'はなし');
INSERT INTO kanji_kun_yomi (kanji_id, kun_yomi) VALUES (176, 'ふ.る');
INSERT INTO kanji_kun_yomi (kanji_id, kun_yomi) VALUES (176, 'ぶ.る');
INSERT INTO kanji_kun_yomi (kanji_id, kun_yomi) VALUES (176, 'ふ.り');
INSERT INTO kanji_kun_yomi (kanji_id, kun_yomi) VALUES (176, '-ぶ.り');
INSERT INTO kanji_kun_yomi (kanji_id, kun_yomi) VALUES (176, 'ふ.るう');
INSERT INTO kanji_kun_yomi (kanji_id, kun_yomi) VALUES (177, 'うご.く');
INSERT INTO kanji_kun_yomi (kanji_id, kun_yomi) VALUES (177, 'うご.かす');
INSERT INTO kanji_kun_yomi (kanji_id, kun_yomi) VALUES (180, 'み.る');
INSERT INTO kanji_kun_yomi (kanji_id, kun_yomi) VALUES (183, 'むね');
INSERT INTO kanji_kun_yomi (kanji_id, kun_yomi) VALUES (183, 'むな-');
INSERT INTO kanji_kun_yomi (kanji_id, kun_yomi) VALUES (185, 'さだ.める');
INSERT INTO kanji_kun_yomi (kanji_id, kun_yomi) VALUES (185, 'さだ.まる');
INSERT INTO kanji_kun_yomi (kanji_id, kun_yomi) VALUES (185, 'さだ.か');
INSERT INTO kanji_kun_yomi (kanji_id, kun_yomi) VALUES (188, 'くち');
INSERT INTO kanji_kun_yomi (kanji_id, kun_yomi) VALUES (189, 'あ.たる');
INSERT INTO kanji_kun_yomi (kanji_id, kun_yomi) VALUES (189, 'あ.たり');
INSERT INTO kanji_kun_yomi (kanji_id, kun_yomi) VALUES (189, 'あ.てる');
INSERT INTO kanji_kun_yomi (kanji_id, kun_yomi) VALUES (189, 'あ.て');
INSERT INTO kanji_kun_yomi (kanji_id, kun_yomi) VALUES (189, 'まさ.に');
INSERT INTO kanji_kun_yomi (kanji_id, kun_yomi) VALUES (189, 'まさ.にべし');
INSERT INTO kanji_kun_yomi (kanji_id, kun_yomi) VALUES (191, 'こ.い');
INSERT INTO kanji_kun_yomi (kanji_id, kun_yomi) VALUES (193, 'わざ');
INSERT INTO kanji_kun_yomi (kanji_id, kun_yomi) VALUES (14, 'かね');
INSERT INTO kanji_kun_yomi (kanji_id, kun_yomi) VALUES (14, 'かな-');
INSERT INTO kanji_kun_yomi (kanji_id, kun_yomi) VALUES (14, '-がね');


--
-- TOC entry 3336 (class 0 OID 16569)
-- Dependencies: 212
-- Data for Name: kanji_on_yomi; Type: TABLE DATA; Schema: public; Owner: -
--

INSERT INTO kanji_on_yomi (kanji_id, on_yomi) VALUES (9, 'タン');
INSERT INTO kanji_on_yomi (kanji_id, on_yomi) VALUES (10, 'バ');
INSERT INTO kanji_on_yomi (kanji_id, on_yomi) VALUES (11, 'カン');
INSERT INTO kanji_on_yomi (kanji_id, on_yomi) VALUES (12, 'セン');
INSERT INTO kanji_on_yomi (kanji_id, on_yomi) VALUES (13, 'チョ');
INSERT INTO kanji_on_yomi (kanji_id, on_yomi) VALUES (15, 'リ');
INSERT INTO kanji_on_yomi (kanji_id, on_yomi) VALUES (16, 'コウ');
INSERT INTO kanji_on_yomi (kanji_id, on_yomi) VALUES (17, 'ダイ');
INSERT INTO kanji_on_yomi (kanji_id, on_yomi) VALUES (17, 'タイ');
INSERT INTO kanji_on_yomi (kanji_id, on_yomi) VALUES (18, 'クン');
INSERT INTO kanji_on_yomi (kanji_id, on_yomi) VALUES (19, 'チョウ');
INSERT INTO kanji_on_yomi (kanji_id, on_yomi) VALUES (20, 'ドウ');
INSERT INTO kanji_on_yomi (kanji_id, on_yomi) VALUES (20, 'トウ');
INSERT INTO kanji_on_yomi (kanji_id, on_yomi) VALUES (21, 'トウ');
INSERT INTO kanji_on_yomi (kanji_id, on_yomi) VALUES (22, 'セイ');
INSERT INTO kanji_on_yomi (kanji_id, on_yomi) VALUES (22, 'サイ');
INSERT INTO kanji_on_yomi (kanji_id, on_yomi) VALUES (22, 'ス');
INSERT INTO kanji_on_yomi (kanji_id, on_yomi) VALUES (23, 'ヤ');
INSERT INTO kanji_on_yomi (kanji_id, on_yomi) VALUES (24, 'カ');
INSERT INTO kanji_on_yomi (kanji_id, on_yomi) VALUES (24, 'ケ');
INSERT INTO kanji_on_yomi (kanji_id, on_yomi) VALUES (25, 'ゾク');
INSERT INTO kanji_on_yomi (kanji_id, on_yomi) VALUES (26, 'ショク');
INSERT INTO kanji_on_yomi (kanji_id, on_yomi) VALUES (27, 'エン');
INSERT INTO kanji_on_yomi (kanji_id, on_yomi) VALUES (30, 'ユウ');
INSERT INTO kanji_on_yomi (kanji_id, on_yomi) VALUES (31, 'ベン');
INSERT INTO kanji_on_yomi (kanji_id, on_yomi) VALUES (31, 'ビン');
INSERT INTO kanji_on_yomi (kanji_id, on_yomi) VALUES (32, 'キョク');
INSERT INTO kanji_on_yomi (kanji_id, on_yomi) VALUES (35, 'キョウ');
INSERT INTO kanji_on_yomi (kanji_id, on_yomi) VALUES (35, 'ケイ');
INSERT INTO kanji_on_yomi (kanji_id, on_yomi) VALUES (35, 'キン');
INSERT INTO kanji_on_yomi (kanji_id, on_yomi) VALUES (37, 'ボウ');
INSERT INTO kanji_on_yomi (kanji_id, on_yomi) VALUES (38, 'ケン');
INSERT INTO kanji_on_yomi (kanji_id, on_yomi) VALUES (40, 'テン');
INSERT INTO kanji_on_yomi (kanji_id, on_yomi) VALUES (41, 'ゼン');
INSERT INTO kanji_on_yomi (kanji_id, on_yomi) VALUES (41, 'ネン');
INSERT INTO kanji_on_yomi (kanji_id, on_yomi) VALUES (45, 'ダイ');
INSERT INTO kanji_on_yomi (kanji_id, on_yomi) VALUES (45, 'タイ');
INSERT INTO kanji_on_yomi (kanji_id, on_yomi) VALUES (46, 'ハン');
INSERT INTO kanji_on_yomi (kanji_id, on_yomi) VALUES (48, 'ソウ');
INSERT INTO kanji_on_yomi (kanji_id, on_yomi) VALUES (48, 'サッ');
INSERT INTO kanji_on_yomi (kanji_id, on_yomi) VALUES (49, 'ソク');
INSERT INTO kanji_on_yomi (kanji_id, on_yomi) VALUES (51, 'チュウ');
INSERT INTO kanji_on_yomi (kanji_id, on_yomi) VALUES (52, 'ト');
INSERT INTO kanji_on_yomi (kanji_id, on_yomi) VALUES (53, 'ハン');
INSERT INTO kanji_on_yomi (kanji_id, on_yomi) VALUES (54, 'タン');
INSERT INTO kanji_on_yomi (kanji_id, on_yomi) VALUES (56, 'セイ');
INSERT INTO kanji_on_yomi (kanji_id, on_yomi) VALUES (56, 'セ');
INSERT INTO kanji_on_yomi (kanji_id, on_yomi) VALUES (56, 'ソウ');
INSERT INTO kanji_on_yomi (kanji_id, on_yomi) VALUES (57, 'カイ');
INSERT INTO kanji_on_yomi (kanji_id, on_yomi) VALUES (59, 'ショウ');
INSERT INTO kanji_on_yomi (kanji_id, on_yomi) VALUES (60, 'ガン');
INSERT INTO kanji_on_yomi (kanji_id, on_yomi) VALUES (62, 'セイ');
INSERT INTO kanji_on_yomi (kanji_id, on_yomi) VALUES (62, 'ショウ');
INSERT INTO kanji_on_yomi (kanji_id, on_yomi) VALUES (63, 'クウ');
INSERT INTO kanji_on_yomi (kanji_id, on_yomi) VALUES (65, 'キ');
INSERT INTO kanji_on_yomi (kanji_id, on_yomi) VALUES (67, 'ジョウ');
INSERT INTO kanji_on_yomi (kanji_id, on_yomi) VALUES (68, 'キョウ');
INSERT INTO kanji_on_yomi (kanji_id, on_yomi) VALUES (70, 'イチ');
INSERT INTO kanji_on_yomi (kanji_id, on_yomi) VALUES (70, 'イツ');
INSERT INTO kanji_on_yomi (kanji_id, on_yomi) VALUES (71, 'セツ');
INSERT INTO kanji_on_yomi (kanji_id, on_yomi) VALUES (71, 'サイ');
INSERT INTO kanji_on_yomi (kanji_id, on_yomi) VALUES (72, 'ゴウ');
INSERT INTO kanji_on_yomi (kanji_id, on_yomi) VALUES (72, 'ガッ');
INSERT INTO kanji_on_yomi (kanji_id, on_yomi) VALUES (72, 'カッ');
INSERT INTO kanji_on_yomi (kanji_id, on_yomi) VALUES (73, 'セツ');
INSERT INTO kanji_on_yomi (kanji_id, on_yomi) VALUES (73, 'サイ');
INSERT INTO kanji_on_yomi (kanji_id, on_yomi) VALUES (75, 'ジョウ');
INSERT INTO kanji_on_yomi (kanji_id, on_yomi) VALUES (75, 'セイ');
INSERT INTO kanji_on_yomi (kanji_id, on_yomi) VALUES (76, 'ホウ');
INSERT INTO kanji_on_yomi (kanji_id, on_yomi) VALUES (78, 'デン');
INSERT INTO kanji_on_yomi (kanji_id, on_yomi) VALUES (78, 'テン');
INSERT INTO kanji_on_yomi (kanji_id, on_yomi) VALUES (79, 'タツ');
INSERT INTO kanji_on_yomi (kanji_id, on_yomi) VALUES (79, 'ダ');
INSERT INTO kanji_on_yomi (kanji_id, on_yomi) VALUES (81, 'メイ');
INSERT INTO kanji_on_yomi (kanji_id, on_yomi) VALUES (81, 'ミョウ');
INSERT INTO kanji_on_yomi (kanji_id, on_yomi) VALUES (82, 'ゼン');
INSERT INTO kanji_on_yomi (kanji_id, on_yomi) VALUES (84, 'ガク');
INSERT INTO kanji_on_yomi (kanji_id, on_yomi) VALUES (86, 'ゴ');
INSERT INTO kanji_on_yomi (kanji_id, on_yomi) VALUES (87, 'ハイ');
INSERT INTO kanji_on_yomi (kanji_id, on_yomi) VALUES (89, 'タイ');
INSERT INTO kanji_on_yomi (kanji_id, on_yomi) VALUES (89, 'タ');
INSERT INTO kanji_on_yomi (kanji_id, on_yomi) VALUES (90, 'ヨウ');
INSERT INTO kanji_on_yomi (kanji_id, on_yomi) VALUES (92, 'シュ');
INSERT INTO kanji_on_yomi (kanji_id, on_yomi) VALUES (95, 'イ');
INSERT INTO kanji_on_yomi (kanji_id, on_yomi) VALUES (95, 'エ');
INSERT INTO kanji_on_yomi (kanji_id, on_yomi) VALUES (96, 'ソウ');
INSERT INTO kanji_on_yomi (kanji_id, on_yomi) VALUES (96, 'ショウ');
INSERT INTO kanji_on_yomi (kanji_id, on_yomi) VALUES (98, 'キョウ');
INSERT INTO kanji_on_yomi (kanji_id, on_yomi) VALUES (98, 'ゴウ');
INSERT INTO kanji_on_yomi (kanji_id, on_yomi) VALUES (99, 'ダツ');
INSERT INTO kanji_on_yomi (kanji_id, on_yomi) VALUES (101, 'アン');
INSERT INTO kanji_on_yomi (kanji_id, on_yomi) VALUES (102, 'ショウ');
INSERT INTO kanji_on_yomi (kanji_id, on_yomi) VALUES (104, 'ハツ');
INSERT INTO kanji_on_yomi (kanji_id, on_yomi) VALUES (104, 'ホツ');
INSERT INTO kanji_on_yomi (kanji_id, on_yomi) VALUES (105, 'アン');
INSERT INTO kanji_on_yomi (kanji_id, on_yomi) VALUES (107, 'メイ');
INSERT INTO kanji_on_yomi (kanji_id, on_yomi) VALUES (107, 'ミョウ');
INSERT INTO kanji_on_yomi (kanji_id, on_yomi) VALUES (107, 'ミン');
INSERT INTO kanji_on_yomi (kanji_id, on_yomi) VALUES (109, 'ヨ');
INSERT INTO kanji_on_yomi (kanji_id, on_yomi) VALUES (109, 'シャ');
INSERT INTO kanji_on_yomi (kanji_id, on_yomi) VALUES (111, 'オン');
INSERT INTO kanji_on_yomi (kanji_id, on_yomi) VALUES (113, 'キ');
INSERT INTO kanji_on_yomi (kanji_id, on_yomi) VALUES (114, 'ジュウ');
INSERT INTO kanji_on_yomi (kanji_id, on_yomi) VALUES (114, 'チョウ');
INSERT INTO kanji_on_yomi (kanji_id, on_yomi) VALUES (115, 'ヒン');
INSERT INTO kanji_on_yomi (kanji_id, on_yomi) VALUES (115, 'ホン');
INSERT INTO kanji_on_yomi (kanji_id, on_yomi) VALUES (117, 'ヨウ');
INSERT INTO kanji_on_yomi (kanji_id, on_yomi) VALUES (118, 'キュウ');
INSERT INTO kanji_on_yomi (kanji_id, on_yomi) VALUES (118, 'グ');
INSERT INTO kanji_on_yomi (kanji_id, on_yomi) VALUES (120, 'ソウ');
INSERT INTO kanji_on_yomi (kanji_id, on_yomi) VALUES (120, 'シュ');
INSERT INTO kanji_on_yomi (kanji_id, on_yomi) VALUES (121, 'ジョ');
INSERT INTO kanji_on_yomi (kanji_id, on_yomi) VALUES (121, 'ジ');
INSERT INTO kanji_on_yomi (kanji_id, on_yomi) VALUES (123, 'オン');
INSERT INTO kanji_on_yomi (kanji_id, on_yomi) VALUES (124, 'セン');
INSERT INTO kanji_on_yomi (kanji_id, on_yomi) VALUES (126, 'フ');
INSERT INTO kanji_on_yomi (kanji_id, on_yomi) VALUES (127, 'ラク');
INSERT INTO kanji_on_yomi (kanji_id, on_yomi) VALUES (129, 'トウ');
INSERT INTO kanji_on_yomi (kanji_id, on_yomi) VALUES (130, 'カ');
INSERT INTO kanji_on_yomi (kanji_id, on_yomi) VALUES (130, 'ケ');
INSERT INTO kanji_on_yomi (kanji_id, on_yomi) VALUES (132, 'タイ');
INSERT INTO kanji_on_yomi (kanji_id, on_yomi) VALUES (134, 'ジュ');
INSERT INTO kanji_on_yomi (kanji_id, on_yomi) VALUES (136, 'ノウ');
INSERT INTO kanji_on_yomi (kanji_id, on_yomi) VALUES (136, 'ナッ');
INSERT INTO kanji_on_yomi (kanji_id, on_yomi) VALUES (136, 'ナ');
INSERT INTO kanji_on_yomi (kanji_id, on_yomi) VALUES (136, 'ナン');
INSERT INTO kanji_on_yomi (kanji_id, on_yomi) VALUES (136, 'トウ');
INSERT INTO kanji_on_yomi (kanji_id, on_yomi) VALUES (137, 'トク');
INSERT INTO kanji_on_yomi (kanji_id, on_yomi) VALUES (139, 'キョウ');
INSERT INTO kanji_on_yomi (kanji_id, on_yomi) VALUES (140, 'ハン');
INSERT INTO kanji_on_yomi (kanji_id, on_yomi) VALUES (140, 'ボン');
INSERT INTO kanji_on_yomi (kanji_id, on_yomi) VALUES (142, 'キ');
INSERT INTO kanji_on_yomi (kanji_id, on_yomi) VALUES (142, 'ゴ');
INSERT INTO kanji_on_yomi (kanji_id, on_yomi) VALUES (143, 'タイ');
INSERT INTO kanji_on_yomi (kanji_id, on_yomi) VALUES (145, 'ド');
INSERT INTO kanji_on_yomi (kanji_id, on_yomi) VALUES (145, 'ト');
INSERT INTO kanji_on_yomi (kanji_id, on_yomi) VALUES (145, 'タク');
INSERT INTO kanji_on_yomi (kanji_id, on_yomi) VALUES (147, 'クツ');
INSERT INTO kanji_on_yomi (kanji_id, on_yomi) VALUES (148, 'キ');
INSERT INTO kanji_on_yomi (kanji_id, on_yomi) VALUES (150, 'メン');
INSERT INTO kanji_on_yomi (kanji_id, on_yomi) VALUES (150, 'ベン');
INSERT INTO kanji_on_yomi (kanji_id, on_yomi) VALUES (151, 'トウ');
INSERT INTO kanji_on_yomi (kanji_id, on_yomi) VALUES (153, 'テン');
INSERT INTO kanji_on_yomi (kanji_id, on_yomi) VALUES (156, 'シュウ');
INSERT INTO kanji_on_yomi (kanji_id, on_yomi) VALUES (158, 'ヨク');
INSERT INTO kanji_on_yomi (kanji_id, on_yomi) VALUES (159, 'ニチ');
INSERT INTO kanji_on_yomi (kanji_id, on_yomi) VALUES (159, 'ジツ');
INSERT INTO kanji_on_yomi (kanji_id, on_yomi) VALUES (161, 'コン');
INSERT INTO kanji_on_yomi (kanji_id, on_yomi) VALUES (162, 'セキ');
INSERT INTO kanji_on_yomi (kanji_id, on_yomi) VALUES (164, 'ケン');
INSERT INTO kanji_on_yomi (kanji_id, on_yomi) VALUES (165, 'トウ');
INSERT INTO kanji_on_yomi (kanji_id, on_yomi) VALUES (167, 'ユウ');
INSERT INTO kanji_on_yomi (kanji_id, on_yomi) VALUES (167, 'ウ');
INSERT INTO kanji_on_yomi (kanji_id, on_yomi) VALUES (168, 'リ');
INSERT INTO kanji_on_yomi (kanji_id, on_yomi) VALUES (170, 'シュ');
INSERT INTO kanji_on_yomi (kanji_id, on_yomi) VALUES (171, 'ビ');
INSERT INTO kanji_on_yomi (kanji_id, on_yomi) VALUES (173, 'ドウ');
INSERT INTO kanji_on_yomi (kanji_id, on_yomi) VALUES (174, 'ワ');
INSERT INTO kanji_on_yomi (kanji_id, on_yomi) VALUES (176, 'シン');
INSERT INTO kanji_on_yomi (kanji_id, on_yomi) VALUES (177, 'ドウ');
INSERT INTO kanji_on_yomi (kanji_id, on_yomi) VALUES (179, 'カン');
INSERT INTO kanji_on_yomi (kanji_id, on_yomi) VALUES (180, 'シ');
INSERT INTO kanji_on_yomi (kanji_id, on_yomi) VALUES (181, 'ヤク');
INSERT INTO kanji_on_yomi (kanji_id, on_yomi) VALUES (181, 'エキ');
INSERT INTO kanji_on_yomi (kanji_id, on_yomi) VALUES (183, 'キョウ');
INSERT INTO kanji_on_yomi (kanji_id, on_yomi) VALUES (185, 'テイ');
INSERT INTO kanji_on_yomi (kanji_id, on_yomi) VALUES (185, 'ジョウ');
INSERT INTO kanji_on_yomi (kanji_id, on_yomi) VALUES (186, 'ギ');
INSERT INTO kanji_on_yomi (kanji_id, on_yomi) VALUES (188, 'コウ');
INSERT INTO kanji_on_yomi (kanji_id, on_yomi) VALUES (188, 'ク');
INSERT INTO kanji_on_yomi (kanji_id, on_yomi) VALUES (189, 'トウ');
INSERT INTO kanji_on_yomi (kanji_id, on_yomi) VALUES (191, 'ノウ');
INSERT INTO kanji_on_yomi (kanji_id, on_yomi) VALUES (193, 'ギョウ');
INSERT INTO kanji_on_yomi (kanji_id, on_yomi) VALUES (193, 'ゴウ');
INSERT INTO kanji_on_yomi (kanji_id, on_yomi) VALUES (14, 'キン');
INSERT INTO kanji_on_yomi (kanji_id, on_yomi) VALUES (14, 'コン');
INSERT INTO kanji_on_yomi (kanji_id, on_yomi) VALUES (14, 'ゴン');


--
-- TOC entry 3337 (class 0 OID 16577)
-- Dependencies: 213
-- Data for Name: kanji_translation; Type: TABLE DATA; Schema: public; Owner: -
--

INSERT INTO kanji_translation (kanji_id, translation) VALUES (9, 'grope');
INSERT INTO kanji_translation (kanji_id, translation) VALUES (9, 'search');
INSERT INTO kanji_translation (kanji_id, translation) VALUES (9, 'look for');
INSERT INTO kanji_translation (kanji_id, translation) VALUES (10, 'horse');
INSERT INTO kanji_translation (kanji_id, translation) VALUES (11, 'emotion');
INSERT INTO kanji_translation (kanji_id, translation) VALUES (11, 'feeling');
INSERT INTO kanji_translation (kanji_id, translation) VALUES (11, 'sensation');
INSERT INTO kanji_translation (kanji_id, translation) VALUES (12, 'wash');
INSERT INTO kanji_translation (kanji_id, translation) VALUES (12, 'inquire into');
INSERT INTO kanji_translation (kanji_id, translation) VALUES (12, 'probe');
INSERT INTO kanji_translation (kanji_id, translation) VALUES (13, 'savings');
INSERT INTO kanji_translation (kanji_id, translation) VALUES (13, 'store');
INSERT INTO kanji_translation (kanji_id, translation) VALUES (13, 'lay in');
INSERT INTO kanji_translation (kanji_id, translation) VALUES (13, 'keep');
INSERT INTO kanji_translation (kanji_id, translation) VALUES (13, 'wear mustache');
INSERT INTO kanji_translation (kanji_id, translation) VALUES (15, 'logic');
INSERT INTO kanji_translation (kanji_id, translation) VALUES (15, 'arrangement');
INSERT INTO kanji_translation (kanji_id, translation) VALUES (15, 'reason');
INSERT INTO kanji_translation (kanji_id, translation) VALUES (15, 'justice');
INSERT INTO kanji_translation (kanji_id, translation) VALUES (15, 'truth');
INSERT INTO kanji_translation (kanji_id, translation) VALUES (16, 'tall');
INSERT INTO kanji_translation (kanji_id, translation) VALUES (16, 'high');
INSERT INTO kanji_translation (kanji_id, translation) VALUES (16, 'expensive');
INSERT INTO kanji_translation (kanji_id, translation) VALUES (17, 'pedestal');
INSERT INTO kanji_translation (kanji_id, translation) VALUES (17, 'a stand');
INSERT INTO kanji_translation (kanji_id, translation) VALUES (17, 'counter for machines and vehicles');
INSERT INTO kanji_translation (kanji_id, translation) VALUES (18, 'mister');
INSERT INTO kanji_translation (kanji_id, translation) VALUES (18, 'you');
INSERT INTO kanji_translation (kanji_id, translation) VALUES (18, 'ruler');
INSERT INTO kanji_translation (kanji_id, translation) VALUES (18, 'male name suffix');
INSERT INTO kanji_translation (kanji_id, translation) VALUES (19, 'morning');
INSERT INTO kanji_translation (kanji_id, translation) VALUES (19, 'dynasty');
INSERT INTO kanji_translation (kanji_id, translation) VALUES (19, 'regime');
INSERT INTO kanji_translation (kanji_id, translation) VALUES (19, 'epoch');
INSERT INTO kanji_translation (kanji_id, translation) VALUES (19, 'period');
INSERT INTO kanji_translation (kanji_id, translation) VALUES (19, '(North) Korea');
INSERT INTO kanji_translation (kanji_id, translation) VALUES (20, 'pupil (of eye)');
INSERT INTO kanji_translation (kanji_id, translation) VALUES (21, 'east');
INSERT INTO kanji_translation (kanji_id, translation) VALUES (22, 'west');
INSERT INTO kanji_translation (kanji_id, translation) VALUES (22, 'Spain');
INSERT INTO kanji_translation (kanji_id, translation) VALUES (23, 'night');
INSERT INTO kanji_translation (kanji_id, translation) VALUES (23, 'evening');
INSERT INTO kanji_translation (kanji_id, translation) VALUES (24, 'house');
INSERT INTO kanji_translation (kanji_id, translation) VALUES (24, 'home');
INSERT INTO kanji_translation (kanji_id, translation) VALUES (24, 'family');
INSERT INTO kanji_translation (kanji_id, translation) VALUES (24, 'professional');
INSERT INTO kanji_translation (kanji_id, translation) VALUES (24, 'expert');
INSERT INTO kanji_translation (kanji_id, translation) VALUES (24, 'performer');
INSERT INTO kanji_translation (kanji_id, translation) VALUES (25, 'tribe');
INSERT INTO kanji_translation (kanji_id, translation) VALUES (25, 'family');
INSERT INTO kanji_translation (kanji_id, translation) VALUES (26, 'nourriture');
INSERT INTO kanji_translation (kanji_id, translation) VALUES (26, 'manger');
INSERT INTO kanji_translation (kanji_id, translation) VALUES (27, 'circle');
INSERT INTO kanji_translation (kanji_id, translation) VALUES (27, 'yen');
INSERT INTO kanji_translation (kanji_id, translation) VALUES (27, 'round');
INSERT INTO kanji_translation (kanji_id, translation) VALUES (30, 'mail');
INSERT INTO kanji_translation (kanji_id, translation) VALUES (30, 'stagecoach stop');
INSERT INTO kanji_translation (kanji_id, translation) VALUES (31, 'convenience');
INSERT INTO kanji_translation (kanji_id, translation) VALUES (31, 'facility');
INSERT INTO kanji_translation (kanji_id, translation) VALUES (31, 'excrement');
INSERT INTO kanji_translation (kanji_id, translation) VALUES (31, 'feces');
INSERT INTO kanji_translation (kanji_id, translation) VALUES (31, 'letter');
INSERT INTO kanji_translation (kanji_id, translation) VALUES (31, 'chance');
INSERT INTO kanji_translation (kanji_id, translation) VALUES (32, 'bureau');
INSERT INTO kanji_translation (kanji_id, translation) VALUES (32, 'board');
INSERT INTO kanji_translation (kanji_id, translation) VALUES (32, 'office');
INSERT INTO kanji_translation (kanji_id, translation) VALUES (32, 'affair');
INSERT INTO kanji_translation (kanji_id, translation) VALUES (32, 'conclusion');
INSERT INTO kanji_translation (kanji_id, translation) VALUES (32, 'court lady');
INSERT INTO kanji_translation (kanji_id, translation) VALUES (32, 'lady-in-waiting');
INSERT INTO kanji_translation (kanji_id, translation) VALUES (32, 'her apartment');
INSERT INTO kanji_translation (kanji_id, translation) VALUES (35, 'capital');
INSERT INTO kanji_translation (kanji_id, translation) VALUES (35, '10**16');
INSERT INTO kanji_translation (kanji_id, translation) VALUES (37, 'risk');
INSERT INTO kanji_translation (kanji_id, translation) VALUES (37, 'face');
INSERT INTO kanji_translation (kanji_id, translation) VALUES (37, 'defy');
INSERT INTO kanji_translation (kanji_id, translation) VALUES (37, 'dare');
INSERT INTO kanji_translation (kanji_id, translation) VALUES (37, 'damage');
INSERT INTO kanji_translation (kanji_id, translation) VALUES (37, 'assume (a name)');
INSERT INTO kanji_translation (kanji_id, translation) VALUES (38, 'precipitous');
INSERT INTO kanji_translation (kanji_id, translation) VALUES (38, 'inaccessible place');
INSERT INTO kanji_translation (kanji_id, translation) VALUES (38, 'impregnable position');
INSERT INTO kanji_translation (kanji_id, translation) VALUES (38, 'steep place');
INSERT INTO kanji_translation (kanji_id, translation) VALUES (38, 'sharp eyes');
INSERT INTO kanji_translation (kanji_id, translation) VALUES (40, 'heavens');
INSERT INTO kanji_translation (kanji_id, translation) VALUES (40, 'sky');
INSERT INTO kanji_translation (kanji_id, translation) VALUES (40, 'imperial');
INSERT INTO kanji_translation (kanji_id, translation) VALUES (41, 'sort of thing');
INSERT INTO kanji_translation (kanji_id, translation) VALUES (41, 'so');
INSERT INTO kanji_translation (kanji_id, translation) VALUES (41, 'if so');
INSERT INTO kanji_translation (kanji_id, translation) VALUES (41, 'in that case');
INSERT INTO kanji_translation (kanji_id, translation) VALUES (41, 'well');
INSERT INTO kanji_translation (kanji_id, translation) VALUES (45, 'large');
INSERT INTO kanji_translation (kanji_id, translation) VALUES (45, 'big');
INSERT INTO kanji_translation (kanji_id, translation) VALUES (46, 'heights');
INSERT INTO kanji_translation (kanji_id, translation) VALUES (46, 'slope');
INSERT INTO kanji_translation (kanji_id, translation) VALUES (48, 'early');
INSERT INTO kanji_translation (kanji_id, translation) VALUES (48, 'fast');
INSERT INTO kanji_translation (kanji_id, translation) VALUES (49, 'quick');
INSERT INTO kanji_translation (kanji_id, translation) VALUES (49, 'fast');
INSERT INTO kanji_translation (kanji_id, translation) VALUES (51, 'in');
INSERT INTO kanji_translation (kanji_id, translation) VALUES (51, 'inside');
INSERT INTO kanji_translation (kanji_id, translation) VALUES (51, 'middle');
INSERT INTO kanji_translation (kanji_id, translation) VALUES (51, 'mean');
INSERT INTO kanji_translation (kanji_id, translation) VALUES (51, 'center');
INSERT INTO kanji_translation (kanji_id, translation) VALUES (52, 'route');
INSERT INTO kanji_translation (kanji_id, translation) VALUES (52, 'way');
INSERT INTO kanji_translation (kanji_id, translation) VALUES (52, 'road');
INSERT INTO kanji_translation (kanji_id, translation) VALUES (53, 'half');
INSERT INTO kanji_translation (kanji_id, translation) VALUES (53, 'middle');
INSERT INTO kanji_translation (kanji_id, translation) VALUES (53, 'odd number');
INSERT INTO kanji_translation (kanji_id, translation) VALUES (53, 'semi-');
INSERT INTO kanji_translation (kanji_id, translation) VALUES (53, 'part-');
INSERT INTO kanji_translation (kanji_id, translation) VALUES (54, 'edge');
INSERT INTO kanji_translation (kanji_id, translation) VALUES (54, 'origin');
INSERT INTO kanji_translation (kanji_id, translation) VALUES (54, 'end');
INSERT INTO kanji_translation (kanji_id, translation) VALUES (54, 'point');
INSERT INTO kanji_translation (kanji_id, translation) VALUES (54, 'border');
INSERT INTO kanji_translation (kanji_id, translation) VALUES (54, 'verge');
INSERT INTO kanji_translation (kanji_id, translation) VALUES (54, 'cape');
INSERT INTO kanji_translation (kanji_id, translation) VALUES (56, 'generation');
INSERT INTO kanji_translation (kanji_id, translation) VALUES (56, 'world');
INSERT INTO kanji_translation (kanji_id, translation) VALUES (56, 'society');
INSERT INTO kanji_translation (kanji_id, translation) VALUES (56, 'public');
INSERT INTO kanji_translation (kanji_id, translation) VALUES (57, 'world');
INSERT INTO kanji_translation (kanji_id, translation) VALUES (57, 'boundary');
INSERT INTO kanji_translation (kanji_id, translation) VALUES (59, 'laugh');
INSERT INTO kanji_translation (kanji_id, translation) VALUES (60, 'face');
INSERT INTO kanji_translation (kanji_id, translation) VALUES (60, 'expression');
INSERT INTO kanji_translation (kanji_id, translation) VALUES (62, 'star');
INSERT INTO kanji_translation (kanji_id, translation) VALUES (62, 'spot');
INSERT INTO kanji_translation (kanji_id, translation) VALUES (62, 'dot');
INSERT INTO kanji_translation (kanji_id, translation) VALUES (62, 'mark');
INSERT INTO kanji_translation (kanji_id, translation) VALUES (63, 'empty');
INSERT INTO kanji_translation (kanji_id, translation) VALUES (63, 'sky');
INSERT INTO kanji_translation (kanji_id, translation) VALUES (63, 'void');
INSERT INTO kanji_translation (kanji_id, translation) VALUES (63, 'vacant');
INSERT INTO kanji_translation (kanji_id, translation) VALUES (63, 'vacuum');
INSERT INTO kanji_translation (kanji_id, translation) VALUES (65, 'previously');
INSERT INTO kanji_translation (kanji_id, translation) VALUES (65, 'already');
INSERT INTO kanji_translation (kanji_id, translation) VALUES (65, 'long ago');
INSERT INTO kanji_translation (kanji_id, translation) VALUES (67, 'status quo');
INSERT INTO kanji_translation (kanji_id, translation) VALUES (67, 'conditions');
INSERT INTO kanji_translation (kanji_id, translation) VALUES (67, 'circumstances');
INSERT INTO kanji_translation (kanji_id, translation) VALUES (67, 'form');
INSERT INTO kanji_translation (kanji_id, translation) VALUES (67, 'appearance');
INSERT INTO kanji_translation (kanji_id, translation) VALUES (68, 'condition');
INSERT INTO kanji_translation (kanji_id, translation) VALUES (68, 'situation');
INSERT INTO kanji_translation (kanji_id, translation) VALUES (70, 'one');
INSERT INTO kanji_translation (kanji_id, translation) VALUES (70, 'one radical (no.1)');
INSERT INTO kanji_translation (kanji_id, translation) VALUES (71, 'cut');
INSERT INTO kanji_translation (kanji_id, translation) VALUES (71, 'cutoff');
INSERT INTO kanji_translation (kanji_id, translation) VALUES (71, 'be sharp');
INSERT INTO kanji_translation (kanji_id, translation) VALUES (72, 'fit');
INSERT INTO kanji_translation (kanji_id, translation) VALUES (72, 'suit');
INSERT INTO kanji_translation (kanji_id, translation) VALUES (72, 'join');
INSERT INTO kanji_translation (kanji_id, translation) VALUES (72, '0.1');
INSERT INTO kanji_translation (kanji_id, translation) VALUES (73, 'cut');
INSERT INTO kanji_translation (kanji_id, translation) VALUES (73, 'cutoff');
INSERT INTO kanji_translation (kanji_id, translation) VALUES (73, 'be sharp');
INSERT INTO kanji_translation (kanji_id, translation) VALUES (75, 'feelings');
INSERT INTO kanji_translation (kanji_id, translation) VALUES (75, 'emotion');
INSERT INTO kanji_translation (kanji_id, translation) VALUES (75, 'passion');
INSERT INTO kanji_translation (kanji_id, translation) VALUES (75, 'sympathy');
INSERT INTO kanji_translation (kanji_id, translation) VALUES (75, 'circumstances');
INSERT INTO kanji_translation (kanji_id, translation) VALUES (75, 'facts');
INSERT INTO kanji_translation (kanji_id, translation) VALUES (76, 'report');
INSERT INTO kanji_translation (kanji_id, translation) VALUES (76, 'news');
INSERT INTO kanji_translation (kanji_id, translation) VALUES (76, 'reward');
INSERT INTO kanji_translation (kanji_id, translation) VALUES (76, 'retribution');
INSERT INTO kanji_translation (kanji_id, translation) VALUES (78, 'transmit');
INSERT INTO kanji_translation (kanji_id, translation) VALUES (78, 'go along');
INSERT INTO kanji_translation (kanji_id, translation) VALUES (78, 'walk along');
INSERT INTO kanji_translation (kanji_id, translation) VALUES (78, 'follow');
INSERT INTO kanji_translation (kanji_id, translation) VALUES (78, 'report');
INSERT INTO kanji_translation (kanji_id, translation) VALUES (78, 'communicate');
INSERT INTO kanji_translation (kanji_id, translation) VALUES (78, 'legend');
INSERT INTO kanji_translation (kanji_id, translation) VALUES (78, 'tradition');
INSERT INTO kanji_translation (kanji_id, translation) VALUES (79, 'accomplished');
INSERT INTO kanji_translation (kanji_id, translation) VALUES (79, 'reach');
INSERT INTO kanji_translation (kanji_id, translation) VALUES (79, 'arrive');
INSERT INTO kanji_translation (kanji_id, translation) VALUES (79, 'attain');
INSERT INTO kanji_translation (kanji_id, translation) VALUES (81, 'name');
INSERT INTO kanji_translation (kanji_id, translation) VALUES (81, 'noted');
INSERT INTO kanji_translation (kanji_id, translation) VALUES (81, 'distinguished');
INSERT INTO kanji_translation (kanji_id, translation) VALUES (81, 'reputation');
INSERT INTO kanji_translation (kanji_id, translation) VALUES (82, 'in front');
INSERT INTO kanji_translation (kanji_id, translation) VALUES (82, 'before');
INSERT INTO kanji_translation (kanji_id, translation) VALUES (84, 'study');
INSERT INTO kanji_translation (kanji_id, translation) VALUES (84, 'learning');
INSERT INTO kanji_translation (kanji_id, translation) VALUES (84, 'science');
INSERT INTO kanji_translation (kanji_id, translation) VALUES (86, 'I');
INSERT INTO kanji_translation (kanji_id, translation) VALUES (86, 'my');
INSERT INTO kanji_translation (kanji_id, translation) VALUES (86, 'our');
INSERT INTO kanji_translation (kanji_id, translation) VALUES (86, 'one''s own');
INSERT INTO kanji_translation (kanji_id, translation) VALUES (87, 'comrade');
INSERT INTO kanji_translation (kanji_id, translation) VALUES (87, 'fellow');
INSERT INTO kanji_translation (kanji_id, translation) VALUES (87, 'people');
INSERT INTO kanji_translation (kanji_id, translation) VALUES (87, 'companions');
INSERT INTO kanji_translation (kanji_id, translation) VALUES (89, 'plump');
INSERT INTO kanji_translation (kanji_id, translation) VALUES (89, 'thick');
INSERT INTO kanji_translation (kanji_id, translation) VALUES (89, 'big around');
INSERT INTO kanji_translation (kanji_id, translation) VALUES (90, 'sunshine');
INSERT INTO kanji_translation (kanji_id, translation) VALUES (90, 'yang principle');
INSERT INTO kanji_translation (kanji_id, translation) VALUES (90, 'positive');
INSERT INTO kanji_translation (kanji_id, translation) VALUES (90, 'male');
INSERT INTO kanji_translation (kanji_id, translation) VALUES (90, 'heaven');
INSERT INTO kanji_translation (kanji_id, translation) VALUES (90, 'daytime');
INSERT INTO kanji_translation (kanji_id, translation) VALUES (92, 'take');
INSERT INTO kanji_translation (kanji_id, translation) VALUES (92, 'fetch');
INSERT INTO kanji_translation (kanji_id, translation) VALUES (92, 'take up');
INSERT INTO kanji_translation (kanji_id, translation) VALUES (93, 'crowded');
INSERT INTO kanji_translation (kanji_id, translation) VALUES (93, 'mixture');
INSERT INTO kanji_translation (kanji_id, translation) VALUES (93, 'in bulk');
INSERT INTO kanji_translation (kanji_id, translation) VALUES (93, 'included');
INSERT INTO kanji_translation (kanji_id, translation) VALUES (93, '(kokuji)');
INSERT INTO kanji_translation (kanji_id, translation) VALUES (95, 'garment');
INSERT INTO kanji_translation (kanji_id, translation) VALUES (95, 'clothes');
INSERT INTO kanji_translation (kanji_id, translation) VALUES (95, 'dressing');
INSERT INTO kanji_translation (kanji_id, translation) VALUES (96, 'attire');
INSERT INTO kanji_translation (kanji_id, translation) VALUES (96, 'dress');
INSERT INTO kanji_translation (kanji_id, translation) VALUES (96, 'pretend');
INSERT INTO kanji_translation (kanji_id, translation) VALUES (96, 'disguise');
INSERT INTO kanji_translation (kanji_id, translation) VALUES (96, 'profess');
INSERT INTO kanji_translation (kanji_id, translation) VALUES (98, 'strong');
INSERT INTO kanji_translation (kanji_id, translation) VALUES (99, 'rob');
INSERT INTO kanji_translation (kanji_id, translation) VALUES (99, 'take by force');
INSERT INTO kanji_translation (kanji_id, translation) VALUES (99, 'snatch away');
INSERT INTO kanji_translation (kanji_id, translation) VALUES (99, 'dispossess');
INSERT INTO kanji_translation (kanji_id, translation) VALUES (99, 'plunder');
INSERT INTO kanji_translation (kanji_id, translation) VALUES (99, 'usurp');
INSERT INTO kanji_translation (kanji_id, translation) VALUES (101, 'darkness');
INSERT INTO kanji_translation (kanji_id, translation) VALUES (101, 'disappear');
INSERT INTO kanji_translation (kanji_id, translation) VALUES (101, 'shade');
INSERT INTO kanji_translation (kanji_id, translation) VALUES (101, 'informal');
INSERT INTO kanji_translation (kanji_id, translation) VALUES (101, 'grow dark');
INSERT INTO kanji_translation (kanji_id, translation) VALUES (101, 'be blinded');
INSERT INTO kanji_translation (kanji_id, translation) VALUES (102, 'reef');
INSERT INTO kanji_translation (kanji_id, translation) VALUES (102, 'sunken rock');
INSERT INTO kanji_translation (kanji_id, translation) VALUES (104, 'departure');
INSERT INTO kanji_translation (kanji_id, translation) VALUES (104, 'discharge');
INSERT INTO kanji_translation (kanji_id, translation) VALUES (104, 'publish');
INSERT INTO kanji_translation (kanji_id, translation) VALUES (104, 'emit');
INSERT INTO kanji_translation (kanji_id, translation) VALUES (104, 'start from');
INSERT INTO kanji_translation (kanji_id, translation) VALUES (104, 'disclose');
INSERT INTO kanji_translation (kanji_id, translation) VALUES (104, 'counter for gunshots');
INSERT INTO kanji_translation (kanji_id, translation) VALUES (105, 'plan');
INSERT INTO kanji_translation (kanji_id, translation) VALUES (105, 'suggestion');
INSERT INTO kanji_translation (kanji_id, translation) VALUES (105, 'draft');
INSERT INTO kanji_translation (kanji_id, translation) VALUES (105, 'ponder');
INSERT INTO kanji_translation (kanji_id, translation) VALUES (105, 'fear');
INSERT INTO kanji_translation (kanji_id, translation) VALUES (105, 'proposition');
INSERT INTO kanji_translation (kanji_id, translation) VALUES (105, 'idea');
INSERT INTO kanji_translation (kanji_id, translation) VALUES (105, 'expectation');
INSERT INTO kanji_translation (kanji_id, translation) VALUES (105, 'worry');
INSERT INTO kanji_translation (kanji_id, translation) VALUES (105, 'table');
INSERT INTO kanji_translation (kanji_id, translation) VALUES (105, 'bench');
INSERT INTO kanji_translation (kanji_id, translation) VALUES (107, 'bright');
INSERT INTO kanji_translation (kanji_id, translation) VALUES (107, 'light');
INSERT INTO kanji_translation (kanji_id, translation) VALUES (109, 'beforehand');
INSERT INTO kanji_translation (kanji_id, translation) VALUES (109, 'previous');
INSERT INTO kanji_translation (kanji_id, translation) VALUES (109, 'myself');
INSERT INTO kanji_translation (kanji_id, translation) VALUES (109, 'I');
INSERT INTO kanji_translation (kanji_id, translation) VALUES (111, 'calm');
INSERT INTO kanji_translation (kanji_id, translation) VALUES (111, 'quiet');
INSERT INTO kanji_translation (kanji_id, translation) VALUES (111, 'moderation');
INSERT INTO kanji_translation (kanji_id, translation) VALUES (113, 'precious');
INSERT INTO kanji_translation (kanji_id, translation) VALUES (113, '"value"');
INSERT INTO kanji_translation (kanji_id, translation) VALUES (113, 'prize');
INSERT INTO kanji_translation (kanji_id, translation) VALUES (113, 'esteem');
INSERT INTO kanji_translation (kanji_id, translation) VALUES (113, 'honor');
INSERT INTO kanji_translation (kanji_id, translation) VALUES (114, 'heavy');
INSERT INTO kanji_translation (kanji_id, translation) VALUES (114, 'important');
INSERT INTO kanji_translation (kanji_id, translation) VALUES (114, 'esteem');
INSERT INTO kanji_translation (kanji_id, translation) VALUES (114, 'respect');
INSERT INTO kanji_translation (kanji_id, translation) VALUES (114, 'heap up');
INSERT INTO kanji_translation (kanji_id, translation) VALUES (114, 'pile up');
INSERT INTO kanji_translation (kanji_id, translation) VALUES (114, 'nest of boxes');
INSERT INTO kanji_translation (kanji_id, translation) VALUES (114, '-fold');
INSERT INTO kanji_translation (kanji_id, translation) VALUES (115, 'goods');
INSERT INTO kanji_translation (kanji_id, translation) VALUES (115, 'refinement');
INSERT INTO kanji_translation (kanji_id, translation) VALUES (115, 'dignity');
INSERT INTO kanji_translation (kanji_id, translation) VALUES (115, 'article');
INSERT INTO kanji_translation (kanji_id, translation) VALUES (115, 'counter for meal courses');
INSERT INTO kanji_translation (kanji_id, translation) VALUES (117, 'need');
INSERT INTO kanji_translation (kanji_id, translation) VALUES (117, 'main point');
INSERT INTO kanji_translation (kanji_id, translation) VALUES (117, 'essence');
INSERT INTO kanji_translation (kanji_id, translation) VALUES (117, 'pivot');
INSERT INTO kanji_translation (kanji_id, translation) VALUES (117, 'key to');
INSERT INTO kanji_translation (kanji_id, translation) VALUES (118, 'request');
INSERT INTO kanji_translation (kanji_id, translation) VALUES (118, 'want');
INSERT INTO kanji_translation (kanji_id, translation) VALUES (118, 'wish for');
INSERT INTO kanji_translation (kanji_id, translation) VALUES (118, 'require');
INSERT INTO kanji_translation (kanji_id, translation) VALUES (118, 'demand');
INSERT INTO kanji_translation (kanji_id, translation) VALUES (120, 'sweep');
INSERT INTO kanji_translation (kanji_id, translation) VALUES (120, 'brush');
INSERT INTO kanji_translation (kanji_id, translation) VALUES (121, 'exclude');
INSERT INTO kanji_translation (kanji_id, translation) VALUES (121, 'division (x/3)');
INSERT INTO kanji_translation (kanji_id, translation) VALUES (121, 'remove');
INSERT INTO kanji_translation (kanji_id, translation) VALUES (121, 'abolish');
INSERT INTO kanji_translation (kanji_id, translation) VALUES (121, 'cancel');
INSERT INTO kanji_translation (kanji_id, translation) VALUES (121, 'except');
INSERT INTO kanji_translation (kanji_id, translation) VALUES (123, 'warm');
INSERT INTO kanji_translation (kanji_id, translation) VALUES (124, 'spring');
INSERT INTO kanji_translation (kanji_id, translation) VALUES (124, 'fountain');
INSERT INTO kanji_translation (kanji_id, translation) VALUES (126, 'viscera');
INSERT INTO kanji_translation (kanji_id, translation) VALUES (126, 'bowels');
INSERT INTO kanji_translation (kanji_id, translation) VALUES (127, 'fall');
INSERT INTO kanji_translation (kanji_id, translation) VALUES (127, 'drop');
INSERT INTO kanji_translation (kanji_id, translation) VALUES (127, 'come down');
INSERT INTO kanji_translation (kanji_id, translation) VALUES (127, 'village');
INSERT INTO kanji_translation (kanji_id, translation) VALUES (127, 'hamlet');
INSERT INTO kanji_translation (kanji_id, translation) VALUES (129, 'etc.');
INSERT INTO kanji_translation (kanji_id, translation) VALUES (129, 'and so forth');
INSERT INTO kanji_translation (kanji_id, translation) VALUES (129, 'class (first)');
INSERT INTO kanji_translation (kanji_id, translation) VALUES (129, 'quality');
INSERT INTO kanji_translation (kanji_id, translation) VALUES (129, 'equal');
INSERT INTO kanji_translation (kanji_id, translation) VALUES (129, 'similar');
INSERT INTO kanji_translation (kanji_id, translation) VALUES (130, '"value"');
INSERT INTO kanji_translation (kanji_id, translation) VALUES (130, 'price');
INSERT INTO kanji_translation (kanji_id, translation) VALUES (132, 'exchange');
INSERT INTO kanji_translation (kanji_id, translation) VALUES (132, 'spare');
INSERT INTO kanji_translation (kanji_id, translation) VALUES (132, 'substitute');
INSERT INTO kanji_translation (kanji_id, translation) VALUES (132, 'per-');
INSERT INTO kanji_translation (kanji_id, translation) VALUES (134, 'impart');
INSERT INTO kanji_translation (kanji_id, translation) VALUES (134, 'instruct');
INSERT INTO kanji_translation (kanji_id, translation) VALUES (134, 'grant');
INSERT INTO kanji_translation (kanji_id, translation) VALUES (134, 'confer');
INSERT INTO kanji_translation (kanji_id, translation) VALUES (136, 'settlement');
INSERT INTO kanji_translation (kanji_id, translation) VALUES (136, 'obtain');
INSERT INTO kanji_translation (kanji_id, translation) VALUES (136, 'reap');
INSERT INTO kanji_translation (kanji_id, translation) VALUES (136, 'pay');
INSERT INTO kanji_translation (kanji_id, translation) VALUES (136, 'supply');
INSERT INTO kanji_translation (kanji_id, translation) VALUES (136, 'store');
INSERT INTO kanji_translation (kanji_id, translation) VALUES (137, 'gain');
INSERT INTO kanji_translation (kanji_id, translation) VALUES (137, 'get');
INSERT INTO kanji_translation (kanji_id, translation) VALUES (137, 'find');
INSERT INTO kanji_translation (kanji_id, translation) VALUES (137, 'earn');
INSERT INTO kanji_translation (kanji_id, translation) VALUES (137, 'acquire');
INSERT INTO kanji_translation (kanji_id, translation) VALUES (137, 'can');
INSERT INTO kanji_translation (kanji_id, translation) VALUES (137, 'may');
INSERT INTO kanji_translation (kanji_id, translation) VALUES (137, 'able to');
INSERT INTO kanji_translation (kanji_id, translation) VALUES (137, 'profit');
INSERT INTO kanji_translation (kanji_id, translation) VALUES (137, 'advantage');
INSERT INTO kanji_translation (kanji_id, translation) VALUES (137, 'benefit');
INSERT INTO kanji_translation (kanji_id, translation) VALUES (139, 'together');
INSERT INTO kanji_translation (kanji_id, translation) VALUES (139, 'both');
INSERT INTO kanji_translation (kanji_id, translation) VALUES (139, 'neither');
INSERT INTO kanji_translation (kanji_id, translation) VALUES (139, 'all');
INSERT INTO kanji_translation (kanji_id, translation) VALUES (139, 'and');
INSERT INTO kanji_translation (kanji_id, translation) VALUES (139, 'alike');
INSERT INTO kanji_translation (kanji_id, translation) VALUES (139, 'with');
INSERT INTO kanji_translation (kanji_id, translation) VALUES (140, 'crime');
INSERT INTO kanji_translation (kanji_id, translation) VALUES (140, 'sin');
INSERT INTO kanji_translation (kanji_id, translation) VALUES (140, 'offense');
INSERT INTO kanji_translation (kanji_id, translation) VALUES (142, 'period');
INSERT INTO kanji_translation (kanji_id, translation) VALUES (142, 'time');
INSERT INTO kanji_translation (kanji_id, translation) VALUES (142, 'date');
INSERT INTO kanji_translation (kanji_id, translation) VALUES (142, 'term');
INSERT INTO kanji_translation (kanji_id, translation) VALUES (143, 'wait');
INSERT INTO kanji_translation (kanji_id, translation) VALUES (143, 'depend on');
INSERT INTO kanji_translation (kanji_id, translation) VALUES (145, 'degrees');
INSERT INTO kanji_translation (kanji_id, translation) VALUES (145, 'occurrence');
INSERT INTO kanji_translation (kanji_id, translation) VALUES (145, 'time');
INSERT INTO kanji_translation (kanji_id, translation) VALUES (145, 'counter for occurrences');
INSERT INTO kanji_translation (kanji_id, translation) VALUES (145, 'consider');
INSERT INTO kanji_translation (kanji_id, translation) VALUES (145, 'attitude');
INSERT INTO kanji_translation (kanji_id, translation) VALUES (147, 'dig');
INSERT INTO kanji_translation (kanji_id, translation) VALUES (147, 'delve');
INSERT INTO kanji_translation (kanji_id, translation) VALUES (147, 'excavate');
INSERT INTO kanji_translation (kanji_id, translation) VALUES (148, 'rouse');
INSERT INTO kanji_translation (kanji_id, translation) VALUES (148, 'wake up');
INSERT INTO kanji_translation (kanji_id, translation) VALUES (148, 'get up');
INSERT INTO kanji_translation (kanji_id, translation) VALUES (150, 'mask');
INSERT INTO kanji_translation (kanji_id, translation) VALUES (150, 'face');
INSERT INTO kanji_translation (kanji_id, translation) VALUES (150, 'features');
INSERT INTO kanji_translation (kanji_id, translation) VALUES (150, 'surface');
INSERT INTO kanji_translation (kanji_id, translation) VALUES (151, 'overthrow');
INSERT INTO kanji_translation (kanji_id, translation) VALUES (151, 'fall');
INSERT INTO kanji_translation (kanji_id, translation) VALUES (151, 'collapse');
INSERT INTO kanji_translation (kanji_id, translation) VALUES (151, 'drop');
INSERT INTO kanji_translation (kanji_id, translation) VALUES (151, 'break down');
INSERT INTO kanji_translation (kanji_id, translation) VALUES (153, 'revolve');
INSERT INTO kanji_translation (kanji_id, translation) VALUES (153, 'turn around');
INSERT INTO kanji_translation (kanji_id, translation) VALUES (153, 'change');
INSERT INTO kanji_translation (kanji_id, translation) VALUES (156, 'gather');
INSERT INTO kanji_translation (kanji_id, translation) VALUES (156, 'meet');
INSERT INTO kanji_translation (kanji_id, translation) VALUES (156, 'congregate');
INSERT INTO kanji_translation (kanji_id, translation) VALUES (156, 'swarm');
INSERT INTO kanji_translation (kanji_id, translation) VALUES (156, 'flock');
INSERT INTO kanji_translation (kanji_id, translation) VALUES (158, 'the following');
INSERT INTO kanji_translation (kanji_id, translation) VALUES (158, 'next');
INSERT INTO kanji_translation (kanji_id, translation) VALUES (159, 'day');
INSERT INTO kanji_translation (kanji_id, translation) VALUES (159, 'sun');
INSERT INTO kanji_translation (kanji_id, translation) VALUES (159, 'Japan');
INSERT INTO kanji_translation (kanji_id, translation) VALUES (159, 'counter for days');
INSERT INTO kanji_translation (kanji_id, translation) VALUES (161, 'mark');
INSERT INTO kanji_translation (kanji_id, translation) VALUES (161, 'foot print');
INSERT INTO kanji_translation (kanji_id, translation) VALUES (162, 'tracks');
INSERT INTO kanji_translation (kanji_id, translation) VALUES (162, 'mark');
INSERT INTO kanji_translation (kanji_id, translation) VALUES (162, 'print');
INSERT INTO kanji_translation (kanji_id, translation) VALUES (162, 'impression');
INSERT INTO kanji_translation (kanji_id, translation) VALUES (164, 'see');
INSERT INTO kanji_translation (kanji_id, translation) VALUES (164, 'hopes');
INSERT INTO kanji_translation (kanji_id, translation) VALUES (164, 'chances');
INSERT INTO kanji_translation (kanji_id, translation) VALUES (164, 'idea');
INSERT INTO kanji_translation (kanji_id, translation) VALUES (164, 'opinion');
INSERT INTO kanji_translation (kanji_id, translation) VALUES (164, 'look at');
INSERT INTO kanji_translation (kanji_id, translation) VALUES (164, 'visible');
INSERT INTO kanji_translation (kanji_id, translation) VALUES (165, 'escape');
INSERT INTO kanji_translation (kanji_id, translation) VALUES (165, 'flee');
INSERT INTO kanji_translation (kanji_id, translation) VALUES (165, 'shirk');
INSERT INTO kanji_translation (kanji_id, translation) VALUES (165, 'evade');
INSERT INTO kanji_translation (kanji_id, translation) VALUES (165, 'set free');
INSERT INTO kanji_translation (kanji_id, translation) VALUES (167, 'possess');
INSERT INTO kanji_translation (kanji_id, translation) VALUES (167, 'have');
INSERT INTO kanji_translation (kanji_id, translation) VALUES (167, 'exist');
INSERT INTO kanji_translation (kanji_id, translation) VALUES (167, 'happen');
INSERT INTO kanji_translation (kanji_id, translation) VALUES (167, 'occur');
INSERT INTO kanji_translation (kanji_id, translation) VALUES (167, 'approx');
INSERT INTO kanji_translation (kanji_id, translation) VALUES (168, 'profit');
INSERT INTO kanji_translation (kanji_id, translation) VALUES (168, 'advantage');
INSERT INTO kanji_translation (kanji_id, translation) VALUES (168, 'benefit');
INSERT INTO kanji_translation (kanji_id, translation) VALUES (170, 'neck');
INSERT INTO kanji_translation (kanji_id, translation) VALUES (170, 'counter for songs and poems');
INSERT INTO kanji_translation (kanji_id, translation) VALUES (171, 'tail');
INSERT INTO kanji_translation (kanji_id, translation) VALUES (171, 'end');
INSERT INTO kanji_translation (kanji_id, translation) VALUES (171, 'counter for fish');
INSERT INTO kanji_translation (kanji_id, translation) VALUES (171, 'lower slope of mountain');
INSERT INTO kanji_translation (kanji_id, translation) VALUES (173, 'juvenile');
INSERT INTO kanji_translation (kanji_id, translation) VALUES (173, 'child');
INSERT INTO kanji_translation (kanji_id, translation) VALUES (174, 'tale');
INSERT INTO kanji_translation (kanji_id, translation) VALUES (174, 'talk');
INSERT INTO kanji_translation (kanji_id, translation) VALUES (176, 'shake');
INSERT INTO kanji_translation (kanji_id, translation) VALUES (176, 'wave');
INSERT INTO kanji_translation (kanji_id, translation) VALUES (176, 'wag');
INSERT INTO kanji_translation (kanji_id, translation) VALUES (176, 'swing');
INSERT INTO kanji_translation (kanji_id, translation) VALUES (177, 'move');
INSERT INTO kanji_translation (kanji_id, translation) VALUES (177, 'motion');
INSERT INTO kanji_translation (kanji_id, translation) VALUES (177, 'change');
INSERT INTO kanji_translation (kanji_id, translation) VALUES (177, 'confusion');
INSERT INTO kanji_translation (kanji_id, translation) VALUES (177, 'shift');
INSERT INTO kanji_translation (kanji_id, translation) VALUES (177, 'shake');
INSERT INTO kanji_translation (kanji_id, translation) VALUES (179, 'oversee');
INSERT INTO kanji_translation (kanji_id, translation) VALUES (179, 'official');
INSERT INTO kanji_translation (kanji_id, translation) VALUES (179, 'govt office');
INSERT INTO kanji_translation (kanji_id, translation) VALUES (179, 'rule');
INSERT INTO kanji_translation (kanji_id, translation) VALUES (179, 'administer');
INSERT INTO kanji_translation (kanji_id, translation) VALUES (180, 'inspection');
INSERT INTO kanji_translation (kanji_id, translation) VALUES (180, 'regard as');
INSERT INTO kanji_translation (kanji_id, translation) VALUES (180, 'see');
INSERT INTO kanji_translation (kanji_id, translation) VALUES (180, 'look at');
INSERT INTO kanji_translation (kanji_id, translation) VALUES (181, 'duty');
INSERT INTO kanji_translation (kanji_id, translation) VALUES (181, 'war');
INSERT INTO kanji_translation (kanji_id, translation) VALUES (181, 'campaign');
INSERT INTO kanji_translation (kanji_id, translation) VALUES (181, 'drafted labor');
INSERT INTO kanji_translation (kanji_id, translation) VALUES (181, 'office');
INSERT INTO kanji_translation (kanji_id, translation) VALUES (181, 'service');
INSERT INTO kanji_translation (kanji_id, translation) VALUES (181, 'role');
INSERT INTO kanji_translation (kanji_id, translation) VALUES (183, 'bosom');
INSERT INTO kanji_translation (kanji_id, translation) VALUES (183, 'breast');
INSERT INTO kanji_translation (kanji_id, translation) VALUES (183, 'chest');
INSERT INTO kanji_translation (kanji_id, translation) VALUES (183, 'heart');
INSERT INTO kanji_translation (kanji_id, translation) VALUES (183, 'feelings');
INSERT INTO kanji_translation (kanji_id, translation) VALUES (185, 'determine');
INSERT INTO kanji_translation (kanji_id, translation) VALUES (185, 'fix');
INSERT INTO kanji_translation (kanji_id, translation) VALUES (185, 'establish');
INSERT INTO kanji_translation (kanji_id, translation) VALUES (185, 'decide');
INSERT INTO kanji_translation (kanji_id, translation) VALUES (186, 'righteousness');
INSERT INTO kanji_translation (kanji_id, translation) VALUES (186, 'justice');
INSERT INTO kanji_translation (kanji_id, translation) VALUES (186, 'morality');
INSERT INTO kanji_translation (kanji_id, translation) VALUES (186, 'honor');
INSERT INTO kanji_translation (kanji_id, translation) VALUES (186, 'loyalty');
INSERT INTO kanji_translation (kanji_id, translation) VALUES (186, 'meaning');
INSERT INTO kanji_translation (kanji_id, translation) VALUES (188, 'mouth');
INSERT INTO kanji_translation (kanji_id, translation) VALUES (189, 'hit');
INSERT INTO kanji_translation (kanji_id, translation) VALUES (189, 'right');
INSERT INTO kanji_translation (kanji_id, translation) VALUES (189, 'appropriate');
INSERT INTO kanji_translation (kanji_id, translation) VALUES (189, 'himself');
INSERT INTO kanji_translation (kanji_id, translation) VALUES (191, 'concentrated');
INSERT INTO kanji_translation (kanji_id, translation) VALUES (191, 'thick');
INSERT INTO kanji_translation (kanji_id, translation) VALUES (191, 'dark');
INSERT INTO kanji_translation (kanji_id, translation) VALUES (191, 'undiluted');
INSERT INTO kanji_translation (kanji_id, translation) VALUES (193, 'business');
INSERT INTO kanji_translation (kanji_id, translation) VALUES (193, 'vocation');
INSERT INTO kanji_translation (kanji_id, translation) VALUES (193, 'arts');
INSERT INTO kanji_translation (kanji_id, translation) VALUES (193, 'performance');
INSERT INTO kanji_translation (kanji_id, translation) VALUES (14, 'or');
INSERT INTO kanji_translation (kanji_id, translation) VALUES (14, 'argent (au sens monétaire)');

--
-- TOC entry 3321 (class 0 OID 16586)
-- Dependencies: 215
-- Data for Name: word; Type: TABLE DATA; Schema: public; Owner: -
--

INSERT INTO word (id, furigana_value, time_stamp, translation, "value") VALUES (42, 'ゆうびんきょく', '2020-04-15 01:35:16', 'Bureau de poste', '郵便局');
INSERT INTO word (id, furigana_value, time_stamp, translation, "value") VALUES (43, 'かぞく', '2020-04-15 01:39:25', 'famille', '家族');
INSERT INTO word (id, furigana_value, time_stamp, translation, "value") VALUES (44, 'おおさか', '2020-04-15 11:02:48', 'Osaka', '大阪');
INSERT INTO word (id, furigana_value, time_stamp, translation, "value") VALUES (47, 'さっそく', '2020-04-15 11:04:52', 'Immédiatement', '早速');
INSERT INTO word (id, furigana_value, time_stamp, translation, "value") VALUES (50, 'ちゅうとはんば', '2020-04-15 11:22:19', 'Incomplet, ne pas aller au bout', '中途半端');
INSERT INTO word (id, furigana_value, time_stamp, translation, "value") VALUES (55, 'せかい', '2020-04-15 14:21:22', 'Monde', '世界');
INSERT INTO word (id, furigana_value, time_stamp, translation, "value") VALUES (58, 'えがお', '2020-04-15 14:31:20', 'Sourire', '笑顔');
INSERT INTO word (id, furigana_value, time_stamp, translation, "value") VALUES (61, 'ほしぞら', '2020-04-15 14:34:37', 'Ciel étoilé', '星空');
INSERT INTO word (id, furigana_value, time_stamp, translation, "value") VALUES (64, 'すでに', '2020-04-15 15:44:53', 'Déjà', '既に');
INSERT INTO word (id, furigana_value, time_stamp, translation, "value") VALUES (66, 'じょうきょう', '2020-04-15 20:38:50', 'Condition, circonstance, situation', '状況');
INSERT INTO word (id, furigana_value, time_stamp, translation, "value") VALUES (69, 'いっさいがっさい', '2020-04-15 22:25:38', 'Tout ensemble, bout à bout', '一切合切');
INSERT INTO word (id, furigana_value, time_stamp, translation, "value") VALUES (74, 'じょうほう', '2020-04-15 22:29:12', 'Information', '情報');
INSERT INTO word (id, furigana_value, time_stamp, translation, "value") VALUES (77, 'でんたつ', '2020-04-15 22:30:00', 'Transfert, transmission', '伝達');
INSERT INTO word (id, furigana_value, time_stamp, translation, "value") VALUES (80, 'なまえ', '2020-04-15 22:44:38', 'Nom', '名前');
INSERT INTO word (id, furigana_value, time_stamp, translation, "value") VALUES (83, 'だいがく', '2020-04-15 22:45:59', 'Université', '大学');
INSERT INTO word (id, furigana_value, time_stamp, translation, "value") VALUES (85, 'わがはい', '2020-04-16 00:38:36', 'Je (Gintama)', '吾輩');
INSERT INTO word (id, furigana_value, time_stamp, translation, "value") VALUES (88, 'たいよう', '2020-04-16 00:46:23', 'Le soleil', '太陽');
INSERT INTO word (id, furigana_value, time_stamp, translation, "value") VALUES (91, 'おとりこみちゅう', '2020-04-17 23:23:26', 'Être occupé, déranger', 'お取り込み中');
INSERT INTO word (id, furigana_value, time_stamp, translation, "value") VALUES (94, 'いしょう', '2020-04-17 23:24:18', 'Déguisement', '衣装');
INSERT INTO word (id, furigana_value, time_stamp, translation, "value") VALUES (97, 'ごうだつ', '2020-04-17 23:56:51', 'Vol, braquage', '強奪');
INSERT INTO word (id, furigana_value, time_stamp, translation, "value") VALUES (100, 'あんしょう', '2020-04-18 00:00:30', 'Récif', '暗礁');
INSERT INTO word (id, furigana_value, time_stamp, translation, "value") VALUES (103, 'はつあん', '2020-04-18 00:03:49', 'Proposition, suggestion, idée', '発案');
INSERT INTO word (id, furigana_value, time_stamp, translation, "value") VALUES (106, 'はつめい', '2020-04-18 00:05:13', 'Invention', '発明');
INSERT INTO word (id, furigana_value, time_stamp, translation, "value") VALUES (108, 'よかん', '2020-04-18 00:08:12', 'Pressentiment', '予感');
INSERT INTO word (id, furigana_value, time_stamp, translation, "value") VALUES (110, 'おんびん', '2020-04-18 00:11:01', 'Amiable, amical, paisiblement', '穏便');
INSERT INTO word (id, furigana_value, time_stamp, translation, "value") VALUES (112, 'きちょうひん', '2020-04-18 00:20:24', 'Objets de valeur', '貴重品');
INSERT INTO word (id, furigana_value, time_stamp, translation, "value") VALUES (116, 'ようきゅう', '2020-04-18 00:27:39', 'Demande, requête', '要求');
INSERT INTO word (id, furigana_value, time_stamp, translation, "value") VALUES (119, 'そうじ', '2020-04-18 00:30:35', 'Nettoyage, ménage', '掃除');
INSERT INTO word (id, furigana_value, time_stamp, translation, "value") VALUES (122, 'おんせん', '2020-04-18 17:28:25', 'Source chaude, thermale', '温泉');
INSERT INTO word (id, furigana_value, time_stamp, translation, "value") VALUES (125, 'ふにおちん', '2020-04-18 22:58:45', 'Ne pas digérer', '腑に落ちん');
INSERT INTO word (id, furigana_value, time_stamp, translation, "value") VALUES (128, 'とうか', '2020-04-18 23:49:57', 'équivalent', '等価');
INSERT INTO word (id, furigana_value, time_stamp, translation, "value") VALUES (131, 'すりかえる', '2020-04-18 23:59:51', 'Substituer', 'すり替える');
INSERT INTO word (id, furigana_value, time_stamp, translation, "value") VALUES (133, 'でんじゅ', '2020-04-19 00:02:58', 'Initiation, enseignement', '伝授');
INSERT INTO word (id, furigana_value, time_stamp, translation, "value") VALUES (135, 'なっとくする', '2020-04-19 22:55:36', 'être d''accord', '納得する');
INSERT INTO word (id, furigana_value, time_stamp, translation, "value") VALUES (138, 'きょうはん', '2020-04-19 22:56:39', 'Complice', '共犯');
INSERT INTO word (id, furigana_value, time_stamp, translation, "value") VALUES (141, 'きたい', '2020-04-19 23:07:13', 'Attentes (expectations)', '期待');
INSERT INTO word (id, furigana_value, time_stamp, translation, "value") VALUES (144, 'このたび', '2020-04-19 23:10:39', 'Cette fois', 'この度');
INSERT INTO word (id, furigana_value, time_stamp, translation, "value") VALUES (146, 'ほりおこす', '2020-04-19 23:41:28', 'Déterrer, creuser', '掘り起こす ');
INSERT INTO word (id, furigana_value, time_stamp, translation, "value") VALUES (149, 'めんどう', '2020-04-19 23:42:44', 'Gêne, trouble', '面倒');
INSERT INTO word (id, furigana_value, time_stamp, translation, "value") VALUES (152, 'ころがってる', '2020-04-19 23:56:39', 'Rouler sur le sol', '転がってる');
INSERT INTO word (id, furigana_value, time_stamp, translation, "value") VALUES (154, 'みょうちょう', '2020-04-21 23:55:37', 'Demain matin', '明朝');
INSERT INTO word (id, furigana_value, time_stamp, translation, "value") VALUES (155, 'しゅうごう', '2020-04-21 23:57:31', 'Ensemble, rassemblement', '集合');
INSERT INTO word (id, furigana_value, time_stamp, translation, "value") VALUES (157, 'よくじつ', '2020-04-22 00:09:03', 'Le jour suivant', '翌日');
INSERT INTO word (id, furigana_value, time_stamp, translation, "value") VALUES (160, 'こんせき', '2020-04-22 00:23:02', 'Trace', '痕跡');
INSERT INTO word (id, furigana_value, time_stamp, translation, "value") VALUES (163, 'みのがす', '2020-04-22 00:34:14', 'Manquer (louper)', '見逃す');
INSERT INTO word (id, furigana_value, time_stamp, translation, "value") VALUES (166, 'ゆうり', '2020-04-25 23:06:37', 'Avantageux, profitable', '有利');
INSERT INTO word (id, furigana_value, time_stamp, translation, "value") VALUES (169, 'しゅび', '2020-04-25 23:18:30', 'Du début à la fin', '首尾');
INSERT INTO word (id, furigana_value, time_stamp, translation, "value") VALUES (172, 'どうわ', '2020-04-25 23:25:18', 'Conte de fées, pour enfants', '童話');
INSERT INTO word (id, furigana_value, time_stamp, translation, "value") VALUES (175, 'しんどう', '2020-04-26 00:04:18', 'Ocillation, vibration', '振動');
INSERT INTO word (id, furigana_value, time_stamp, translation, "value") VALUES (178, 'かんしやく', '2020-04-26 00:17:14', 'Moniteur, superviseur', '監視役');
INSERT INTO word (id, furigana_value, time_stamp, translation, "value") VALUES (182, 'どきょう', '2020-04-26 21:32:48', 'Courage', '度胸');
INSERT INTO word (id, furigana_value, time_stamp, translation, "value") VALUES (184, 'ていぎ', '2020-04-26 21:57:23', 'Définition', '定義');
INSERT INTO word (id, furigana_value, time_stamp, translation, "value") VALUES (187, 'くちあたり', '2020-04-27 22:56:16', 'Le goût', '口当たり');
INSERT INTO word (id, furigana_value, time_stamp, translation, "value") VALUES (190, 'こい', '2020-04-27 23:04:38', 'Riche, profond, prononcé', '濃い');
INSERT INTO word (id, furigana_value, time_stamp, translation, "value") VALUES (192, 'じゅぎょう', '2021-11-17 21:59:38', 'Cours (classe)', '授業');

--
-- TOC entry 3340 (class 0 OID 16593)
-- Dependencies: 216
-- Data for Name: word_kanji; Type: TABLE DATA; Schema: public; Owner: -
--

INSERT INTO word_kanji (word_id, kanji_id) VALUES (42, 30);
INSERT INTO word_kanji (word_id, kanji_id) VALUES (42, 31);
INSERT INTO word_kanji (word_id, kanji_id) VALUES (42, 32);
INSERT INTO word_kanji (word_id, kanji_id) VALUES (43, 24);
INSERT INTO word_kanji (word_id, kanji_id) VALUES (43, 25);
INSERT INTO word_kanji (word_id, kanji_id) VALUES (44, 45);
INSERT INTO word_kanji (word_id, kanji_id) VALUES (44, 46);
INSERT INTO word_kanji (word_id, kanji_id) VALUES (47, 48);
INSERT INTO word_kanji (word_id, kanji_id) VALUES (47, 49);
INSERT INTO word_kanji (word_id, kanji_id) VALUES (50, 51);
INSERT INTO word_kanji (word_id, kanji_id) VALUES (50, 52);
INSERT INTO word_kanji (word_id, kanji_id) VALUES (50, 53);
INSERT INTO word_kanji (word_id, kanji_id) VALUES (50, 54);
INSERT INTO word_kanji (word_id, kanji_id) VALUES (55, 56);
INSERT INTO word_kanji (word_id, kanji_id) VALUES (55, 57);
INSERT INTO word_kanji (word_id, kanji_id) VALUES (58, 59);
INSERT INTO word_kanji (word_id, kanji_id) VALUES (58, 60);
INSERT INTO word_kanji (word_id, kanji_id) VALUES (61, 62);
INSERT INTO word_kanji (word_id, kanji_id) VALUES (61, 63);
INSERT INTO word_kanji (word_id, kanji_id) VALUES (64, 65);
INSERT INTO word_kanji (word_id, kanji_id) VALUES (66, 67);
INSERT INTO word_kanji (word_id, kanji_id) VALUES (66, 68);
INSERT INTO word_kanji (word_id, kanji_id) VALUES (69, 70);
INSERT INTO word_kanji (word_id, kanji_id) VALUES (69, 71);
INSERT INTO word_kanji (word_id, kanji_id) VALUES (69, 72);
INSERT INTO word_kanji (word_id, kanji_id) VALUES (69, 73);
INSERT INTO word_kanji (word_id, kanji_id) VALUES (74, 75);
INSERT INTO word_kanji (word_id, kanji_id) VALUES (74, 76);
INSERT INTO word_kanji (word_id, kanji_id) VALUES (77, 78);
INSERT INTO word_kanji (word_id, kanji_id) VALUES (77, 79);
INSERT INTO word_kanji (word_id, kanji_id) VALUES (80, 81);
INSERT INTO word_kanji (word_id, kanji_id) VALUES (80, 82);
INSERT INTO word_kanji (word_id, kanji_id) VALUES (83, 45);
INSERT INTO word_kanji (word_id, kanji_id) VALUES (83, 84);
INSERT INTO word_kanji (word_id, kanji_id) VALUES (85, 86);
INSERT INTO word_kanji (word_id, kanji_id) VALUES (85, 87);
INSERT INTO word_kanji (word_id, kanji_id) VALUES (88, 89);
INSERT INTO word_kanji (word_id, kanji_id) VALUES (88, 90);
INSERT INTO word_kanji (word_id, kanji_id) VALUES (91, 92);
INSERT INTO word_kanji (word_id, kanji_id) VALUES (91, 93);
INSERT INTO word_kanji (word_id, kanji_id) VALUES (91, 51);
INSERT INTO word_kanji (word_id, kanji_id) VALUES (94, 95);
INSERT INTO word_kanji (word_id, kanji_id) VALUES (94, 96);
INSERT INTO word_kanji (word_id, kanji_id) VALUES (97, 98);
INSERT INTO word_kanji (word_id, kanji_id) VALUES (97, 99);
INSERT INTO word_kanji (word_id, kanji_id) VALUES (100, 101);
INSERT INTO word_kanji (word_id, kanji_id) VALUES (100, 102);
INSERT INTO word_kanji (word_id, kanji_id) VALUES (103, 104);
INSERT INTO word_kanji (word_id, kanji_id) VALUES (103, 105);
INSERT INTO word_kanji (word_id, kanji_id) VALUES (106, 104);
INSERT INTO word_kanji (word_id, kanji_id) VALUES (106, 107);
INSERT INTO word_kanji (word_id, kanji_id) VALUES (108, 109);
INSERT INTO word_kanji (word_id, kanji_id) VALUES (108, 11);
INSERT INTO word_kanji (word_id, kanji_id) VALUES (110, 111);
INSERT INTO word_kanji (word_id, kanji_id) VALUES (110, 31);
INSERT INTO word_kanji (word_id, kanji_id) VALUES (112, 113);
INSERT INTO word_kanji (word_id, kanji_id) VALUES (112, 114);
INSERT INTO word_kanji (word_id, kanji_id) VALUES (112, 115);
INSERT INTO word_kanji (word_id, kanji_id) VALUES (116, 117);
INSERT INTO word_kanji (word_id, kanji_id) VALUES (116, 118);
INSERT INTO word_kanji (word_id, kanji_id) VALUES (119, 120);
INSERT INTO word_kanji (word_id, kanji_id) VALUES (119, 121);
INSERT INTO word_kanji (word_id, kanji_id) VALUES (122, 123);
INSERT INTO word_kanji (word_id, kanji_id) VALUES (122, 124);
INSERT INTO word_kanji (word_id, kanji_id) VALUES (125, 126);
INSERT INTO word_kanji (word_id, kanji_id) VALUES (125, 127);
INSERT INTO word_kanji (word_id, kanji_id) VALUES (128, 129);
INSERT INTO word_kanji (word_id, kanji_id) VALUES (128, 130);
INSERT INTO word_kanji (word_id, kanji_id) VALUES (131, 132);
INSERT INTO word_kanji (word_id, kanji_id) VALUES (133, 78);
INSERT INTO word_kanji (word_id, kanji_id) VALUES (133, 134);
INSERT INTO word_kanji (word_id, kanji_id) VALUES (135, 136);
INSERT INTO word_kanji (word_id, kanji_id) VALUES (135, 137);
INSERT INTO word_kanji (word_id, kanji_id) VALUES (138, 139);
INSERT INTO word_kanji (word_id, kanji_id) VALUES (138, 140);
INSERT INTO word_kanji (word_id, kanji_id) VALUES (141, 142);
INSERT INTO word_kanji (word_id, kanji_id) VALUES (141, 143);
INSERT INTO word_kanji (word_id, kanji_id) VALUES (144, 145);
INSERT INTO word_kanji (word_id, kanji_id) VALUES (146, 147);
INSERT INTO word_kanji (word_id, kanji_id) VALUES (146, 148);
INSERT INTO word_kanji (word_id, kanji_id) VALUES (149, 150);
INSERT INTO word_kanji (word_id, kanji_id) VALUES (149, 151);
INSERT INTO word_kanji (word_id, kanji_id) VALUES (152, 153);
INSERT INTO word_kanji (word_id, kanji_id) VALUES (154, 107);
INSERT INTO word_kanji (word_id, kanji_id) VALUES (154, 19);
INSERT INTO word_kanji (word_id, kanji_id) VALUES (155, 156);
INSERT INTO word_kanji (word_id, kanji_id) VALUES (155, 72);
INSERT INTO word_kanji (word_id, kanji_id) VALUES (157, 158);
INSERT INTO word_kanji (word_id, kanji_id) VALUES (157, 159);
INSERT INTO word_kanji (word_id, kanji_id) VALUES (160, 161);
INSERT INTO word_kanji (word_id, kanji_id) VALUES (160, 162);
INSERT INTO word_kanji (word_id, kanji_id) VALUES (163, 164);
INSERT INTO word_kanji (word_id, kanji_id) VALUES (163, 165);
INSERT INTO word_kanji (word_id, kanji_id) VALUES (166, 167);
INSERT INTO word_kanji (word_id, kanji_id) VALUES (166, 168);
INSERT INTO word_kanji (word_id, kanji_id) VALUES (169, 170);
INSERT INTO word_kanji (word_id, kanji_id) VALUES (169, 171);
INSERT INTO word_kanji (word_id, kanji_id) VALUES (172, 173);
INSERT INTO word_kanji (word_id, kanji_id) VALUES (172, 174);
INSERT INTO word_kanji (word_id, kanji_id) VALUES (175, 176);
INSERT INTO word_kanji (word_id, kanji_id) VALUES (175, 177);
INSERT INTO word_kanji (word_id, kanji_id) VALUES (178, 179);
INSERT INTO word_kanji (word_id, kanji_id) VALUES (178, 180);
INSERT INTO word_kanji (word_id, kanji_id) VALUES (178, 181);
INSERT INTO word_kanji (word_id, kanji_id) VALUES (182, 145);
INSERT INTO word_kanji (word_id, kanji_id) VALUES (182, 183);
INSERT INTO word_kanji (word_id, kanji_id) VALUES (184, 185);
INSERT INTO word_kanji (word_id, kanji_id) VALUES (184, 186);
INSERT INTO word_kanji (word_id, kanji_id) VALUES (187, 188);
INSERT INTO word_kanji (word_id, kanji_id) VALUES (187, 189);
INSERT INTO word_kanji (word_id, kanji_id) VALUES (190, 191);
INSERT INTO word_kanji (word_id, kanji_id) VALUES (192, 134);
INSERT INTO word_kanji (word_id, kanji_id) VALUES (192, 193);

